timestamp_utc,Round,Client,GasUsed
2026-02-28T21:44:49Z,1,Hospital_2,121138
2026-02-28T21:44:49Z,1,Hospital_3,138238
2026-02-28T21:45:21Z,2,Hospital_2,121126
2026-02-28T21:45:21Z,2,Hospital_3,121126
2026-02-28T21:45:21Z,2,Hospital_1,138238
2026-02-28T21:45:21Z,2,Hospital_4,121138
2026-02-28T21:45:21Z,2,Hospital_5,121138
2026-02-28T21:45:55Z,3,Hospital_2,121138
2026-02-28T21:45:55Z,3,Hospital_1,138238
2026-02-28T21:45:55Z,3,Hospital_3,121138
2026-02-28T21:45:55Z,3,Hospital_4,121138
2026-02-28T21:45:55Z,3,Hospital_5,121138
2026-02-28T21:46:40Z,4,Hospital_3,121138
2026-02-28T21:46:40Z,4,Hospital_5,121138
2026-02-28T21:46:40Z,4,Hospital_4,121138
2026-02-28T21:46:40Z,4,Hospital_1,121138
2026-02-28T21:46:40Z,4,Hospital_2,138238
2026-02-28T21:47:15Z,5,Hospital_2,138238
2026-02-28T21:47:15Z,5,Hospital_1,121138
2026-02-28T21:47:15Z,5,Hospital_3,121138
2026-02-28T21:47:15Z,5,Hospital_5,121138
2026-02-28T21:47:15Z,5,Hospital_4,121138
2026-02-28T21:47:50Z,6,Hospital_4,121138
2026-02-28T21:47:50Z,6,Hospital_3,121138
2026-02-28T21:47:50Z,6,Hospital_5,121138
2026-02-28T21:47:50Z,6,Hospital_1,138238
2026-02-28T21:47:50Z,6,Hospital_2,121138
2026-02-28T21:48:24Z,7,Hospital_4,121126
2026-02-28T21:48:24Z,7,Hospital_5,121138
2026-02-28T21:48:24Z,7,Hospital_1,138238
2026-02-28T21:48:24Z,7,Hospital_2,121138
2026-02-28T21:48:24Z,7,Hospital_3,121138
2026-02-28T21:48:58Z,8,Hospital_5,121138
2026-02-28T21:48:58Z,8,Hospital_1,138238
2026-02-28T21:48:58Z,8,Hospital_4,121138
2026-02-28T21:48:58Z,8,Hospital_3,121138
2026-02-28T21:48:58Z,8,Hospital_2,121138
2026-02-28T21:49:32Z,9,Hospital_2,121138
2026-02-28T21:49:32Z,9,Hospital_4,121138
2026-02-28T21:49:32Z,9,Hospital_3,121138
2026-02-28T21:49:32Z,9,Hospital_1,138238
2026-02-28T21:49:32Z,9,Hospital_5,121138
2026-02-28T21:50:06Z,10,Hospital_5,138238
2026-02-28T21:50:06Z,10,Hospital_2,121138
2026-02-28T21:50:06Z,10,Hospital_4,121138
2026-02-28T21:50:06Z,10,Hospital_3,121138
2026-02-28T21:50:06Z,10,Hospital_1,121138
2026-02-28T21:50:40Z,11,Hospital_5,121138
2026-02-28T21:50:40Z,11,Hospital_3,121138
2026-02-28T21:50:40Z,11,Hospital_1,121126
2026-02-28T21:50:40Z,11,Hospital_4,121126
2026-02-28T21:50:40Z,11,Hospital_2,138238
2026-02-28T21:51:14Z,12,Hospital_3,121138
2026-02-28T21:51:14Z,12,Hospital_1,138238
2026-02-28T21:51:14Z,12,Hospital_2,121138
2026-02-28T21:51:14Z,12,Hospital_5,121138
2026-02-28T21:51:14Z,12,Hospital_4,121138
2026-02-28T21:51:50Z,13,Hospital_3,121138
2026-02-28T21:51:50Z,13,Hospital_4,121138
2026-02-28T21:51:50Z,13,Hospital_5,121126
2026-02-28T21:51:50Z,13,Hospital_1,138238
2026-02-28T21:51:50Z,13,Hospital_2,121138
2026-02-28T21:52:23Z,14,Hospital_5,121138
2026-02-28T21:52:23Z,14,Hospital_4,121126
2026-02-28T21:52:23Z,14,Hospital_2,121138
2026-02-28T21:52:23Z,14,Hospital_3,121138
2026-02-28T21:52:23Z,14,Hospital_1,138238
2026-02-28T21:52:55Z,15,Hospital_4,121138
2026-02-28T21:52:55Z,15,Hospital_5,121138
2026-02-28T21:52:55Z,15,Hospital_1,138238
2026-02-28T21:52:55Z,15,Hospital_2,121138
2026-02-28T21:52:55Z,15,Hospital_3,121138
2026-02-28T21:53:27Z,16,Hospital_2,138238
2026-02-28T21:53:27Z,16,Hospital_4,121138
2026-02-28T21:53:27Z,16,Hospital_3,121138
2026-02-28T21:53:27Z,16,Hospital_5,121138
2026-02-28T21:53:27Z,16,Hospital_1,121138
2026-02-28T21:53:59Z,17,Hospital_3,121138
2026-02-28T21:53:59Z,17,Hospital_5,121138
2026-02-28T21:53:59Z,17,Hospital_2,121138
2026-02-28T21:53:59Z,17,Hospital_4,121138
2026-02-28T21:53:59Z,17,Hospital_1,138238
2026-02-28T21:54:31Z,18,Hospital_1,138238
2026-02-28T21:54:31Z,18,Hospital_3,121138
2026-02-28T21:54:31Z,18,Hospital_4,121138
2026-02-28T21:54:31Z,18,Hospital_2,121138
2026-02-28T21:54:31Z,18,Hospital_5,121138
2026-02-28T21:55:03Z,19,Hospital_5,121138
2026-02-28T21:55:03Z,19,Hospital_2,121138
2026-02-28T21:55:03Z,19,Hospital_4,121138
2026-02-28T21:55:03Z,19,Hospital_3,121138
2026-02-28T21:55:03Z,19,Hospital_1,138238
2026-02-28T21:55:35Z,20,Hospital_5,121114
2026-02-28T21:55:35Z,20,Hospital_4,121138
2026-02-28T21:55:35Z,20,Hospital_1,121138
2026-02-28T21:55:35Z,20,Hospital_3,121138
2026-02-28T21:55:35Z,20,Hospital_2,138238
2026-02-28T21:56:07Z,21,Hospital_4,121138
2026-02-28T21:56:07Z,21,Hospital_3,121138
2026-02-28T21:56:07Z,21,Hospital_1,121126
2026-02-28T21:56:07Z,21,Hospital_5,121138
2026-02-28T21:56:07Z,21,Hospital_2,138238
2026-02-28T21:56:41Z,22,Hospital_5,121138
2026-02-28T21:56:41Z,22,Hospital_3,121138
2026-02-28T21:56:41Z,22,Hospital_4,121138
2026-02-28T21:56:41Z,22,Hospital_2,121138
2026-02-28T21:56:41Z,22,Hospital_1,138238
2026-02-28T21:57:14Z,23,Hospital_2,121138
2026-02-28T21:57:14Z,23,Hospital_4,121138
2026-02-28T21:57:14Z,23,Hospital_1,138238
2026-02-28T21:57:14Z,23,Hospital_5,121138
2026-02-28T21:57:14Z,23,Hospital_3,121138
2026-02-28T21:57:47Z,24,Hospital_2,121138
2026-02-28T21:57:47Z,24,Hospital_4,121126
2026-02-28T21:57:47Z,24,Hospital_3,121126
2026-02-28T21:57:47Z,24,Hospital_5,121138
2026-02-28T21:57:47Z,24,Hospital_1,138238
2026-02-28T21:58:20Z,25,Hospital_1,138238
2026-02-28T21:58:20Z,25,Hospital_5,121138
2026-02-28T21:58:20Z,25,Hospital_2,121138
2026-02-28T21:58:20Z,25,Hospital_4,121138
2026-02-28T21:58:20Z,25,Hospital_3,121138
2026-02-28T21:58:52Z,26,Hospital_1,138238
2026-02-28T21:58:52Z,26,Hospital_5,121126
2026-02-28T21:58:52Z,26,Hospital_3,121138
2026-02-28T21:58:52Z,26,Hospital_4,121138
2026-02-28T21:58:52Z,26,Hospital_2,121138
2026-02-28T21:59:24Z,27,Hospital_3,121138
2026-02-28T21:59:24Z,27,Hospital_2,138238
2026-02-28T21:59:24Z,27,Hospital_1,121138
2026-02-28T21:59:24Z,27,Hospital_4,121138
2026-02-28T21:59:24Z,27,Hospital_5,121126
2026-02-28T21:59:56Z,28,Hospital_5,121138
2026-02-28T21:59:56Z,28,Hospital_3,121138
2026-02-28T21:59:56Z,28,Hospital_1,138238
2026-02-28T21:59:56Z,28,Hospital_4,121138
2026-02-28T21:59:56Z,28,Hospital_2,121138
2026-02-28T22:00:28Z,29,Hospital_3,121126
2026-02-28T22:00:28Z,29,Hospital_5,121138
2026-02-28T22:00:28Z,29,Hospital_4,121138
2026-02-28T22:00:28Z,29,Hospital_2,121126
2026-02-28T22:00:28Z,29,Hospital_1,138238
2026-02-28T22:01:00Z,30,Hospital_2,138238
2026-02-28T22:01:00Z,30,Hospital_1,121138
2026-02-28T22:01:00Z,30,Hospital_4,121138
2026-02-28T22:01:00Z,30,Hospital_5,121138
2026-02-28T22:01:00Z,30,Hospital_3,121138
2026-02-28T22:01:30Z,1,Hospital_3,138250
2026-02-28T22:01:30Z,1,Hospital_2,121150
2026-02-28T22:02:03Z,2,Hospital_5,121138
2026-02-28T22:02:03Z,2,Hospital_3,121150
2026-02-28T22:02:03Z,2,Hospital_1,138238
2026-02-28T22:02:03Z,2,Hospital_2,121150
2026-02-28T22:02:03Z,2,Hospital_4,121150
2026-02-28T22:02:36Z,3,Hospital_2,138250
2026-02-28T22:02:36Z,3,Hospital_4,121150
2026-02-28T22:02:36Z,3,Hospital_3,121150
2026-02-28T22:02:36Z,3,Hospital_1,121150
2026-02-28T22:02:36Z,3,Hospital_5,121150
2026-02-28T22:03:10Z,4,Hospital_1,138250
2026-02-28T22:03:10Z,4,Hospital_5,121150
2026-02-28T22:03:10Z,4,Hospital_2,121150
2026-02-28T22:03:10Z,4,Hospital_3,121150
2026-02-28T22:03:10Z,4,Hospital_4,121150
2026-02-28T22:03:43Z,5,Hospital_5,121150
2026-02-28T22:03:43Z,5,Hospital_3,121138
2026-02-28T22:03:43Z,5,Hospital_4,121150
2026-02-28T22:03:43Z,5,Hospital_1,121150
2026-02-28T22:03:43Z,5,Hospital_2,138250
2026-02-28T22:04:18Z,6,Hospital_3,121150
2026-02-28T22:04:18Z,6,Hospital_1,121150
2026-02-28T22:04:18Z,6,Hospital_2,138238
2026-02-28T22:04:18Z,6,Hospital_4,121150
2026-02-28T22:04:18Z,6,Hospital_5,121150
2026-02-28T22:04:51Z,7,Hospital_5,121150
2026-02-28T22:04:51Z,7,Hospital_1,138250
2026-02-28T22:04:51Z,7,Hospital_2,121150
2026-02-28T22:04:51Z,7,Hospital_4,121150
2026-02-28T22:04:51Z,7,Hospital_3,121150
2026-02-28T22:05:23Z,8,Hospital_1,121150
2026-02-28T22:05:23Z,8,Hospital_3,121150
2026-02-28T22:05:23Z,8,Hospital_4,121150
2026-02-28T22:05:23Z,8,Hospital_2,138250
2026-02-28T22:05:23Z,8,Hospital_5,121150
2026-02-28T22:05:56Z,9,Hospital_1,121150
2026-02-28T22:05:56Z,9,Hospital_4,121150
2026-02-28T22:05:56Z,9,Hospital_5,121150
2026-02-28T22:05:56Z,9,Hospital_3,121150
2026-02-28T22:05:56Z,9,Hospital_2,138238
2026-02-28T22:06:28Z,10,Hospital_3,121150
2026-02-28T22:06:28Z,10,Hospital_4,121150
2026-02-28T22:06:28Z,10,Hospital_5,121138
2026-02-28T22:06:28Z,10,Hospital_1,121150
2026-02-28T22:06:28Z,10,Hospital_2,138250
2026-02-28T22:07:00Z,11,Hospital_4,121150
2026-02-28T22:07:00Z,11,Hospital_5,121150
2026-02-28T22:07:00Z,11,Hospital_3,121150
2026-02-28T22:07:00Z,11,Hospital_1,138238
2026-02-28T22:07:00Z,11,Hospital_2,121150
2026-02-28T22:07:34Z,12,Hospital_1,121138
2026-02-28T22:07:34Z,12,Hospital_5,121150
2026-02-28T22:07:34Z,12,Hospital_3,121150
2026-02-28T22:07:34Z,12,Hospital_4,121150
2026-02-28T22:07:34Z,12,Hospital_2,138238
2026-02-28T22:08:06Z,13,Hospital_3,121150
2026-02-28T22:08:06Z,13,Hospital_2,138250
2026-02-28T22:08:06Z,13,Hospital_5,121150
2026-02-28T22:08:06Z,13,Hospital_1,121150
2026-02-28T22:08:06Z,13,Hospital_4,121138
2026-02-28T22:08:40Z,14,Hospital_2,138250
2026-02-28T22:08:40Z,14,Hospital_4,121150
2026-02-28T22:08:40Z,14,Hospital_1,121150
2026-02-28T22:08:40Z,14,Hospital_3,121150
2026-02-28T22:08:40Z,14,Hospital_5,121150
2026-02-28T22:09:12Z,15,Hospital_3,121150
2026-02-28T22:09:12Z,15,Hospital_2,121150
2026-02-28T22:09:12Z,15,Hospital_5,121150
2026-02-28T22:09:12Z,15,Hospital_1,138250
2026-02-28T22:09:12Z,15,Hospital_4,121150
2026-02-28T22:09:45Z,16,Hospital_1,121150
2026-02-28T22:09:45Z,16,Hospital_4,121150
2026-02-28T22:09:45Z,16,Hospital_2,138250
2026-02-28T22:09:45Z,16,Hospital_3,121150
2026-02-28T22:09:45Z,16,Hospital_5,121150
2026-02-28T22:10:18Z,17,Hospital_1,121150
2026-02-28T22:10:18Z,17,Hospital_4,121138
2026-02-28T22:10:18Z,17,Hospital_3,121150
2026-02-28T22:10:18Z,17,Hospital_5,121150
2026-02-28T22:10:18Z,17,Hospital_2,138250
2026-02-28T22:10:50Z,18,Hospital_5,121150
2026-02-28T22:10:50Z,18,Hospital_3,121150
2026-02-28T22:10:50Z,18,Hospital_4,121150
2026-02-28T22:10:50Z,18,Hospital_1,138250
2026-02-28T22:10:50Z,18,Hospital_2,121138
2026-02-28T22:11:21Z,19,Hospital_5,121150
2026-02-28T22:11:21Z,19,Hospital_1,138250
2026-02-28T22:11:21Z,19,Hospital_2,121150
2026-02-28T22:11:21Z,19,Hospital_4,121150
2026-02-28T22:11:21Z,19,Hospital_3,121150
2026-02-28T22:11:53Z,20,Hospital_5,121138
2026-02-28T22:11:53Z,20,Hospital_1,121150
2026-02-28T22:11:53Z,20,Hospital_3,121138
2026-02-28T22:11:53Z,20,Hospital_4,121150
2026-02-28T22:11:53Z,20,Hospital_2,138250
2026-02-28T22:12:26Z,21,Hospital_5,121150
2026-02-28T22:12:26Z,21,Hospital_1,121150
2026-02-28T22:12:26Z,21,Hospital_4,121150
2026-02-28T22:12:26Z,21,Hospital_2,138250
2026-02-28T22:12:26Z,21,Hospital_3,121150
2026-02-28T22:12:59Z,22,Hospital_4,121150
2026-02-28T22:12:59Z,22,Hospital_1,121150
2026-02-28T22:12:59Z,22,Hospital_2,138250
2026-02-28T22:12:59Z,22,Hospital_5,121150
2026-02-28T22:12:59Z,22,Hospital_3,121150
2026-02-28T22:13:34Z,23,Hospital_2,121150
2026-02-28T22:13:34Z,23,Hospital_1,138250
2026-02-28T22:13:34Z,23,Hospital_4,121150
2026-02-28T22:13:34Z,23,Hospital_5,121150
2026-02-28T22:13:34Z,23,Hospital_3,121150
2026-02-28T22:14:07Z,24,Hospital_2,138250
2026-02-28T22:14:07Z,24,Hospital_1,121150
2026-02-28T22:14:07Z,24,Hospital_4,121138
2026-02-28T22:14:07Z,24,Hospital_5,121150
2026-02-28T22:14:07Z,24,Hospital_3,121150
2026-02-28T22:14:41Z,25,Hospital_1,138250
2026-02-28T22:14:41Z,25,Hospital_5,121150
2026-02-28T22:14:41Z,25,Hospital_2,121150
2026-02-28T22:14:41Z,25,Hospital_4,121150
2026-02-28T22:14:41Z,25,Hospital_3,121150
2026-02-28T22:15:13Z,26,Hospital_5,121150
2026-02-28T22:15:13Z,26,Hospital_1,121150
2026-02-28T22:15:13Z,26,Hospital_4,121150
2026-02-28T22:15:13Z,26,Hospital_2,138250
2026-02-28T22:15:13Z,26,Hospital_3,121150
2026-02-28T22:15:44Z,27,Hospital_4,121150
2026-02-28T22:15:44Z,27,Hospital_2,121150
2026-02-28T22:15:44Z,27,Hospital_3,121150
2026-02-28T22:15:44Z,27,Hospital_5,121150
2026-02-28T22:15:44Z,27,Hospital_1,138250
2026-02-28T22:16:17Z,28,Hospital_2,138250
2026-02-28T22:16:17Z,28,Hospital_3,121150
2026-02-28T22:16:17Z,28,Hospital_5,121150
2026-02-28T22:16:17Z,28,Hospital_4,121150
2026-02-28T22:16:17Z,28,Hospital_1,121150
2026-02-28T22:16:50Z,29,Hospital_1,121150
2026-02-28T22:16:50Z,29,Hospital_5,121150
2026-02-28T22:16:50Z,29,Hospital_3,121150
2026-02-28T22:16:50Z,29,Hospital_2,138226
2026-02-28T22:16:50Z,29,Hospital_4,121150
2026-02-28T22:17:23Z,30,Hospital_3,121150
2026-02-28T22:17:23Z,30,Hospital_4,121150
2026-02-28T22:17:23Z,30,Hospital_5,121150
2026-02-28T22:17:23Z,30,Hospital_2,138250
2026-02-28T22:17:23Z,30,Hospital_1,121150
2026-02-28T22:17:53Z,1,Hospital_3,138250
2026-02-28T22:17:53Z,1,Hospital_5,121150
2026-02-28T22:18:23Z,2,Hospital_1,121150
2026-02-28T22:18:23Z,2,Hospital_2,138250
2026-02-28T22:18:23Z,2,Hospital_3,121150
2026-02-28T22:18:23Z,2,Hospital_5,121150
2026-02-28T22:18:23Z,2,Hospital_4,121150
2026-02-28T22:18:52Z,3,Hospital_3,121138
2026-02-28T22:18:52Z,3,Hospital_2,138250
2026-02-28T22:18:52Z,3,Hospital_4,121150
2026-02-28T22:18:52Z,3,Hospital_1,121150
2026-02-28T22:18:52Z,3,Hospital_5,121150
2026-02-28T22:19:20Z,4,Hospital_3,121150
2026-02-28T22:19:20Z,4,Hospital_5,121150
2026-02-28T22:19:20Z,4,Hospital_2,138250
2026-02-28T22:19:20Z,4,Hospital_1,121150
2026-02-28T22:19:20Z,4,Hospital_4,121150
2026-02-28T22:19:49Z,5,Hospital_2,138226
2026-02-28T22:19:49Z,5,Hospital_5,121150
2026-02-28T22:19:49Z,5,Hospital_1,121150
2026-02-28T22:19:49Z,5,Hospital_4,121150
2026-02-28T22:19:49Z,5,Hospital_3,121150
2026-02-28T22:20:17Z,6,Hospital_5,121150
2026-02-28T22:20:17Z,6,Hospital_2,138238
2026-02-28T22:20:17Z,6,Hospital_4,121150
2026-02-28T22:20:17Z,6,Hospital_3,121150
2026-02-28T22:20:17Z,6,Hospital_1,121150
2026-02-28T22:20:46Z,7,Hospital_1,121150
2026-02-28T22:20:46Z,7,Hospital_3,121138
2026-02-28T22:20:46Z,7,Hospital_5,121150
2026-02-28T22:20:46Z,7,Hospital_2,138250
2026-02-28T22:20:46Z,7,Hospital_4,121150
2026-02-28T22:21:15Z,8,Hospital_2,138250
2026-02-28T22:21:15Z,8,Hospital_3,121138
2026-02-28T22:21:15Z,8,Hospital_1,121150
2026-02-28T22:21:15Z,8,Hospital_4,121150
2026-02-28T22:21:15Z,8,Hospital_5,121150
2026-02-28T22:21:44Z,9,Hospital_4,121150
2026-02-28T22:21:44Z,9,Hospital_1,121150
2026-02-28T22:21:44Z,9,Hospital_3,121150
2026-02-28T22:21:44Z,9,Hospital_2,138250
2026-02-28T22:21:44Z,9,Hospital_5,121150
2026-02-28T22:22:12Z,10,Hospital_2,138250
2026-02-28T22:22:12Z,10,Hospital_3,121150
2026-02-28T22:22:12Z,10,Hospital_5,121150
2026-02-28T22:22:12Z,10,Hospital_1,121150
2026-02-28T22:22:12Z,10,Hospital_4,121150
2026-02-28T22:22:40Z,11,Hospital_5,121150
2026-02-28T22:22:40Z,11,Hospital_3,121150
2026-02-28T22:22:40Z,11,Hospital_4,121150
2026-02-28T22:22:40Z,11,Hospital_1,121150
2026-02-28T22:22:40Z,11,Hospital_2,138250
2026-02-28T22:23:09Z,12,Hospital_1,121150
2026-02-28T22:23:09Z,12,Hospital_3,121150
2026-02-28T22:23:09Z,12,Hospital_2,138250
2026-02-28T22:23:09Z,12,Hospital_5,121150
2026-02-28T22:23:09Z,12,Hospital_4,121150
2026-02-28T22:23:37Z,13,Hospital_3,121150
2026-02-28T22:23:37Z,13,Hospital_1,121150
2026-02-28T22:23:37Z,13,Hospital_5,121150
2026-02-28T22:23:37Z,13,Hospital_2,138250
2026-02-28T22:23:37Z,13,Hospital_4,121150
2026-02-28T22:24:05Z,14,Hospital_4,121138
2026-02-28T22:24:05Z,14,Hospital_1,121138
2026-02-28T22:24:05Z,14,Hospital_3,121138
2026-02-28T22:24:05Z,14,Hospital_2,138250
2026-02-28T22:24:05Z,14,Hospital_5,121150
2026-02-28T22:24:34Z,15,Hospital_1,121150
2026-02-28T22:24:34Z,15,Hospital_4,121150
2026-02-28T22:24:34Z,15,Hospital_2,138250
2026-02-28T22:24:34Z,15,Hospital_3,121150
2026-02-28T22:24:34Z,15,Hospital_5,121150
2026-02-28T22:25:02Z,16,Hospital_4,121138
2026-02-28T22:25:02Z,16,Hospital_1,121150
2026-02-28T22:25:02Z,16,Hospital_3,121150
2026-02-28T22:25:02Z,16,Hospital_5,121150
2026-02-28T22:25:02Z,16,Hospital_2,138250
2026-02-28T22:25:29Z,17,Hospital_1,121150
2026-02-28T22:25:29Z,17,Hospital_5,121138
2026-02-28T22:25:29Z,17,Hospital_4,121150
2026-02-28T22:25:29Z,17,Hospital_3,121150
2026-02-28T22:25:29Z,17,Hospital_2,138238
2026-02-28T22:25:56Z,18,Hospital_2,138250
2026-02-28T22:25:56Z,18,Hospital_1,121138
2026-02-28T22:25:56Z,18,Hospital_5,121150
2026-02-28T22:25:56Z,18,Hospital_4,121138
2026-02-28T22:25:56Z,18,Hospital_3,121150
2026-02-28T22:26:26Z,19,Hospital_4,121150
2026-02-28T22:26:26Z,19,Hospital_1,121150
2026-02-28T22:26:26Z,19,Hospital_5,121150
2026-02-28T22:26:26Z,19,Hospital_2,138250
2026-02-28T22:26:26Z,19,Hospital_3,121138
2026-02-28T22:26:55Z,20,Hospital_2,138250
2026-02-28T22:26:55Z,20,Hospital_5,121150
2026-02-28T22:26:55Z,20,Hospital_1,121150
2026-02-28T22:26:55Z,20,Hospital_3,121138
2026-02-28T22:26:55Z,20,Hospital_4,121150
2026-02-28T22:27:24Z,21,Hospital_5,121150
2026-02-28T22:27:24Z,21,Hospital_4,121150
2026-02-28T22:27:24Z,21,Hospital_2,138250
2026-02-28T22:27:24Z,21,Hospital_1,121150
2026-02-28T22:27:24Z,21,Hospital_3,121150
2026-02-28T22:27:53Z,22,Hospital_2,138250
2026-02-28T22:27:53Z,22,Hospital_1,121150
2026-02-28T22:27:53Z,22,Hospital_3,121150
2026-02-28T22:27:53Z,22,Hospital_5,121150
2026-02-28T22:27:53Z,22,Hospital_4,121150
2026-02-28T22:28:22Z,23,Hospital_5,121150
2026-02-28T22:28:22Z,23,Hospital_2,138238
2026-02-28T22:28:22Z,23,Hospital_4,121138
2026-02-28T22:28:22Z,23,Hospital_3,121150
2026-02-28T22:28:22Z,23,Hospital_1,121150
2026-02-28T22:28:51Z,24,Hospital_2,138250
2026-02-28T22:28:51Z,24,Hospital_4,121150
2026-02-28T22:28:51Z,24,Hospital_1,121150
2026-02-28T22:28:51Z,24,Hospital_3,121138
2026-02-28T22:28:51Z,24,Hospital_5,121150
2026-02-28T22:29:20Z,25,Hospital_2,138250
2026-02-28T22:29:20Z,25,Hospital_1,121150
2026-02-28T22:29:20Z,25,Hospital_5,121150
2026-02-28T22:29:20Z,25,Hospital_3,121150
2026-02-28T22:29:20Z,25,Hospital_4,121150
2026-02-28T22:29:49Z,26,Hospital_1,121150
2026-02-28T22:29:49Z,26,Hospital_5,121150
2026-02-28T22:29:49Z,26,Hospital_4,121150
2026-02-28T22:29:49Z,26,Hospital_2,138250
2026-02-28T22:29:49Z,26,Hospital_3,121150
2026-02-28T22:30:18Z,27,Hospital_5,121150
2026-02-28T22:30:18Z,27,Hospital_1,121150
2026-02-28T22:30:18Z,27,Hospital_4,121150
2026-02-28T22:30:18Z,27,Hospital_2,138250
2026-02-28T22:30:18Z,27,Hospital_3,121150
2026-02-28T22:30:46Z,28,Hospital_1,121150
2026-02-28T22:30:46Z,28,Hospital_2,138250
2026-02-28T22:30:46Z,28,Hospital_4,121150
2026-02-28T22:30:46Z,28,Hospital_3,121150
2026-02-28T22:30:46Z,28,Hospital_5,121150
2026-02-28T22:31:16Z,29,Hospital_5,121150
2026-02-28T22:31:16Z,29,Hospital_2,138250
2026-02-28T22:31:16Z,29,Hospital_3,121150
2026-02-28T22:31:16Z,29,Hospital_1,121150
2026-02-28T22:31:16Z,29,Hospital_4,121150
2026-02-28T22:31:45Z,30,Hospital_1,121150
2026-02-28T22:31:45Z,30,Hospital_2,138250
2026-02-28T22:31:45Z,30,Hospital_3,121150
2026-02-28T22:31:45Z,30,Hospital_4,121150
2026-02-28T22:31:45Z,30,Hospital_5,121150
2026-02-28T22:32:15Z,1,Hospital_4,138250
2026-02-28T22:32:15Z,1,Hospital_3,121150
2026-02-28T22:32:45Z,2,Hospital_4,121150
2026-02-28T22:32:45Z,2,Hospital_5,121150
2026-02-28T22:32:45Z,2,Hospital_3,121150
2026-02-28T22:32:45Z,2,Hospital_1,121150
2026-02-28T22:32:45Z,2,Hospital_2,138250
2026-02-28T22:33:14Z,3,Hospital_3,121150
2026-02-28T22:33:14Z,3,Hospital_5,121150
2026-02-28T22:33:14Z,3,Hospital_2,138238
2026-02-28T22:33:14Z,3,Hospital_1,121150
2026-02-28T22:33:14Z,3,Hospital_4,121150
2026-02-28T22:33:43Z,4,Hospital_5,121150
2026-02-28T22:33:43Z,4,Hospital_1,121150
2026-02-28T22:33:43Z,4,Hospital_3,121150
2026-02-28T22:33:43Z,4,Hospital_2,138250
2026-02-28T22:33:43Z,4,Hospital_4,121150
2026-02-28T22:34:12Z,5,Hospital_4,121150
2026-02-28T22:34:12Z,5,Hospital_2,138250
2026-02-28T22:34:12Z,5,Hospital_3,121150
2026-02-28T22:34:12Z,5,Hospital_1,121150
2026-02-28T22:34:12Z,5,Hospital_5,121150
2026-02-28T22:34:40Z,6,Hospital_2,138250
2026-02-28T22:34:40Z,6,Hospital_1,121150
2026-02-28T22:34:40Z,6,Hospital_4,121150
2026-02-28T22:34:40Z,6,Hospital_5,121150
2026-02-28T22:34:40Z,6,Hospital_3,121150
2026-02-28T22:35:08Z,7,Hospital_5,121150
2026-02-28T22:35:08Z,7,Hospital_4,121138
2026-02-28T22:35:08Z,7,Hospital_1,121150
2026-02-28T22:35:08Z,7,Hospital_3,121150
2026-02-28T22:35:08Z,7,Hospital_2,138250
2026-02-28T22:35:37Z,8,Hospital_1,121150
2026-02-28T22:35:37Z,8,Hospital_2,138238
2026-02-28T22:35:37Z,8,Hospital_3,121150
2026-02-28T22:35:37Z,8,Hospital_5,121150
2026-02-28T22:35:37Z,8,Hospital_4,121138
2026-02-28T22:36:05Z,9,Hospital_3,121150
2026-02-28T22:36:05Z,9,Hospital_4,121150
2026-02-28T22:36:05Z,9,Hospital_5,121150
2026-02-28T22:36:05Z,9,Hospital_2,138250
2026-02-28T22:36:05Z,9,Hospital_1,121150
2026-02-28T22:36:35Z,10,Hospital_5,121150
2026-02-28T22:36:35Z,10,Hospital_3,121150
2026-02-28T22:36:35Z,10,Hospital_2,138250
2026-02-28T22:36:35Z,10,Hospital_4,121150
2026-02-28T22:36:35Z,10,Hospital_1,121150
2026-02-28T22:37:04Z,11,Hospital_5,121150
2026-02-28T22:37:04Z,11,Hospital_2,138250
2026-02-28T22:37:04Z,11,Hospital_1,121150
2026-02-28T22:37:04Z,11,Hospital_4,121150
2026-02-28T22:37:04Z,11,Hospital_3,121150
2026-02-28T22:37:33Z,12,Hospital_1,121150
2026-02-28T22:37:33Z,12,Hospital_2,138250
2026-02-28T22:37:33Z,12,Hospital_5,121138
2026-02-28T22:37:33Z,12,Hospital_3,121150
2026-02-28T22:37:33Z,12,Hospital_4,121150
2026-02-28T22:38:03Z,13,Hospital_4,121150
2026-02-28T22:38:03Z,13,Hospital_5,121150
2026-02-28T22:38:03Z,13,Hospital_3,121150
2026-02-28T22:38:03Z,13,Hospital_1,121150
2026-02-28T22:38:03Z,13,Hospital_2,138250
2026-02-28T22:38:32Z,14,Hospital_2,138250
2026-02-28T22:38:32Z,14,Hospital_5,121150
2026-02-28T22:38:32Z,14,Hospital_3,121150
2026-02-28T22:38:32Z,14,Hospital_1,121150
2026-02-28T22:38:32Z,14,Hospital_4,121150
2026-02-28T22:39:01Z,15,Hospital_1,121150
2026-02-28T22:39:01Z,15,Hospital_2,138238
2026-02-28T22:39:01Z,15,Hospital_5,121138
2026-02-28T22:39:01Z,15,Hospital_4,121150
2026-02-28T22:39:01Z,15,Hospital_3,121138
2026-02-28T22:39:30Z,16,Hospital_1,121150
2026-02-28T22:39:30Z,16,Hospital_5,121150
2026-02-28T22:39:30Z,16,Hospital_2,138250
2026-02-28T22:39:30Z,16,Hospital_4,121150
2026-02-28T22:39:30Z,16,Hospital_3,121150
2026-02-28T22:39:59Z,17,Hospital_2,138250
2026-02-28T22:39:59Z,17,Hospital_3,121150
2026-02-28T22:39:59Z,17,Hospital_5,121150
2026-02-28T22:39:59Z,17,Hospital_4,121150
2026-02-28T22:39:59Z,17,Hospital_1,121150
2026-02-28T22:40:29Z,18,Hospital_5,121150
2026-02-28T22:40:29Z,18,Hospital_2,138250
2026-02-28T22:40:29Z,18,Hospital_4,121150
2026-02-28T22:40:29Z,18,Hospital_1,121138
2026-02-28T22:40:29Z,18,Hospital_3,121138
2026-02-28T22:40:57Z,19,Hospital_5,121150
2026-02-28T22:40:57Z,19,Hospital_1,121150
2026-02-28T22:40:57Z,19,Hospital_4,121150
2026-02-28T22:40:57Z,19,Hospital_3,121150
2026-02-28T22:40:57Z,19,Hospital_2,138250
2026-02-28T22:41:26Z,20,Hospital_1,121150
2026-02-28T22:41:26Z,20,Hospital_2,138250
2026-02-28T22:41:26Z,20,Hospital_3,121150
2026-02-28T22:41:26Z,20,Hospital_4,121150
2026-02-28T22:41:26Z,20,Hospital_5,121150
2026-02-28T22:41:56Z,21,Hospital_1,121150
2026-02-28T22:41:56Z,21,Hospital_5,121150
2026-02-28T22:41:56Z,21,Hospital_2,138238
2026-02-28T22:41:56Z,21,Hospital_3,121150
2026-02-28T22:41:56Z,21,Hospital_4,121150
2026-02-28T22:42:24Z,22,Hospital_3,121150
2026-02-28T22:42:24Z,22,Hospital_4,121138
2026-02-28T22:42:24Z,22,Hospital_1,121150
2026-02-28T22:42:24Z,22,Hospital_5,121150
2026-02-28T22:42:24Z,22,Hospital_2,138250
2026-02-28T22:42:53Z,23,Hospital_4,121138
2026-02-28T22:42:53Z,23,Hospital_5,121150
2026-02-28T22:42:53Z,23,Hospital_3,121150
2026-02-28T22:42:53Z,23,Hospital_2,138250
2026-02-28T22:42:53Z,23,Hospital_1,121150
2026-02-28T22:43:22Z,24,Hospital_5,121150
2026-02-28T22:43:22Z,24,Hospital_3,121150
2026-02-28T22:43:22Z,24,Hospital_2,138250
2026-02-28T22:43:22Z,24,Hospital_4,121150
2026-02-28T22:43:22Z,24,Hospital_1,121150
2026-02-28T22:43:51Z,25,Hospital_2,138250
2026-02-28T22:43:51Z,25,Hospital_4,121150
2026-02-28T22:43:51Z,25,Hospital_5,121150
2026-02-28T22:43:51Z,25,Hospital_1,121150
2026-02-28T22:43:51Z,25,Hospital_3,121150
2026-02-28T22:44:20Z,26,Hospital_2,138250
2026-02-28T22:44:20Z,26,Hospital_5,121150
2026-02-28T22:44:20Z,26,Hospital_3,121150
2026-02-28T22:44:20Z,26,Hospital_1,121150
2026-02-28T22:44:20Z,26,Hospital_4,121138
2026-02-28T22:44:49Z,27,Hospital_2,138250
2026-02-28T22:44:49Z,27,Hospital_1,121150
2026-02-28T22:44:49Z,27,Hospital_5,121150
2026-02-28T22:44:49Z,27,Hospital_4,121150
2026-02-28T22:44:49Z,27,Hospital_3,121150
2026-02-28T22:45:18Z,28,Hospital_2,138250
2026-02-28T22:45:18Z,28,Hospital_4,121150
2026-02-28T22:45:18Z,28,Hospital_1,121150
2026-02-28T22:45:18Z,28,Hospital_5,121150
2026-02-28T22:45:18Z,28,Hospital_3,121150
2026-02-28T22:45:50Z,29,Hospital_1,121150
2026-02-28T22:45:50Z,29,Hospital_4,121150
2026-02-28T22:45:50Z,29,Hospital_2,138250
2026-02-28T22:45:50Z,29,Hospital_3,121138
2026-02-28T22:45:50Z,29,Hospital_5,121150
2026-02-28T22:46:21Z,30,Hospital_3,121126
2026-02-28T22:46:21Z,30,Hospital_1,121150
2026-02-28T22:46:21Z,30,Hospital_4,121150
2026-02-28T22:46:21Z,30,Hospital_5,121150
2026-02-28T22:46:21Z,30,Hospital_2,138250
2026-02-28T22:46:52Z,1,Hospital_2,121138
2026-02-28T22:46:52Z,1,Hospital_4,138250
2026-02-28T22:47:27Z,2,Hospital_5,121150
2026-02-28T22:47:27Z,2,Hospital_1,121150
2026-02-28T22:47:27Z,2,Hospital_4,121150
2026-02-28T22:47:27Z,2,Hospital_3,121150
2026-02-28T22:47:27Z,2,Hospital_2,138250
2026-02-28T22:48:02Z,3,Hospital_3,121150
2026-02-28T22:48:02Z,3,Hospital_2,138250
2026-02-28T22:48:02Z,3,Hospital_4,121150
2026-02-28T22:48:02Z,3,Hospital_5,121150
2026-02-28T22:48:02Z,3,Hospital_1,121150
2026-02-28T22:48:37Z,4,Hospital_3,121150
2026-02-28T22:48:37Z,4,Hospital_5,121150
2026-02-28T22:48:37Z,4,Hospital_4,121150
2026-02-28T22:48:37Z,4,Hospital_1,138250
2026-02-28T22:48:37Z,4,Hospital_2,121150
2026-02-28T22:49:13Z,5,Hospital_1,138250
2026-02-28T22:49:13Z,5,Hospital_5,121150
2026-02-28T22:49:13Z,5,Hospital_2,121150
2026-02-28T22:49:13Z,5,Hospital_3,121150
2026-02-28T22:49:13Z,5,Hospital_4,121150
2026-02-28T22:49:48Z,6,Hospital_1,138250
2026-02-28T22:49:48Z,6,Hospital_3,121150
2026-02-28T22:49:48Z,6,Hospital_2,121150
2026-02-28T22:49:48Z,6,Hospital_5,121150
2026-02-28T22:49:48Z,6,Hospital_4,121150
2026-02-28T22:50:23Z,7,Hospital_3,121150
2026-02-28T22:50:23Z,7,Hospital_4,121150
2026-02-28T22:50:23Z,7,Hospital_1,121150
2026-02-28T22:50:23Z,7,Hospital_5,121150
2026-02-28T22:50:23Z,7,Hospital_2,138250
2026-02-28T22:50:58Z,8,Hospital_1,121150
2026-02-28T22:50:58Z,8,Hospital_2,138250
2026-02-28T22:50:58Z,8,Hospital_5,121150
2026-02-28T22:50:58Z,8,Hospital_4,121150
2026-02-28T22:50:58Z,8,Hospital_3,121150
2026-02-28T22:51:33Z,9,Hospital_5,121150
2026-02-28T22:51:33Z,9,Hospital_1,138250
2026-02-28T22:51:33Z,9,Hospital_4,121150
2026-02-28T22:51:33Z,9,Hospital_2,121150
2026-02-28T22:51:33Z,9,Hospital_3,121150
2026-02-28T22:52:06Z,10,Hospital_1,138250
2026-02-28T22:52:06Z,10,Hospital_4,121150
2026-02-28T22:52:06Z,10,Hospital_3,121150
2026-02-28T22:52:06Z,10,Hospital_2,121150
2026-02-28T22:52:06Z,10,Hospital_5,121150
2026-02-28T22:53:15Z,1,Hospital_2,121138
2026-02-28T22:53:15Z,1,Hospital_1,138250
2026-02-28T22:53:47Z,2,Hospital_4,121150
2026-02-28T22:53:47Z,2,Hospital_5,121150
2026-02-28T22:53:47Z,2,Hospital_1,138250
2026-02-28T22:53:47Z,2,Hospital_3,121150
2026-02-28T22:53:47Z,2,Hospital_2,121150
2026-02-28T22:54:19Z,3,Hospital_4,121150
2026-02-28T22:54:19Z,3,Hospital_3,121150
2026-02-28T22:54:19Z,3,Hospital_5,121150
2026-02-28T22:54:19Z,3,Hospital_2,121150
2026-02-28T22:54:19Z,3,Hospital_1,138250
2026-02-28T22:54:52Z,4,Hospital_3,121150
2026-02-28T22:54:52Z,4,Hospital_1,138250
2026-02-28T22:54:52Z,4,Hospital_5,121150
2026-02-28T22:54:52Z,4,Hospital_4,121150
2026-02-28T22:54:52Z,4,Hospital_2,121150
2026-02-28T22:55:24Z,5,Hospital_5,121150
2026-02-28T22:55:24Z,5,Hospital_2,121150
2026-02-28T22:55:24Z,5,Hospital_4,121150
2026-02-28T22:55:24Z,5,Hospital_1,138250
2026-02-28T22:55:24Z,5,Hospital_3,121150
2026-02-28T22:55:57Z,6,Hospital_4,121150
2026-02-28T22:55:57Z,6,Hospital_3,121150
2026-02-28T22:55:57Z,6,Hospital_1,138250
2026-02-28T22:55:57Z,6,Hospital_5,121150
2026-02-28T22:55:57Z,6,Hospital_2,121150
2026-02-28T22:56:39Z,7,Hospital_2,121138
2026-02-28T22:56:39Z,7,Hospital_4,121150
2026-02-28T22:56:39Z,7,Hospital_5,121138
2026-02-28T22:56:39Z,7,Hospital_3,121150
2026-02-28T22:56:39Z,7,Hospital_1,138250
2026-02-28T22:57:11Z,8,Hospital_3,121150
2026-02-28T22:57:11Z,8,Hospital_4,121150
2026-02-28T22:57:11Z,8,Hospital_5,121138
2026-02-28T22:57:11Z,8,Hospital_1,138250
2026-02-28T22:57:11Z,8,Hospital_2,121150
2026-02-28T22:57:44Z,9,Hospital_5,121150
2026-02-28T22:57:44Z,9,Hospital_1,138250
2026-02-28T22:57:44Z,9,Hospital_2,121126
2026-02-28T22:57:44Z,9,Hospital_4,121150
2026-02-28T22:57:44Z,9,Hospital_3,121150
2026-02-28T22:58:16Z,10,Hospital_4,121150
2026-02-28T22:58:16Z,10,Hospital_5,121150
2026-02-28T22:58:16Z,10,Hospital_1,138250
2026-02-28T22:58:16Z,10,Hospital_2,121150
2026-02-28T22:58:16Z,10,Hospital_3,121150
2026-02-28T22:58:48Z,11,Hospital_5,121138
2026-02-28T22:58:48Z,11,Hospital_2,121150
2026-02-28T22:58:48Z,11,Hospital_4,121150
2026-02-28T22:58:48Z,11,Hospital_3,121150
2026-02-28T22:58:48Z,11,Hospital_1,138250
2026-02-28T22:59:21Z,12,Hospital_4,121150
2026-02-28T22:59:21Z,12,Hospital_5,121150
2026-02-28T22:59:21Z,12,Hospital_3,121150
2026-02-28T22:59:21Z,12,Hospital_1,138250
2026-02-28T22:59:21Z,12,Hospital_2,121150
2026-02-28T22:59:53Z,13,Hospital_2,121150
2026-02-28T22:59:53Z,13,Hospital_3,121150
2026-02-28T22:59:53Z,13,Hospital_4,121150
2026-02-28T22:59:53Z,13,Hospital_1,138250
2026-02-28T22:59:53Z,13,Hospital_5,121150
2026-02-28T23:00:26Z,14,Hospital_5,121150
2026-02-28T23:00:26Z,14,Hospital_2,121150
2026-02-28T23:00:26Z,14,Hospital_3,121150
2026-02-28T23:00:26Z,14,Hospital_4,121150
2026-02-28T23:00:26Z,14,Hospital_1,138250
2026-02-28T23:00:59Z,15,Hospital_4,121150
2026-02-28T23:00:59Z,15,Hospital_1,138250
2026-02-28T23:00:59Z,15,Hospital_2,121150
2026-02-28T23:00:59Z,15,Hospital_5,121150
2026-02-28T23:00:59Z,15,Hospital_3,121150
2026-02-28T23:01:31Z,16,Hospital_1,138250
2026-02-28T23:01:31Z,16,Hospital_3,121150
2026-02-28T23:01:31Z,16,Hospital_2,121150
2026-02-28T23:01:31Z,16,Hospital_4,121150
2026-02-28T23:01:31Z,16,Hospital_5,121150
2026-02-28T23:02:05Z,17,Hospital_4,121150
2026-02-28T23:02:05Z,17,Hospital_5,121150
2026-02-28T23:02:05Z,17,Hospital_2,121150
2026-02-28T23:02:05Z,17,Hospital_1,138250
2026-02-28T23:02:05Z,17,Hospital_3,121150
2026-02-28T23:02:38Z,18,Hospital_1,138250
2026-02-28T23:02:38Z,18,Hospital_4,121150
2026-02-28T23:02:38Z,18,Hospital_3,121150
2026-02-28T23:02:38Z,18,Hospital_5,121150
2026-02-28T23:02:38Z,18,Hospital_2,121150
2026-02-28T23:03:10Z,19,Hospital_4,121150
2026-02-28T23:03:10Z,19,Hospital_5,121150
2026-02-28T23:03:10Z,19,Hospital_2,121150
2026-02-28T23:03:10Z,19,Hospital_1,138250
2026-02-28T23:03:10Z,19,Hospital_3,121150
2026-02-28T23:03:44Z,20,Hospital_1,138250
2026-02-28T23:03:44Z,20,Hospital_5,121150
2026-02-28T23:03:44Z,20,Hospital_2,121150
2026-02-28T23:03:44Z,20,Hospital_3,121150
2026-02-28T23:03:44Z,20,Hospital_4,121150
2026-02-28T23:04:16Z,21,Hospital_4,121150
2026-02-28T23:04:16Z,21,Hospital_3,121150
2026-02-28T23:04:16Z,21,Hospital_1,138250
2026-02-28T23:04:16Z,21,Hospital_2,121138
2026-02-28T23:04:16Z,21,Hospital_5,121150
2026-02-28T23:04:48Z,22,Hospital_1,138250
2026-02-28T23:04:48Z,22,Hospital_5,121150
2026-02-28T23:04:48Z,22,Hospital_4,121150
2026-02-28T23:04:48Z,22,Hospital_2,121150
2026-02-28T23:04:48Z,22,Hospital_3,121150
2026-02-28T23:05:21Z,23,Hospital_3,121150
2026-02-28T23:05:21Z,23,Hospital_1,138250
2026-02-28T23:05:21Z,23,Hospital_4,121150
2026-02-28T23:05:21Z,23,Hospital_5,121150
2026-02-28T23:05:21Z,23,Hospital_2,121150
2026-02-28T23:06:14Z,24,Hospital_1,138250
2026-02-28T23:06:14Z,24,Hospital_2,121150
2026-02-28T23:06:14Z,24,Hospital_5,121150
2026-02-28T23:06:14Z,24,Hospital_3,121150
2026-02-28T23:06:14Z,24,Hospital_4,121150
2026-02-28T23:06:46Z,25,Hospital_4,121150
2026-02-28T23:06:46Z,25,Hospital_5,121150
2026-02-28T23:06:46Z,25,Hospital_3,121150
2026-02-28T23:06:46Z,25,Hospital_2,121150
2026-02-28T23:06:46Z,25,Hospital_1,138250
2026-02-28T23:07:19Z,26,Hospital_1,138238
2026-02-28T23:07:19Z,26,Hospital_2,121138
2026-02-28T23:07:19Z,26,Hospital_3,121138
2026-02-28T23:07:19Z,26,Hospital_5,121138
2026-02-28T23:07:19Z,26,Hospital_4,121138
2026-02-28T23:07:51Z,27,Hospital_3,121150
2026-02-28T23:07:51Z,27,Hospital_2,121150
2026-02-28T23:07:51Z,27,Hospital_1,138250
2026-02-28T23:07:51Z,27,Hospital_4,121150
2026-02-28T23:07:51Z,27,Hospital_5,121150
2026-02-28T23:08:24Z,28,Hospital_3,121150
2026-02-28T23:08:24Z,28,Hospital_1,138250
2026-02-28T23:08:24Z,28,Hospital_4,121150
2026-02-28T23:08:24Z,28,Hospital_5,121150
2026-02-28T23:08:24Z,28,Hospital_2,121150
2026-02-28T23:08:56Z,29,Hospital_4,121150
2026-02-28T23:08:56Z,29,Hospital_2,121150
2026-02-28T23:08:56Z,29,Hospital_3,121150
2026-02-28T23:08:56Z,29,Hospital_1,138250
2026-02-28T23:08:56Z,29,Hospital_5,121150
2026-02-28T23:09:28Z,30,Hospital_4,121138
2026-02-28T23:09:28Z,30,Hospital_2,121150
2026-02-28T23:09:28Z,30,Hospital_3,121138
2026-02-28T23:09:28Z,30,Hospital_5,121138
2026-02-28T23:09:28Z,30,Hospital_1,138238
2026-02-28T23:10:09Z,1,Hospital_4,138250
2026-02-28T23:10:09Z,1,Hospital_5,121150
2026-02-28T23:10:42Z,2,Hospital_4,121150
2026-02-28T23:10:42Z,2,Hospital_2,121150
2026-02-28T23:10:42Z,2,Hospital_1,138250
2026-02-28T23:10:42Z,2,Hospital_5,121138
2026-02-28T23:11:14Z,3,Hospital_2,121138
2026-02-28T23:11:14Z,3,Hospital_4,121150
2026-02-28T23:11:14Z,3,Hospital_1,138250
2026-02-28T23:11:14Z,3,Hospital_5,121150
2026-02-28T23:11:46Z,4,Hospital_1,138250
2026-02-28T23:11:46Z,4,Hospital_2,121150
2026-02-28T23:11:46Z,4,Hospital_4,121150
2026-02-28T23:11:46Z,4,Hospital_5,121150
2026-02-28T23:12:18Z,5,Hospital_2,121150
2026-02-28T23:12:18Z,5,Hospital_5,121150
2026-02-28T23:12:18Z,5,Hospital_1,138250
2026-02-28T23:12:18Z,5,Hospital_4,121138
2026-02-28T23:12:50Z,6,Hospital_4,121150
2026-02-28T23:12:50Z,6,Hospital_1,121150
2026-02-28T23:12:50Z,6,Hospital_5,138238
2026-02-28T23:12:50Z,6,Hospital_2,121150
2026-02-28T23:13:22Z,7,Hospital_4,121150
2026-02-28T23:13:22Z,7,Hospital_2,121138
2026-02-28T23:13:22Z,7,Hospital_5,138250
2026-02-28T23:13:22Z,7,Hospital_1,121150
2026-02-28T23:13:54Z,8,Hospital_5,121150
2026-02-28T23:13:54Z,8,Hospital_2,121150
2026-02-28T23:13:54Z,8,Hospital_1,138250
2026-02-28T23:13:54Z,8,Hospital_4,121150
2026-02-28T23:14:26Z,9,Hospital_5,138250
2026-02-28T23:14:26Z,9,Hospital_1,121150
2026-02-28T23:14:26Z,9,Hospital_2,121150
2026-02-28T23:14:26Z,9,Hospital_4,121138
2026-02-28T23:14:58Z,10,Hospital_1,138250
2026-02-28T23:14:58Z,10,Hospital_2,121138
2026-02-28T23:14:58Z,10,Hospital_5,121150
2026-02-28T23:14:58Z,10,Hospital_4,121150
2026-02-28T23:15:30Z,11,Hospital_5,138250
2026-02-28T23:15:30Z,11,Hospital_4,121150
2026-02-28T23:15:30Z,11,Hospital_2,121150
2026-02-28T23:15:30Z,11,Hospital_1,121150
2026-02-28T23:16:03Z,12,Hospital_4,121150
2026-02-28T23:16:03Z,12,Hospital_2,121138
2026-02-28T23:16:03Z,12,Hospital_1,121138
2026-02-28T23:16:03Z,12,Hospital_5,138250
2026-02-28T23:16:35Z,13,Hospital_2,121150
2026-02-28T23:16:35Z,13,Hospital_4,121150
2026-02-28T23:16:35Z,13,Hospital_1,138250
2026-02-28T23:16:35Z,13,Hospital_5,121150
2026-02-28T23:17:07Z,14,Hospital_4,121138
2026-02-28T23:17:07Z,14,Hospital_1,138250
2026-02-28T23:17:07Z,14,Hospital_2,121150
2026-02-28T23:17:07Z,14,Hospital_5,121150
2026-02-28T23:17:39Z,15,Hospital_2,121150
2026-02-28T23:17:39Z,15,Hospital_1,138250
2026-02-28T23:17:39Z,15,Hospital_5,121150
2026-02-28T23:17:39Z,15,Hospital_4,121150
2026-02-28T23:18:11Z,16,Hospital_5,138250
2026-02-28T23:18:11Z,16,Hospital_2,121150
2026-02-28T23:18:11Z,16,Hospital_4,121150
2026-02-28T23:18:11Z,16,Hospital_1,121150
2026-02-28T23:18:43Z,17,Hospital_1,138250
2026-02-28T23:18:43Z,17,Hospital_4,121150
2026-02-28T23:18:43Z,17,Hospital_2,121150
2026-02-28T23:18:43Z,17,Hospital_5,121150
2026-02-28T23:19:15Z,18,Hospital_2,121150
2026-02-28T23:19:15Z,18,Hospital_1,138250
2026-02-28T23:19:15Z,18,Hospital_4,121150
2026-02-28T23:19:15Z,18,Hospital_5,121150
2026-02-28T23:19:48Z,19,Hospital_4,121150
2026-02-28T23:19:48Z,19,Hospital_2,121150
2026-02-28T23:19:48Z,19,Hospital_5,138250
2026-02-28T23:19:48Z,19,Hospital_1,121150
2026-02-28T23:20:21Z,20,Hospital_1,138250
2026-02-28T23:20:21Z,20,Hospital_4,121150
2026-02-28T23:20:21Z,20,Hospital_2,121150
2026-02-28T23:20:21Z,20,Hospital_5,121150
2026-02-28T23:20:53Z,21,Hospital_5,138250
2026-02-28T23:20:53Z,21,Hospital_4,121150
2026-02-28T23:20:53Z,21,Hospital_2,121150
2026-02-28T23:20:53Z,21,Hospital_1,121150
2026-02-28T23:21:26Z,22,Hospital_2,121150
2026-02-28T23:21:26Z,22,Hospital_1,121150
2026-02-28T23:21:26Z,22,Hospital_4,121150
2026-02-28T23:21:26Z,22,Hospital_5,138250
2026-02-28T23:21:58Z,23,Hospital_5,138250
2026-02-28T23:21:58Z,23,Hospital_4,121150
2026-02-28T23:21:58Z,23,Hospital_2,121150
2026-02-28T23:21:58Z,23,Hospital_1,121150
2026-02-28T23:22:30Z,24,Hospital_1,138250
2026-02-28T23:22:30Z,24,Hospital_5,121150
2026-02-28T23:22:30Z,24,Hospital_2,121150
2026-02-28T23:22:30Z,24,Hospital_4,121150
2026-02-28T23:23:02Z,25,Hospital_4,121138
2026-02-28T23:23:02Z,25,Hospital_5,121150
2026-02-28T23:23:02Z,25,Hospital_2,121150
2026-02-28T23:23:02Z,25,Hospital_1,138250
2026-02-28T23:23:34Z,26,Hospital_1,138250
2026-02-28T23:23:34Z,26,Hospital_5,121150
2026-02-28T23:23:34Z,26,Hospital_4,121138
2026-02-28T23:23:34Z,26,Hospital_2,121150
2026-02-28T23:24:07Z,27,Hospital_2,121150
2026-02-28T23:24:07Z,27,Hospital_5,138250
2026-02-28T23:24:07Z,27,Hospital_1,121150
2026-02-28T23:24:07Z,27,Hospital_4,121150
2026-02-28T23:24:39Z,28,Hospital_5,138238
2026-02-28T23:24:39Z,28,Hospital_2,121150
2026-02-28T23:24:39Z,28,Hospital_1,121150
2026-02-28T23:24:39Z,28,Hospital_4,121150
2026-02-28T23:25:11Z,29,Hospital_2,121150
2026-02-28T23:25:11Z,29,Hospital_5,121150
2026-02-28T23:25:11Z,29,Hospital_1,138250
2026-02-28T23:25:11Z,29,Hospital_4,121150
2026-02-28T23:25:43Z,30,Hospital_5,121150
2026-02-28T23:25:43Z,30,Hospital_2,121150
2026-02-28T23:25:43Z,30,Hospital_1,138250
2026-02-28T23:25:43Z,30,Hospital_4,121150
2026-02-28T23:26:16Z,1,Hospital_2,121150
2026-02-28T23:26:16Z,1,Hospital_1,138250
2026-02-28T23:26:49Z,2,Hospital_5,138250
2026-02-28T23:26:49Z,2,Hospital_2,121150
2026-02-28T23:26:49Z,2,Hospital_4,121150
2026-02-28T23:26:49Z,2,Hospital_1,121150
2026-02-28T23:27:22Z,3,Hospital_4,121150
2026-02-28T23:27:22Z,3,Hospital_5,138250
2026-02-28T23:27:22Z,3,Hospital_1,121150
2026-02-28T23:27:22Z,3,Hospital_2,121150
2026-02-28T23:27:54Z,4,Hospital_4,121150
2026-02-28T23:27:54Z,4,Hospital_1,121150
2026-02-28T23:27:54Z,4,Hospital_5,138250
2026-02-28T23:27:54Z,4,Hospital_2,121150
2026-02-28T23:28:26Z,5,Hospital_1,138250
2026-02-28T23:28:26Z,5,Hospital_4,121138
2026-02-28T23:28:26Z,5,Hospital_2,121138
2026-02-28T23:28:26Z,5,Hospital_5,121150
2026-02-28T23:28:58Z,6,Hospital_1,121150
2026-02-28T23:28:58Z,6,Hospital_4,121150
2026-02-28T23:28:58Z,6,Hospital_2,121150
2026-02-28T23:28:58Z,6,Hospital_5,138250
2026-02-28T23:29:31Z,7,Hospital_5,138250
2026-02-28T23:29:31Z,7,Hospital_4,121150
2026-02-28T23:29:31Z,7,Hospital_2,121138
2026-02-28T23:29:31Z,7,Hospital_1,121150
2026-02-28T23:30:03Z,8,Hospital_1,138238
2026-02-28T23:30:03Z,8,Hospital_2,121150
2026-02-28T23:30:03Z,8,Hospital_5,121150
2026-02-28T23:30:03Z,8,Hospital_4,121150
2026-02-28T23:30:35Z,9,Hospital_4,121150
2026-02-28T23:30:35Z,9,Hospital_5,121150
2026-02-28T23:30:35Z,9,Hospital_2,121150
2026-02-28T23:30:35Z,9,Hospital_1,138250
2026-02-28T23:31:07Z,10,Hospital_2,121150
2026-02-28T23:31:07Z,10,Hospital_1,121150
2026-02-28T23:31:07Z,10,Hospital_4,121150
2026-02-28T23:31:07Z,10,Hospital_5,138250
2026-02-28T23:31:39Z,11,Hospital_1,121150
2026-02-28T23:31:39Z,11,Hospital_2,121150
2026-02-28T23:31:39Z,11,Hospital_5,138250
2026-02-28T23:31:39Z,11,Hospital_4,121150
2026-02-28T23:32:11Z,12,Hospital_2,121138
2026-02-28T23:32:11Z,12,Hospital_4,121138
2026-02-28T23:32:11Z,12,Hospital_5,138250
2026-02-28T23:32:11Z,12,Hospital_1,121150
2026-02-28T23:32:45Z,13,Hospital_5,121150
2026-02-28T23:32:45Z,13,Hospital_2,121150
2026-02-28T23:32:45Z,13,Hospital_1,138250
2026-02-28T23:32:45Z,13,Hospital_4,121150
2026-02-28T23:33:17Z,14,Hospital_5,121150
2026-02-28T23:33:17Z,14,Hospital_2,121150
2026-02-28T23:33:17Z,14,Hospital_1,138250
2026-02-28T23:33:17Z,14,Hospital_4,121150
2026-02-28T23:33:49Z,15,Hospital_2,121150
2026-02-28T23:33:49Z,15,Hospital_1,121150
2026-02-28T23:33:49Z,15,Hospital_4,121150
2026-02-28T23:33:49Z,15,Hospital_5,138250
2026-02-28T23:34:22Z,16,Hospital_2,121150
2026-02-28T23:34:22Z,16,Hospital_4,121150
2026-02-28T23:34:22Z,16,Hospital_5,121150
2026-02-28T23:34:22Z,16,Hospital_1,138250
2026-02-28T23:34:55Z,17,Hospital_2,121150
2026-02-28T23:34:55Z,17,Hospital_1,121150
2026-02-28T23:34:55Z,17,Hospital_5,138250
2026-02-28T23:34:55Z,17,Hospital_4,121150
2026-02-28T23:35:27Z,18,Hospital_1,138250
2026-02-28T23:35:27Z,18,Hospital_5,121150
2026-02-28T23:35:27Z,18,Hospital_2,121138
2026-02-28T23:35:27Z,18,Hospital_4,121150
2026-02-28T23:35:59Z,19,Hospital_2,121150
2026-02-28T23:35:59Z,19,Hospital_4,121150
2026-02-28T23:35:59Z,19,Hospital_5,138238
2026-02-28T23:35:59Z,19,Hospital_1,121150
2026-02-28T23:36:31Z,20,Hospital_1,121150
2026-02-28T23:36:31Z,20,Hospital_4,121150
2026-02-28T23:36:31Z,20,Hospital_5,138238
2026-02-28T23:36:31Z,20,Hospital_2,121150
2026-02-28T23:37:03Z,21,Hospital_5,138250
2026-02-28T23:37:03Z,21,Hospital_1,121150
2026-02-28T23:37:03Z,21,Hospital_2,121138
2026-02-28T23:37:03Z,21,Hospital_4,121150
2026-02-28T23:38:06Z,22,Hospital_2,121150
2026-02-28T23:38:06Z,22,Hospital_1,121150
2026-02-28T23:38:06Z,22,Hospital_4,121150
2026-02-28T23:38:06Z,22,Hospital_5,138250
2026-02-28T23:38:39Z,23,Hospital_5,138250
2026-02-28T23:38:39Z,23,Hospital_1,121150
2026-02-28T23:38:39Z,23,Hospital_2,121150
2026-02-28T23:38:39Z,23,Hospital_4,121150
2026-02-28T23:39:12Z,24,Hospital_1,138250
2026-02-28T23:39:12Z,24,Hospital_5,121150
2026-02-28T23:39:12Z,24,Hospital_4,121150
2026-02-28T23:39:12Z,24,Hospital_2,121150
2026-02-28T23:39:44Z,25,Hospital_2,121150
2026-02-28T23:39:44Z,25,Hospital_1,138250
2026-02-28T23:39:44Z,25,Hospital_4,121150
2026-02-28T23:39:44Z,25,Hospital_5,121150
2026-02-28T23:40:16Z,26,Hospital_4,121150
2026-02-28T23:40:16Z,26,Hospital_1,121150
2026-02-28T23:40:16Z,26,Hospital_2,121150
2026-02-28T23:40:16Z,26,Hospital_5,138250
2026-02-28T23:40:48Z,27,Hospital_5,121150
2026-02-28T23:40:48Z,27,Hospital_1,138238
2026-02-28T23:40:48Z,27,Hospital_2,121126
2026-02-28T23:40:48Z,27,Hospital_4,121138
2026-02-28T23:41:20Z,28,Hospital_2,121150
2026-02-28T23:41:20Z,28,Hospital_4,121150
2026-02-28T23:41:20Z,28,Hospital_1,138250
2026-02-28T23:41:20Z,28,Hospital_5,121150
2026-02-28T23:41:52Z,29,Hospital_4,121138
2026-02-28T23:41:52Z,29,Hospital_1,138250
2026-02-28T23:41:52Z,29,Hospital_5,121150
2026-02-28T23:41:52Z,29,Hospital_2,121138
2026-02-28T23:42:24Z,30,Hospital_4,121150
2026-02-28T23:42:24Z,30,Hospital_2,121150
2026-02-28T23:42:24Z,30,Hospital_5,121138
2026-02-28T23:42:24Z,30,Hospital_1,138250
2026-02-28T23:42:57Z,1,Hospital_1,138250
2026-02-28T23:42:57Z,1,Hospital_4,121150
2026-02-28T23:43:29Z,2,Hospital_1,138250
2026-02-28T23:43:29Z,2,Hospital_5,121150
2026-02-28T23:43:29Z,2,Hospital_4,121150
2026-02-28T23:43:29Z,2,Hospital_2,121150
2026-02-28T23:44:01Z,3,Hospital_4,121150
2026-02-28T23:44:01Z,3,Hospital_1,121138
2026-02-28T23:44:01Z,3,Hospital_2,121150
2026-02-28T23:44:01Z,3,Hospital_5,138250
2026-02-28T23:44:35Z,4,Hospital_5,138250
2026-02-28T23:44:35Z,4,Hospital_2,121150
2026-02-28T23:44:35Z,4,Hospital_4,121150
2026-02-28T23:44:35Z,4,Hospital_1,121150
2026-02-28T23:45:07Z,5,Hospital_1,121150
2026-02-28T23:45:07Z,5,Hospital_5,138250
2026-02-28T23:45:07Z,5,Hospital_2,121138
2026-02-28T23:45:07Z,5,Hospital_4,121150
2026-02-28T23:45:39Z,6,Hospital_2,121150
2026-02-28T23:45:39Z,6,Hospital_4,121150
2026-02-28T23:45:39Z,6,Hospital_1,138238
2026-02-28T23:45:39Z,6,Hospital_5,121150
2026-02-28T23:46:13Z,7,Hospital_5,138250
2026-02-28T23:46:13Z,7,Hospital_1,121150
2026-02-28T23:46:13Z,7,Hospital_4,121150
2026-02-28T23:46:13Z,7,Hospital_2,121150
2026-02-28T23:46:48Z,8,Hospital_5,138250
2026-02-28T23:46:48Z,8,Hospital_2,121150
2026-02-28T23:46:48Z,8,Hospital_1,121150
2026-02-28T23:46:48Z,8,Hospital_4,121150
2026-02-28T23:47:22Z,9,Hospital_4,121150
2026-02-28T23:47:22Z,9,Hospital_1,138250
2026-02-28T23:47:22Z,9,Hospital_2,121150
2026-02-28T23:47:22Z,9,Hospital_5,121150
2026-02-28T23:47:56Z,10,Hospital_5,138250
2026-02-28T23:47:56Z,10,Hospital_1,121150
2026-02-28T23:47:56Z,10,Hospital_2,121150
2026-02-28T23:47:56Z,10,Hospital_4,121150
2026-02-28T23:48:30Z,11,Hospital_4,121150
2026-02-28T23:48:30Z,11,Hospital_1,138250
2026-02-28T23:48:30Z,11,Hospital_5,121150
2026-02-28T23:48:30Z,11,Hospital_2,121138
2026-02-28T23:49:05Z,12,Hospital_4,121150
2026-02-28T23:49:05Z,12,Hospital_1,121150
2026-02-28T23:49:05Z,12,Hospital_5,138250
2026-02-28T23:49:05Z,12,Hospital_2,121150
2026-02-28T23:49:39Z,13,Hospital_2,121150
2026-02-28T23:49:39Z,13,Hospital_4,121150
2026-02-28T23:49:39Z,13,Hospital_5,121150
2026-02-28T23:49:39Z,13,Hospital_1,138250
2026-02-28T23:50:14Z,14,Hospital_4,121138
2026-02-28T23:50:14Z,14,Hospital_1,138250
2026-02-28T23:50:14Z,14,Hospital_5,121150
2026-02-28T23:50:14Z,14,Hospital_2,121150
2026-02-28T23:50:48Z,15,Hospital_1,138250
2026-02-28T23:50:48Z,15,Hospital_5,121138
2026-02-28T23:50:48Z,15,Hospital_2,121138
2026-02-28T23:50:48Z,15,Hospital_4,121150
2026-02-28T23:51:22Z,16,Hospital_2,121150
2026-02-28T23:51:22Z,16,Hospital_4,121150
2026-02-28T23:51:22Z,16,Hospital_1,138250
2026-02-28T23:51:22Z,16,Hospital_5,121150
2026-02-28T23:51:56Z,17,Hospital_1,121150
2026-02-28T23:51:56Z,17,Hospital_2,121150
2026-02-28T23:51:56Z,17,Hospital_5,138250
2026-02-28T23:51:56Z,17,Hospital_4,121150
2026-02-28T23:52:28Z,18,Hospital_5,121150
2026-02-28T23:52:28Z,18,Hospital_2,121126
2026-02-28T23:52:28Z,18,Hospital_4,121150
2026-02-28T23:52:28Z,18,Hospital_1,138250
2026-02-28T23:53:00Z,19,Hospital_2,121150
2026-02-28T23:53:00Z,19,Hospital_1,121150
2026-02-28T23:53:00Z,19,Hospital_4,121150
2026-02-28T23:53:00Z,19,Hospital_5,138250
2026-02-28T23:53:47Z,20,Hospital_5,138250
2026-02-28T23:53:47Z,20,Hospital_1,121150
2026-02-28T23:53:47Z,20,Hospital_2,121150
2026-02-28T23:53:47Z,20,Hospital_4,121150
2026-02-28T23:54:19Z,21,Hospital_4,121150
2026-02-28T23:54:19Z,21,Hospital_2,121150
2026-02-28T23:54:19Z,21,Hospital_1,121150
2026-02-28T23:54:19Z,21,Hospital_5,138250
2026-02-28T23:54:50Z,22,Hospital_5,138250
2026-02-28T23:54:50Z,22,Hospital_2,121150
2026-02-28T23:54:50Z,22,Hospital_1,121150
2026-02-28T23:54:50Z,22,Hospital_4,121150
2026-02-28T23:55:22Z,23,Hospital_1,138250
2026-02-28T23:55:22Z,23,Hospital_5,121150
2026-02-28T23:55:22Z,23,Hospital_2,121150
2026-02-28T23:55:22Z,23,Hospital_4,121126
2026-02-28T23:55:55Z,24,Hospital_4,121150
2026-02-28T23:55:55Z,24,Hospital_1,121150
2026-02-28T23:55:55Z,24,Hospital_5,138238
2026-02-28T23:55:55Z,24,Hospital_2,121150
2026-02-28T23:56:27Z,25,Hospital_1,121150
2026-02-28T23:56:27Z,25,Hospital_5,138238
2026-02-28T23:56:27Z,25,Hospital_2,121150
2026-02-28T23:56:27Z,25,Hospital_4,121150
2026-02-28T23:56:58Z,26,Hospital_1,138250
2026-02-28T23:56:58Z,26,Hospital_5,121150
2026-02-28T23:56:58Z,26,Hospital_4,121150
2026-02-28T23:56:58Z,26,Hospital_2,121150
2026-02-28T23:57:29Z,27,Hospital_4,121150
2026-02-28T23:57:29Z,27,Hospital_1,121150
2026-02-28T23:57:29Z,27,Hospital_2,121150
2026-02-28T23:57:29Z,27,Hospital_5,138250
2026-02-28T23:58:01Z,28,Hospital_1,138250
2026-02-28T23:58:01Z,28,Hospital_5,121150
2026-02-28T23:58:01Z,28,Hospital_4,121150
2026-02-28T23:58:01Z,28,Hospital_2,121150
2026-02-28T23:58:33Z,29,Hospital_2,121150
2026-02-28T23:58:33Z,29,Hospital_1,138250
2026-02-28T23:58:33Z,29,Hospital_5,121150
2026-02-28T23:58:33Z,29,Hospital_4,121150
2026-02-28T23:59:05Z,30,Hospital_4,121150
2026-02-28T23:59:05Z,30,Hospital_1,138250
2026-02-28T23:59:05Z,30,Hospital_5,121150
2026-02-28T23:59:05Z,30,Hospital_2,121150
2026-02-28T23:59:38Z,1,Hospital_5,121138
2026-02-28T23:59:38Z,1,Hospital_4,138250
2026-03-01T00:00:10Z,2,Hospital_2,121150
2026-03-01T00:00:10Z,2,Hospital_5,121150
2026-03-01T00:00:10Z,2,Hospital_4,121150
2026-03-01T00:00:10Z,2,Hospital_1,138250
2026-03-01T00:00:43Z,3,Hospital_2,121150
2026-03-01T00:00:43Z,3,Hospital_5,121150
2026-03-01T00:00:43Z,3,Hospital_4,121150
2026-03-01T00:00:43Z,3,Hospital_1,138250
2026-03-01T00:01:15Z,4,Hospital_1,121138
2026-03-01T00:01:15Z,4,Hospital_4,121150
2026-03-01T00:01:15Z,4,Hospital_5,138250
2026-03-01T00:01:15Z,4,Hospital_2,121150
2026-03-01T00:01:48Z,5,Hospital_5,138250
2026-03-01T00:01:48Z,5,Hospital_2,121150
2026-03-01T00:01:48Z,5,Hospital_4,121150
2026-03-01T00:01:48Z,5,Hospital_1,121150
2026-03-01T00:02:20Z,6,Hospital_1,138250
2026-03-01T00:02:20Z,6,Hospital_5,121138
2026-03-01T00:02:20Z,6,Hospital_2,121138
2026-03-01T00:02:20Z,6,Hospital_4,121138
2026-03-01T00:02:52Z,7,Hospital_2,121150
2026-03-01T00:02:52Z,7,Hospital_4,121150
2026-03-01T00:02:52Z,7,Hospital_1,138250
2026-03-01T00:02:52Z,7,Hospital_5,121138
2026-03-01T00:03:24Z,8,Hospital_1,121150
2026-03-01T00:03:24Z,8,Hospital_5,138250
2026-03-01T00:03:24Z,8,Hospital_2,121150
2026-03-01T00:03:24Z,8,Hospital_4,121150
2026-03-01T00:03:56Z,9,Hospital_5,121150
2026-03-01T00:03:56Z,9,Hospital_2,121138
2026-03-01T00:03:56Z,9,Hospital_1,138250
2026-03-01T00:03:56Z,9,Hospital_4,121150
2026-03-01T00:04:28Z,10,Hospital_5,138250
2026-03-01T00:04:28Z,10,Hospital_2,121138
2026-03-01T00:04:28Z,10,Hospital_4,121150
2026-03-01T00:04:28Z,10,Hospital_1,121150
2026-03-01T00:05:01Z,11,Hospital_5,138250
2026-03-01T00:05:01Z,11,Hospital_4,121150
2026-03-01T00:05:01Z,11,Hospital_1,121138
2026-03-01T00:05:01Z,11,Hospital_2,121150
2026-03-01T00:05:33Z,12,Hospital_5,138250
2026-03-01T00:05:33Z,12,Hospital_4,121138
2026-03-01T00:05:33Z,12,Hospital_1,121138
2026-03-01T00:05:33Z,12,Hospital_2,121150
2026-03-01T00:06:07Z,13,Hospital_5,138250
2026-03-01T00:06:07Z,13,Hospital_2,121150
2026-03-01T00:06:07Z,13,Hospital_1,121150
2026-03-01T00:06:07Z,13,Hospital_4,121150
2026-03-01T00:06:39Z,14,Hospital_4,121150
2026-03-01T00:06:39Z,14,Hospital_5,121150
2026-03-01T00:06:39Z,14,Hospital_1,138250
2026-03-01T00:06:39Z,14,Hospital_2,121150
2026-03-01T00:07:10Z,15,Hospital_4,121150
2026-03-01T00:07:10Z,15,Hospital_1,121150
2026-03-01T00:07:10Z,15,Hospital_5,138250
2026-03-01T00:07:10Z,15,Hospital_2,121150
2026-03-01T00:07:42Z,16,Hospital_1,121150
2026-03-01T00:07:42Z,16,Hospital_4,121150
2026-03-01T00:07:42Z,16,Hospital_2,121150
2026-03-01T00:07:42Z,16,Hospital_5,138250
2026-03-01T00:08:14Z,17,Hospital_4,121138
2026-03-01T00:08:14Z,17,Hospital_2,121150
2026-03-01T00:08:14Z,17,Hospital_1,138250
2026-03-01T00:08:14Z,17,Hospital_5,121150
2026-03-01T00:08:46Z,18,Hospital_1,121138
2026-03-01T00:08:46Z,18,Hospital_4,121150
2026-03-01T00:08:46Z,18,Hospital_2,121150
2026-03-01T00:08:46Z,18,Hospital_5,138250
2026-03-01T00:09:19Z,19,Hospital_1,121138
2026-03-01T00:09:19Z,19,Hospital_2,121150
2026-03-01T00:09:19Z,19,Hospital_5,138238
2026-03-01T00:09:19Z,19,Hospital_4,121150
2026-03-01T00:09:50Z,20,Hospital_1,121150
2026-03-01T00:09:50Z,20,Hospital_4,121150
2026-03-01T00:09:50Z,20,Hospital_2,121150
2026-03-01T00:09:50Z,20,Hospital_5,138250
2026-03-01T00:10:22Z,21,Hospital_2,121150
2026-03-01T00:10:22Z,21,Hospital_1,121150
2026-03-01T00:10:22Z,21,Hospital_5,138250
2026-03-01T00:10:22Z,21,Hospital_4,121150
2026-03-01T00:10:54Z,22,Hospital_4,121150
2026-03-01T00:10:54Z,22,Hospital_1,121150
2026-03-01T00:10:54Z,22,Hospital_2,121150
2026-03-01T00:10:54Z,22,Hospital_5,138250
2026-03-01T00:11:26Z,23,Hospital_5,138250
2026-03-01T00:11:26Z,23,Hospital_4,121150
2026-03-01T00:11:26Z,23,Hospital_1,121150
2026-03-01T00:11:26Z,23,Hospital_2,121150
2026-03-01T00:11:59Z,24,Hospital_2,121150
2026-03-01T00:11:59Z,24,Hospital_4,121150
2026-03-01T00:11:59Z,24,Hospital_5,138250
2026-03-01T00:11:59Z,24,Hospital_1,121150
2026-03-01T00:12:31Z,25,Hospital_5,138250
2026-03-01T00:12:31Z,25,Hospital_4,121150
2026-03-01T00:12:31Z,25,Hospital_2,121150
2026-03-01T00:12:31Z,25,Hospital_1,121150
2026-03-01T00:13:04Z,26,Hospital_2,121138
2026-03-01T00:13:04Z,26,Hospital_1,138250
2026-03-01T00:13:04Z,26,Hospital_5,121150
2026-03-01T00:13:04Z,26,Hospital_4,121150
2026-03-01T00:13:36Z,27,Hospital_5,121150
2026-03-01T00:13:36Z,27,Hospital_1,138250
2026-03-01T00:13:36Z,27,Hospital_4,121150
2026-03-01T00:13:36Z,27,Hospital_2,121150
2026-03-01T00:14:09Z,28,Hospital_2,121150
2026-03-01T00:14:09Z,28,Hospital_1,121150
2026-03-01T00:14:09Z,28,Hospital_4,121150
2026-03-01T00:14:09Z,28,Hospital_5,138250
2026-03-01T00:14:41Z,29,Hospital_4,121150
2026-03-01T00:14:41Z,29,Hospital_1,138250
2026-03-01T00:14:41Z,29,Hospital_5,121150
2026-03-01T00:14:41Z,29,Hospital_2,121150
2026-03-01T00:15:12Z,30,Hospital_5,138238
2026-03-01T00:15:12Z,30,Hospital_4,121150
2026-03-01T00:15:12Z,30,Hospital_2,121150
2026-03-01T00:15:12Z,30,Hospital_1,121150
2026-03-01T00:15:45Z,1,Hospital_2,121150
2026-03-01T00:15:45Z,1,Hospital_4,138250
2026-03-01T00:16:17Z,2,Hospital_4,121150
2026-03-01T00:16:17Z,2,Hospital_5,121150
2026-03-01T00:16:17Z,2,Hospital_1,138238
2026-03-01T00:16:17Z,2,Hospital_2,121150
2026-03-01T00:16:50Z,3,Hospital_1,121150
2026-03-01T00:16:50Z,3,Hospital_4,121138
2026-03-01T00:16:50Z,3,Hospital_5,138250
2026-03-01T00:16:50Z,3,Hospital_2,121150
2026-03-01T00:17:23Z,4,Hospital_4,121150
2026-03-01T00:17:23Z,4,Hospital_1,121138
2026-03-01T00:17:23Z,4,Hospital_2,121138
2026-03-01T00:17:23Z,4,Hospital_5,138250
2026-03-01T00:17:55Z,5,Hospital_5,138250
2026-03-01T00:17:55Z,5,Hospital_4,121138
2026-03-01T00:17:55Z,5,Hospital_2,121150
2026-03-01T00:17:55Z,5,Hospital_1,121150
2026-03-01T00:18:28Z,6,Hospital_5,138250
2026-03-01T00:18:28Z,6,Hospital_1,121150
2026-03-01T00:18:28Z,6,Hospital_4,121150
2026-03-01T00:18:28Z,6,Hospital_2,121150
2026-03-01T00:18:59Z,7,Hospital_1,138250
2026-03-01T00:18:59Z,7,Hospital_5,121150
2026-03-01T00:18:59Z,7,Hospital_2,121150
2026-03-01T00:18:59Z,7,Hospital_4,121150
2026-03-01T00:19:31Z,8,Hospital_1,121138
2026-03-01T00:19:31Z,8,Hospital_4,121150
2026-03-01T00:19:31Z,8,Hospital_5,138250
2026-03-01T00:19:31Z,8,Hospital_2,121150
2026-03-01T00:20:03Z,9,Hospital_1,138250
2026-03-01T00:20:03Z,9,Hospital_5,121150
2026-03-01T00:20:03Z,9,Hospital_4,121150
2026-03-01T00:20:03Z,9,Hospital_2,121150
2026-03-01T00:20:35Z,10,Hospital_2,121150
2026-03-01T00:20:35Z,10,Hospital_4,121150
2026-03-01T00:20:35Z,10,Hospital_5,121150
2026-03-01T00:20:35Z,10,Hospital_1,138250
2026-03-01T00:21:07Z,11,Hospital_2,121150
2026-03-01T00:21:07Z,11,Hospital_4,121150
2026-03-01T00:21:07Z,11,Hospital_5,121150
2026-03-01T00:21:07Z,11,Hospital_1,138250
2026-03-01T00:21:39Z,12,Hospital_1,138238
2026-03-01T00:21:39Z,12,Hospital_4,121150
2026-03-01T00:21:39Z,12,Hospital_2,121150
2026-03-01T00:21:39Z,12,Hospital_5,121150
2026-03-01T00:22:11Z,13,Hospital_2,121150
2026-03-01T00:22:11Z,13,Hospital_1,138250
2026-03-01T00:22:11Z,13,Hospital_4,121150
2026-03-01T00:22:11Z,13,Hospital_5,121150
2026-03-01T00:22:43Z,14,Hospital_5,121150
2026-03-01T00:22:43Z,14,Hospital_4,121150
2026-03-01T00:22:43Z,14,Hospital_2,121150
2026-03-01T00:22:43Z,14,Hospital_1,138250
2026-03-01T00:23:15Z,15,Hospital_2,121150
2026-03-01T00:23:15Z,15,Hospital_1,138238
2026-03-01T00:23:15Z,15,Hospital_4,121150
2026-03-01T00:23:15Z,15,Hospital_5,121150
2026-03-01T00:23:48Z,16,Hospital_4,121150
2026-03-01T00:23:48Z,16,Hospital_2,121150
2026-03-01T00:23:48Z,16,Hospital_1,138250
2026-03-01T00:23:48Z,16,Hospital_5,121150
2026-03-01T00:24:20Z,17,Hospital_1,138250
2026-03-01T00:24:20Z,17,Hospital_4,121150
2026-03-01T00:24:20Z,17,Hospital_5,121150
2026-03-01T00:24:20Z,17,Hospital_2,121150
2026-03-01T00:24:52Z,18,Hospital_2,121138
2026-03-01T00:24:52Z,18,Hospital_4,121138
2026-03-01T00:24:52Z,18,Hospital_1,138238
2026-03-01T00:24:52Z,18,Hospital_5,121150
2026-03-01T00:25:24Z,19,Hospital_4,121150
2026-03-01T00:25:24Z,19,Hospital_5,138250
2026-03-01T00:25:24Z,19,Hospital_1,121150
2026-03-01T00:25:24Z,19,Hospital_2,121150
2026-03-01T00:25:55Z,20,Hospital_1,121150
2026-03-01T00:25:55Z,20,Hospital_5,138250
2026-03-01T00:25:55Z,20,Hospital_4,121150
2026-03-01T00:25:55Z,20,Hospital_2,121150
2026-03-01T00:26:27Z,21,Hospital_1,138250
2026-03-01T00:26:27Z,21,Hospital_4,121150
2026-03-01T00:26:27Z,21,Hospital_5,121138
2026-03-01T00:26:27Z,21,Hospital_2,121150
2026-03-01T00:26:59Z,22,Hospital_5,121138
2026-03-01T00:26:59Z,22,Hospital_2,121150
2026-03-01T00:26:59Z,22,Hospital_1,138250
2026-03-01T00:26:59Z,22,Hospital_4,121150
2026-03-01T00:27:31Z,23,Hospital_5,121150
2026-03-01T00:27:31Z,23,Hospital_1,138250
2026-03-01T00:27:31Z,23,Hospital_2,121150
2026-03-01T00:27:31Z,23,Hospital_4,121150
2026-03-01T00:28:03Z,24,Hospital_1,121150
2026-03-01T00:28:03Z,24,Hospital_2,121150
2026-03-01T00:28:03Z,24,Hospital_4,121150
2026-03-01T00:28:03Z,24,Hospital_5,138250
2026-03-01T00:28:35Z,25,Hospital_4,121150
2026-03-01T00:28:35Z,25,Hospital_2,121150
2026-03-01T00:28:35Z,25,Hospital_1,121150
2026-03-01T00:28:35Z,25,Hospital_5,138250
2026-03-01T00:29:08Z,26,Hospital_2,121150
2026-03-01T00:29:08Z,26,Hospital_4,121150
2026-03-01T00:29:08Z,26,Hospital_1,138250
2026-03-01T00:29:08Z,26,Hospital_5,121150
2026-03-01T00:29:40Z,27,Hospital_4,121138
2026-03-01T00:29:40Z,27,Hospital_2,121150
2026-03-01T00:29:40Z,27,Hospital_1,138250
2026-03-01T00:29:40Z,27,Hospital_5,121150
2026-03-01T00:30:12Z,28,Hospital_4,121138
2026-03-01T00:30:12Z,28,Hospital_2,121150
2026-03-01T00:30:12Z,28,Hospital_5,121150
2026-03-01T00:30:12Z,28,Hospital_1,138250
2026-03-01T00:30:45Z,29,Hospital_5,121150
2026-03-01T00:30:45Z,29,Hospital_1,138250
2026-03-01T00:30:45Z,29,Hospital_2,121150
2026-03-01T00:30:45Z,29,Hospital_4,121150
2026-03-01T00:31:17Z,30,Hospital_2,121150
2026-03-01T00:31:17Z,30,Hospital_5,121150
2026-03-01T00:31:17Z,30,Hospital_4,121150
2026-03-01T00:31:17Z,30,Hospital_1,138238
2026-03-01T00:31:53Z,1,Hospital_4,138250
2026-03-01T00:31:53Z,1,Hospital_3,121150
2026-03-01T00:32:16Z,2,Hospital_4,121150
2026-03-01T00:32:16Z,2,Hospital_3,121150
2026-03-01T00:32:16Z,2,Hospital_2,138238
2026-03-01T00:32:16Z,2,Hospital_1,121150
2026-03-01T00:32:39Z,3,Hospital_1,121150
2026-03-01T00:32:39Z,3,Hospital_4,121150
2026-03-01T00:32:39Z,3,Hospital_3,121150
2026-03-01T00:32:39Z,3,Hospital_2,138250
2026-03-01T00:33:01Z,4,Hospital_2,138250
2026-03-01T00:33:01Z,4,Hospital_4,121150
2026-03-01T00:33:01Z,4,Hospital_3,121150
2026-03-01T00:33:01Z,4,Hospital_1,121150
2026-03-01T00:33:24Z,5,Hospital_2,138250
2026-03-01T00:33:24Z,5,Hospital_4,121138
2026-03-01T00:33:24Z,5,Hospital_3,121150
2026-03-01T00:33:24Z,5,Hospital_1,121150
2026-03-01T00:33:47Z,6,Hospital_2,138250
2026-03-01T00:33:47Z,6,Hospital_1,121150
2026-03-01T00:33:47Z,6,Hospital_4,121150
2026-03-01T00:33:47Z,6,Hospital_3,121150
2026-03-01T00:34:11Z,7,Hospital_4,121150
2026-03-01T00:34:11Z,7,Hospital_3,121150
2026-03-01T00:34:11Z,7,Hospital_2,138250
2026-03-01T00:34:11Z,7,Hospital_1,121150
2026-03-01T00:34:34Z,8,Hospital_2,138250
2026-03-01T00:34:34Z,8,Hospital_4,121150
2026-03-01T00:34:34Z,8,Hospital_1,121150
2026-03-01T00:34:34Z,8,Hospital_3,121150
2026-03-01T00:34:57Z,9,Hospital_2,138250
2026-03-01T00:34:57Z,9,Hospital_3,121150
2026-03-01T00:34:57Z,9,Hospital_4,121150
2026-03-01T00:34:57Z,9,Hospital_1,121150
2026-03-01T00:35:21Z,10,Hospital_2,138250
2026-03-01T00:35:21Z,10,Hospital_3,121150
2026-03-01T00:35:21Z,10,Hospital_4,121150
2026-03-01T00:35:21Z,10,Hospital_1,121150
2026-03-01T00:35:44Z,11,Hospital_1,121150
2026-03-01T00:35:44Z,11,Hospital_2,138250
2026-03-01T00:35:44Z,11,Hospital_3,121150
2026-03-01T00:35:44Z,11,Hospital_4,121138
2026-03-01T00:36:07Z,12,Hospital_3,121150
2026-03-01T00:36:07Z,12,Hospital_1,121150
2026-03-01T00:36:07Z,12,Hospital_2,138250
2026-03-01T00:36:07Z,12,Hospital_4,121150
2026-03-01T00:36:30Z,13,Hospital_3,121150
2026-03-01T00:36:30Z,13,Hospital_2,138250
2026-03-01T00:36:30Z,13,Hospital_1,121150
2026-03-01T00:36:30Z,13,Hospital_4,121150
2026-03-01T00:36:53Z,14,Hospital_3,121150
2026-03-01T00:36:53Z,14,Hospital_4,121150
2026-03-01T00:36:53Z,14,Hospital_2,138250
2026-03-01T00:36:53Z,14,Hospital_1,121150
2026-03-01T00:37:16Z,15,Hospital_4,121150
2026-03-01T00:37:16Z,15,Hospital_3,121150
2026-03-01T00:37:16Z,15,Hospital_2,138250
2026-03-01T00:37:16Z,15,Hospital_1,121150
2026-03-01T00:37:39Z,16,Hospital_3,121150
2026-03-01T00:37:39Z,16,Hospital_2,138250
2026-03-01T00:37:39Z,16,Hospital_1,121150
2026-03-01T00:37:39Z,16,Hospital_4,121150
2026-03-01T00:38:02Z,17,Hospital_2,138250
2026-03-01T00:38:02Z,17,Hospital_4,121150
2026-03-01T00:38:02Z,17,Hospital_1,121150
2026-03-01T00:38:02Z,17,Hospital_3,121150
2026-03-01T00:38:26Z,18,Hospital_3,121150
2026-03-01T00:38:26Z,18,Hospital_4,121138
2026-03-01T00:38:26Z,18,Hospital_1,121150
2026-03-01T00:38:26Z,18,Hospital_2,138250
2026-03-01T00:38:49Z,19,Hospital_4,121138
2026-03-01T00:38:49Z,19,Hospital_3,121150
2026-03-01T00:38:49Z,19,Hospital_1,121150
2026-03-01T00:38:49Z,19,Hospital_2,138250
2026-03-01T00:39:12Z,20,Hospital_3,121138
2026-03-01T00:39:12Z,20,Hospital_2,138250
2026-03-01T00:39:12Z,20,Hospital_1,121150
2026-03-01T00:39:12Z,20,Hospital_4,121150
2026-03-01T00:39:35Z,21,Hospital_4,121150
2026-03-01T00:39:35Z,21,Hospital_3,121138
2026-03-01T00:39:35Z,21,Hospital_2,138250
2026-03-01T00:39:35Z,21,Hospital_1,121150
2026-03-01T00:39:58Z,22,Hospital_2,138250
2026-03-01T00:39:58Z,22,Hospital_4,121138
2026-03-01T00:39:58Z,22,Hospital_3,121150
2026-03-01T00:39:58Z,22,Hospital_1,121150
2026-03-01T00:40:21Z,23,Hospital_1,121150
2026-03-01T00:40:21Z,23,Hospital_3,121150
2026-03-01T00:40:21Z,23,Hospital_2,138250
2026-03-01T00:40:21Z,23,Hospital_4,121138
2026-03-01T00:40:44Z,24,Hospital_4,121150
2026-03-01T00:40:44Z,24,Hospital_3,121150
2026-03-01T00:40:44Z,24,Hospital_2,138250
2026-03-01T00:40:44Z,24,Hospital_1,121150
2026-03-01T00:41:08Z,25,Hospital_4,121150
2026-03-01T00:41:08Z,25,Hospital_1,121150
2026-03-01T00:41:08Z,25,Hospital_2,138250
2026-03-01T00:41:08Z,25,Hospital_3,121150
2026-03-01T00:41:31Z,26,Hospital_2,138250
2026-03-01T00:41:31Z,26,Hospital_4,121150
2026-03-01T00:41:31Z,26,Hospital_1,121150
2026-03-01T00:41:31Z,26,Hospital_3,121150
2026-03-01T00:41:54Z,27,Hospital_1,121138
2026-03-01T00:41:54Z,27,Hospital_2,138250
2026-03-01T00:41:54Z,27,Hospital_4,121150
2026-03-01T00:41:54Z,27,Hospital_3,121138
2026-03-01T00:42:17Z,28,Hospital_4,121150
2026-03-01T00:42:17Z,28,Hospital_1,121150
2026-03-01T00:42:17Z,28,Hospital_2,138250
2026-03-01T00:42:17Z,28,Hospital_3,121150
2026-03-01T00:42:40Z,29,Hospital_2,138250
2026-03-01T00:42:40Z,29,Hospital_4,121138
2026-03-01T00:42:40Z,29,Hospital_1,121150
2026-03-01T00:42:40Z,29,Hospital_3,121150
2026-03-01T00:43:03Z,30,Hospital_1,121150
2026-03-01T00:43:03Z,30,Hospital_4,121150
2026-03-01T00:43:03Z,30,Hospital_2,138250
2026-03-01T00:43:03Z,30,Hospital_3,121138
2026-03-01T00:43:36Z,1,Hospital_2,121150
2026-03-01T00:43:36Z,1,Hospital_3,138250
2026-03-01T00:44:09Z,2,Hospital_2,138238
2026-03-01T00:44:09Z,2,Hospital_4,121150
2026-03-01T00:44:09Z,2,Hospital_3,121150
2026-03-01T00:44:09Z,2,Hospital_1,121150
2026-03-01T00:44:41Z,3,Hospital_4,121150
2026-03-01T00:44:41Z,3,Hospital_1,121150
2026-03-01T00:44:41Z,3,Hospital_3,138250
2026-03-01T00:44:41Z,3,Hospital_2,121150
2026-03-01T00:45:13Z,4,Hospital_1,121150
2026-03-01T00:45:13Z,4,Hospital_3,121150
2026-03-01T00:45:13Z,4,Hospital_4,121150
2026-03-01T00:45:13Z,4,Hospital_2,138250
2026-03-01T00:45:46Z,5,Hospital_4,121150
2026-03-01T00:45:46Z,5,Hospital_1,121150
2026-03-01T00:45:46Z,5,Hospital_2,121138
2026-03-01T00:45:46Z,5,Hospital_3,138250
2026-03-01T00:46:20Z,6,Hospital_3,121150
2026-03-01T00:46:20Z,6,Hospital_2,138250
2026-03-01T00:46:20Z,6,Hospital_4,121150
2026-03-01T00:46:20Z,6,Hospital_1,121138
2026-03-01T00:46:55Z,7,Hospital_2,138250
2026-03-01T00:46:55Z,7,Hospital_4,121150
2026-03-01T00:46:55Z,7,Hospital_3,121150
2026-03-01T00:46:55Z,7,Hospital_1,121150
2026-03-01T00:47:30Z,8,Hospital_4,121150
2026-03-01T00:47:30Z,8,Hospital_3,121150
2026-03-01T00:47:30Z,8,Hospital_2,138250
2026-03-01T00:47:30Z,8,Hospital_1,121150
2026-03-01T00:48:05Z,9,Hospital_2,138250
2026-03-01T00:48:05Z,9,Hospital_3,121150
2026-03-01T00:48:05Z,9,Hospital_4,121150
2026-03-01T00:48:05Z,9,Hospital_1,121150
2026-03-01T00:48:40Z,10,Hospital_4,121150
2026-03-01T00:48:40Z,10,Hospital_3,121150
2026-03-01T00:48:40Z,10,Hospital_2,138250
2026-03-01T00:48:40Z,10,Hospital_1,121150
2026-03-01T00:49:14Z,11,Hospital_3,138250
2026-03-01T00:49:14Z,11,Hospital_4,121150
2026-03-01T00:49:14Z,11,Hospital_2,121150
2026-03-01T00:49:14Z,11,Hospital_1,121150
2026-03-01T00:49:48Z,12,Hospital_2,138250
2026-03-01T00:49:48Z,12,Hospital_1,121150
2026-03-01T00:49:48Z,12,Hospital_4,121150
2026-03-01T00:49:48Z,12,Hospital_3,121150
2026-03-01T00:50:22Z,13,Hospital_4,121150
2026-03-01T00:50:22Z,13,Hospital_1,121150
2026-03-01T00:50:22Z,13,Hospital_2,121150
2026-03-01T00:50:22Z,13,Hospital_3,138250
2026-03-01T00:50:57Z,14,Hospital_4,121150
2026-03-01T00:50:57Z,14,Hospital_1,121150
2026-03-01T00:50:57Z,14,Hospital_2,138238
2026-03-01T00:50:57Z,14,Hospital_3,121150
2026-03-01T00:51:31Z,15,Hospital_3,138250
2026-03-01T00:51:31Z,15,Hospital_4,121150
2026-03-01T00:51:31Z,15,Hospital_1,121150
2026-03-01T00:51:31Z,15,Hospital_2,121150
2026-03-01T00:52:04Z,16,Hospital_3,138250
2026-03-01T00:52:04Z,16,Hospital_1,121150
2026-03-01T00:52:04Z,16,Hospital_2,121150
2026-03-01T00:52:04Z,16,Hospital_4,121150
2026-03-01T00:52:36Z,17,Hospital_4,121150
2026-03-01T00:52:36Z,17,Hospital_3,138250
2026-03-01T00:52:36Z,17,Hospital_1,121150
2026-03-01T00:52:36Z,17,Hospital_2,121150
2026-03-01T00:53:08Z,18,Hospital_4,121150
2026-03-01T00:53:08Z,18,Hospital_3,138250
2026-03-01T00:53:08Z,18,Hospital_1,121150
2026-03-01T00:53:08Z,18,Hospital_2,121150
2026-03-01T00:53:40Z,19,Hospital_1,121138
2026-03-01T00:53:40Z,19,Hospital_3,121150
2026-03-01T00:53:40Z,19,Hospital_2,138250
2026-03-01T00:53:40Z,19,Hospital_4,121150
2026-03-01T00:54:13Z,20,Hospital_4,121150
2026-03-01T00:54:13Z,20,Hospital_1,121150
2026-03-01T00:54:13Z,20,Hospital_2,138250
2026-03-01T00:54:13Z,20,Hospital_3,121150
2026-03-01T00:54:45Z,21,Hospital_1,121150
2026-03-01T00:54:45Z,21,Hospital_2,138238
2026-03-01T00:54:45Z,21,Hospital_4,121150
2026-03-01T00:54:45Z,21,Hospital_3,121150
2026-03-01T00:55:17Z,22,Hospital_2,138250
2026-03-01T00:55:17Z,22,Hospital_1,121150
2026-03-01T00:55:17Z,22,Hospital_4,121150
2026-03-01T00:55:17Z,22,Hospital_3,121150
2026-03-01T00:55:49Z,23,Hospital_2,138238
2026-03-01T00:55:49Z,23,Hospital_1,121150
2026-03-01T00:55:49Z,23,Hospital_3,121150
2026-03-01T00:55:49Z,23,Hospital_4,121150
2026-03-01T00:56:21Z,24,Hospital_3,138250
2026-03-01T00:56:21Z,24,Hospital_4,121150
2026-03-01T00:56:21Z,24,Hospital_1,121150
2026-03-01T00:56:21Z,24,Hospital_2,121150
2026-03-01T00:56:53Z,25,Hospital_4,121150
2026-03-01T00:56:53Z,25,Hospital_2,121150
2026-03-01T00:56:53Z,25,Hospital_1,121150
2026-03-01T00:56:53Z,25,Hospital_3,138250
2026-03-01T00:57:25Z,26,Hospital_2,138250
2026-03-01T00:57:25Z,26,Hospital_1,121150
2026-03-01T00:57:25Z,26,Hospital_4,121138
2026-03-01T00:57:25Z,26,Hospital_3,121150
2026-03-01T00:57:57Z,27,Hospital_2,138250
2026-03-01T00:57:57Z,27,Hospital_1,121150
2026-03-01T00:57:57Z,27,Hospital_3,121150
2026-03-01T00:57:57Z,27,Hospital_4,121150
2026-03-01T00:58:29Z,28,Hospital_1,121150
2026-03-01T00:58:29Z,28,Hospital_4,121150
2026-03-01T00:58:29Z,28,Hospital_2,121150
2026-03-01T00:58:29Z,28,Hospital_3,138250
2026-03-01T00:59:01Z,29,Hospital_3,121150
2026-03-01T00:59:01Z,29,Hospital_4,121150
2026-03-01T00:59:01Z,29,Hospital_2,138250
2026-03-01T00:59:01Z,29,Hospital_1,121138
2026-03-01T00:59:35Z,30,Hospital_3,121150
2026-03-01T00:59:35Z,30,Hospital_4,121150
2026-03-01T00:59:35Z,30,Hospital_1,121150
2026-03-01T00:59:35Z,30,Hospital_2,138250
2026-03-01T01:00:07Z,1,Hospital_3,121138
2026-03-01T01:00:07Z,1,Hospital_2,138238
2026-03-01T01:00:40Z,2,Hospital_4,121150
2026-03-01T01:00:40Z,2,Hospital_2,138238
2026-03-01T01:00:40Z,2,Hospital_3,121138
2026-03-01T01:00:40Z,2,Hospital_1,121150
2026-03-01T01:01:14Z,3,Hospital_3,121150
2026-03-01T01:01:14Z,3,Hospital_1,121150
2026-03-01T01:01:14Z,3,Hospital_2,138250
2026-03-01T01:01:14Z,3,Hospital_4,121150
2026-03-01T01:01:46Z,4,Hospital_4,121150
2026-03-01T01:01:46Z,4,Hospital_3,121150
2026-03-01T01:01:46Z,4,Hospital_2,138250
2026-03-01T01:01:46Z,4,Hospital_1,121150
2026-03-01T01:02:18Z,5,Hospital_4,121138
2026-03-01T01:02:18Z,5,Hospital_2,138250
2026-03-01T01:02:18Z,5,Hospital_3,121150
2026-03-01T01:02:18Z,5,Hospital_1,121150
2026-03-01T01:02:50Z,6,Hospital_1,121150
2026-03-01T01:02:50Z,6,Hospital_3,138250
2026-03-01T01:02:50Z,6,Hospital_4,121150
2026-03-01T01:02:50Z,6,Hospital_2,121150
2026-03-01T01:03:22Z,7,Hospital_4,121150
2026-03-01T01:03:22Z,7,Hospital_3,121150
2026-03-01T01:03:22Z,7,Hospital_1,121150
2026-03-01T01:03:22Z,7,Hospital_2,138250
2026-03-01T01:03:54Z,8,Hospital_1,121150
2026-03-01T01:03:54Z,8,Hospital_2,121150
2026-03-01T01:03:54Z,8,Hospital_4,121150
2026-03-01T01:03:54Z,8,Hospital_3,138250
2026-03-01T01:04:26Z,9,Hospital_1,121150
2026-03-01T01:04:26Z,9,Hospital_4,121150
2026-03-01T01:04:26Z,9,Hospital_3,121150
2026-03-01T01:04:26Z,9,Hospital_2,138250
2026-03-01T01:04:59Z,10,Hospital_4,121150
2026-03-01T01:04:59Z,10,Hospital_3,138238
2026-03-01T01:04:59Z,10,Hospital_2,121150
2026-03-01T01:04:59Z,10,Hospital_1,121150
2026-03-01T01:05:32Z,11,Hospital_3,121150
2026-03-01T01:05:32Z,11,Hospital_1,121150
2026-03-01T01:05:32Z,11,Hospital_2,138250
2026-03-01T01:05:32Z,11,Hospital_4,121150
2026-03-01T01:06:04Z,12,Hospital_4,121150
2026-03-01T01:06:04Z,12,Hospital_3,121150
2026-03-01T01:06:04Z,12,Hospital_1,121138
2026-03-01T01:06:04Z,12,Hospital_2,138250
2026-03-01T01:06:36Z,13,Hospital_1,121150
2026-03-01T01:06:36Z,13,Hospital_4,121150
2026-03-01T01:06:36Z,13,Hospital_3,138250
2026-03-01T01:06:36Z,13,Hospital_2,121150
2026-03-01T01:07:09Z,14,Hospital_2,138250
2026-03-01T01:07:09Z,14,Hospital_1,121150
2026-03-01T01:07:09Z,14,Hospital_4,121150
2026-03-01T01:07:09Z,14,Hospital_3,121138
2026-03-01T01:07:41Z,15,Hospital_3,121138
2026-03-01T01:07:41Z,15,Hospital_1,121150
2026-03-01T01:07:41Z,15,Hospital_2,138250
2026-03-01T01:07:41Z,15,Hospital_4,121150
2026-03-01T01:08:15Z,16,Hospital_1,121150
2026-03-01T01:08:15Z,16,Hospital_4,121150
2026-03-01T01:08:15Z,16,Hospital_3,138250
2026-03-01T01:08:15Z,16,Hospital_2,121150
2026-03-01T01:08:47Z,17,Hospital_3,121150
2026-03-01T01:08:47Z,17,Hospital_4,121150
2026-03-01T01:08:47Z,17,Hospital_1,121150
2026-03-01T01:08:47Z,17,Hospital_2,138250
2026-03-01T01:09:19Z,18,Hospital_2,138250
2026-03-01T01:09:19Z,18,Hospital_1,121150
2026-03-01T01:09:19Z,18,Hospital_4,121150
2026-03-01T01:09:19Z,18,Hospital_3,121150
2026-03-01T01:09:51Z,19,Hospital_1,121150
2026-03-01T01:09:51Z,19,Hospital_3,121138
2026-03-01T01:09:51Z,19,Hospital_4,121150
2026-03-01T01:09:51Z,19,Hospital_2,138250
2026-03-01T01:10:24Z,20,Hospital_4,121150
2026-03-01T01:10:24Z,20,Hospital_2,138250
2026-03-01T01:10:24Z,20,Hospital_1,121150
2026-03-01T01:10:24Z,20,Hospital_3,121150
2026-03-01T01:10:56Z,21,Hospital_1,121150
2026-03-01T01:10:56Z,21,Hospital_4,121150
2026-03-01T01:10:56Z,21,Hospital_3,121150
2026-03-01T01:10:56Z,21,Hospital_2,138250
2026-03-01T01:11:29Z,22,Hospital_4,121150
2026-03-01T01:11:29Z,22,Hospital_1,121150
2026-03-01T01:11:29Z,22,Hospital_3,121150
2026-03-01T01:11:29Z,22,Hospital_2,138250
2026-03-01T01:12:01Z,23,Hospital_1,121150
2026-03-01T01:12:01Z,23,Hospital_3,121150
2026-03-01T01:12:01Z,23,Hospital_2,138250
2026-03-01T01:12:01Z,23,Hospital_4,121150
2026-03-01T01:12:34Z,24,Hospital_2,121150
2026-03-01T01:12:34Z,24,Hospital_4,121150
2026-03-01T01:12:34Z,24,Hospital_3,138250
2026-03-01T01:12:34Z,24,Hospital_1,121138
2026-03-01T01:13:06Z,25,Hospital_2,138250
2026-03-01T01:13:06Z,25,Hospital_4,121150
2026-03-01T01:13:06Z,25,Hospital_3,121150
2026-03-01T01:13:06Z,25,Hospital_1,121150
2026-03-01T01:13:39Z,26,Hospital_2,138250
2026-03-01T01:13:39Z,26,Hospital_4,121150
2026-03-01T01:13:39Z,26,Hospital_3,121138
2026-03-01T01:13:39Z,26,Hospital_1,121150
2026-03-01T01:14:11Z,27,Hospital_1,121150
2026-03-01T01:14:11Z,27,Hospital_2,138250
2026-03-01T01:14:11Z,27,Hospital_3,121138
2026-03-01T01:14:11Z,27,Hospital_4,121150
2026-03-01T01:14:43Z,28,Hospital_4,121150
2026-03-01T01:14:43Z,28,Hospital_1,121150
2026-03-01T01:14:43Z,28,Hospital_3,138250
2026-03-01T01:14:43Z,28,Hospital_2,121150
2026-03-01T01:15:16Z,29,Hospital_1,121150
2026-03-01T01:15:16Z,29,Hospital_4,121150
2026-03-01T01:15:16Z,29,Hospital_2,138250
2026-03-01T01:15:16Z,29,Hospital_3,121150
2026-03-01T01:15:48Z,30,Hospital_2,121138
2026-03-01T01:15:48Z,30,Hospital_1,121150
2026-03-01T01:15:48Z,30,Hospital_3,138250
2026-03-01T01:15:48Z,30,Hospital_4,121150
2026-03-01T01:16:21Z,1,Hospital_4,121150
2026-03-01T01:16:21Z,1,Hospital_3,138238
2026-03-01T01:16:53Z,2,Hospital_2,121150
2026-03-01T01:16:53Z,2,Hospital_1,121150
2026-03-01T01:16:53Z,2,Hospital_4,121150
2026-03-01T01:16:53Z,2,Hospital_3,138250
2026-03-01T01:17:26Z,3,Hospital_4,121150
2026-03-01T01:17:26Z,3,Hospital_1,121150
2026-03-01T01:17:26Z,3,Hospital_2,121150
2026-03-01T01:17:26Z,3,Hospital_3,138250
2026-03-01T01:17:58Z,4,Hospital_2,138250
2026-03-01T01:17:58Z,4,Hospital_1,121150
2026-03-01T01:17:58Z,4,Hospital_3,121150
2026-03-01T01:17:58Z,4,Hospital_4,121150
2026-03-01T01:18:29Z,5,Hospital_3,138250
2026-03-01T01:18:29Z,5,Hospital_1,121150
2026-03-01T01:18:29Z,5,Hospital_4,121150
2026-03-01T01:18:29Z,5,Hospital_2,121150
2026-03-01T01:19:00Z,6,Hospital_1,121138
2026-03-01T01:19:00Z,6,Hospital_3,121150
2026-03-01T01:19:00Z,6,Hospital_4,121150
2026-03-01T01:19:00Z,6,Hospital_2,138250
2026-03-01T01:19:31Z,7,Hospital_3,138250
2026-03-01T01:19:31Z,7,Hospital_1,121150
2026-03-01T01:19:31Z,7,Hospital_4,121150
2026-03-01T01:19:31Z,7,Hospital_2,121138
2026-03-01T01:20:03Z,8,Hospital_4,121150
2026-03-01T01:20:03Z,8,Hospital_3,121150
2026-03-01T01:20:03Z,8,Hospital_1,121150
2026-03-01T01:20:03Z,8,Hospital_2,138250
2026-03-01T01:20:35Z,9,Hospital_4,121150
2026-03-01T01:20:35Z,9,Hospital_1,121150
2026-03-01T01:20:35Z,9,Hospital_2,121150
2026-03-01T01:20:35Z,9,Hospital_3,138238
2026-03-01T01:21:07Z,10,Hospital_4,121150
2026-03-01T01:21:07Z,10,Hospital_2,138250
2026-03-01T01:21:07Z,10,Hospital_1,121150
2026-03-01T01:21:07Z,10,Hospital_3,121150
2026-03-01T01:21:39Z,11,Hospital_4,121150
2026-03-01T01:21:39Z,11,Hospital_3,138250
2026-03-01T01:21:39Z,11,Hospital_2,121150
2026-03-01T01:21:39Z,11,Hospital_1,121150
2026-03-01T01:22:10Z,12,Hospital_2,121150
2026-03-01T01:22:10Z,12,Hospital_3,138250
2026-03-01T01:22:10Z,12,Hospital_1,121150
2026-03-01T01:22:10Z,12,Hospital_4,121150
2026-03-01T01:22:42Z,13,Hospital_3,138250
2026-03-01T01:22:42Z,13,Hospital_2,121150
2026-03-01T01:22:42Z,13,Hospital_4,121150
2026-03-01T01:22:42Z,13,Hospital_1,121150
2026-03-01T01:23:14Z,14,Hospital_2,138250
2026-03-01T01:23:14Z,14,Hospital_3,121150
2026-03-01T01:23:14Z,14,Hospital_4,121150
2026-03-01T01:23:14Z,14,Hospital_1,121150
2026-03-01T01:23:46Z,15,Hospital_1,121150
2026-03-01T01:23:46Z,15,Hospital_4,121150
2026-03-01T01:23:46Z,15,Hospital_3,121138
2026-03-01T01:23:46Z,15,Hospital_2,138250
2026-03-01T01:24:18Z,16,Hospital_1,121150
2026-03-01T01:24:18Z,16,Hospital_2,121150
2026-03-01T01:24:18Z,16,Hospital_4,121150
2026-03-01T01:24:18Z,16,Hospital_3,138250
2026-03-01T01:24:49Z,17,Hospital_4,121138
2026-03-01T01:24:49Z,17,Hospital_1,121150
2026-03-01T01:24:49Z,17,Hospital_3,121150
2026-03-01T01:24:49Z,17,Hospital_2,138250
2026-03-01T01:25:21Z,18,Hospital_2,138250
2026-03-01T01:25:21Z,18,Hospital_4,121150
2026-03-01T01:25:21Z,18,Hospital_3,121138
2026-03-01T01:25:21Z,18,Hospital_1,121138
2026-03-01T01:25:53Z,19,Hospital_4,121150
2026-03-01T01:25:53Z,19,Hospital_2,138250
2026-03-01T01:25:53Z,19,Hospital_3,121150
2026-03-01T01:25:53Z,19,Hospital_1,121138
2026-03-01T01:26:25Z,20,Hospital_1,121138
2026-03-01T01:26:25Z,20,Hospital_3,121150
2026-03-01T01:26:25Z,20,Hospital_4,121150
2026-03-01T01:26:25Z,20,Hospital_2,138238
2026-03-01T01:26:56Z,21,Hospital_3,121150
2026-03-01T01:26:56Z,21,Hospital_4,121138
2026-03-01T01:26:56Z,21,Hospital_2,138250
2026-03-01T01:26:56Z,21,Hospital_1,121150
2026-03-01T01:27:27Z,22,Hospital_2,138250
2026-03-01T01:27:27Z,22,Hospital_3,121150
2026-03-01T01:27:27Z,22,Hospital_4,121150
2026-03-01T01:27:27Z,22,Hospital_1,121138
2026-03-01T01:27:59Z,23,Hospital_1,121150
2026-03-01T01:27:59Z,23,Hospital_3,138250
2026-03-01T01:27:59Z,23,Hospital_2,121138
2026-03-01T01:27:59Z,23,Hospital_4,121150
2026-03-01T01:28:30Z,24,Hospital_4,121150
2026-03-01T01:28:30Z,24,Hospital_2,138250
2026-03-01T01:28:30Z,24,Hospital_3,121150
2026-03-01T01:28:30Z,24,Hospital_1,121150
2026-03-01T01:29:01Z,25,Hospital_1,121150
2026-03-01T01:29:01Z,25,Hospital_3,138250
2026-03-01T01:29:01Z,25,Hospital_4,121150
2026-03-01T01:29:01Z,25,Hospital_2,121150
2026-03-01T01:29:32Z,26,Hospital_4,121150
2026-03-01T01:29:32Z,26,Hospital_3,138238
2026-03-01T01:29:32Z,26,Hospital_1,121150
2026-03-01T01:29:32Z,26,Hospital_2,121150
2026-03-01T01:30:03Z,27,Hospital_2,138250
2026-03-01T01:30:03Z,27,Hospital_3,121150
2026-03-01T01:30:03Z,27,Hospital_4,121150
2026-03-01T01:30:03Z,27,Hospital_1,121150
2026-03-01T01:30:34Z,28,Hospital_4,121150
2026-03-01T01:30:34Z,28,Hospital_3,121150
2026-03-01T01:30:34Z,28,Hospital_2,138250
2026-03-01T01:30:34Z,28,Hospital_1,121150
2026-03-01T01:31:05Z,29,Hospital_1,121126
2026-03-01T01:31:05Z,29,Hospital_2,121150
2026-03-01T01:31:05Z,29,Hospital_3,138250
2026-03-01T01:31:05Z,29,Hospital_4,121150
2026-03-01T01:31:37Z,30,Hospital_2,138250
2026-03-01T01:31:37Z,30,Hospital_4,121150
2026-03-01T01:31:37Z,30,Hospital_1,121138
2026-03-01T01:31:37Z,30,Hospital_3,121138
2026-03-01T01:32:11Z,1,Hospital_3,121150
2026-03-01T01:32:11Z,1,Hospital_2,138250
2026-03-01T01:32:44Z,2,Hospital_4,121150
2026-03-01T01:32:44Z,2,Hospital_1,121150
2026-03-01T01:32:44Z,2,Hospital_2,138238
2026-03-01T01:32:44Z,2,Hospital_3,121150
2026-03-01T01:33:16Z,3,Hospital_2,121150
2026-03-01T01:33:16Z,3,Hospital_4,121150
2026-03-01T01:33:16Z,3,Hospital_1,121150
2026-03-01T01:33:16Z,3,Hospital_3,138250
2026-03-01T01:33:48Z,4,Hospital_4,121138
2026-03-01T01:33:48Z,4,Hospital_3,121138
2026-03-01T01:33:48Z,4,Hospital_1,121150
2026-03-01T01:33:48Z,4,Hospital_2,138250
2026-03-01T01:34:20Z,5,Hospital_4,121150
2026-03-01T01:34:20Z,5,Hospital_3,121150
2026-03-01T01:34:20Z,5,Hospital_2,138250
2026-03-01T01:34:20Z,5,Hospital_1,121150
2026-03-01T01:34:51Z,6,Hospital_3,138250
2026-03-01T01:34:51Z,6,Hospital_4,121150
2026-03-01T01:34:51Z,6,Hospital_2,121150
2026-03-01T01:34:51Z,6,Hospital_1,121150
2026-03-01T01:35:22Z,7,Hospital_1,121150
2026-03-01T01:35:22Z,7,Hospital_4,121150
2026-03-01T01:35:22Z,7,Hospital_3,121138
2026-03-01T01:35:22Z,7,Hospital_2,138250
2026-03-01T01:35:53Z,8,Hospital_2,138250
2026-03-01T01:35:53Z,8,Hospital_4,121150
2026-03-01T01:35:53Z,8,Hospital_1,121150
2026-03-01T01:35:53Z,8,Hospital_3,121150
2026-03-01T01:36:24Z,9,Hospital_1,121150
2026-03-01T01:36:24Z,9,Hospital_2,138250
2026-03-01T01:36:24Z,9,Hospital_4,121138
2026-03-01T01:36:24Z,9,Hospital_3,121150
2026-03-01T01:36:55Z,10,Hospital_3,121150
2026-03-01T01:36:55Z,10,Hospital_2,138250
2026-03-01T01:36:55Z,10,Hospital_4,121150
2026-03-01T01:36:55Z,10,Hospital_1,121150
2026-03-01T01:37:26Z,11,Hospital_3,138250
2026-03-01T01:37:26Z,11,Hospital_1,121150
2026-03-01T01:37:26Z,11,Hospital_2,121150
2026-03-01T01:37:26Z,11,Hospital_4,121150
2026-03-01T01:37:57Z,12,Hospital_4,121150
2026-03-01T01:37:57Z,12,Hospital_3,138238
2026-03-01T01:37:57Z,12,Hospital_2,121150
2026-03-01T01:37:57Z,12,Hospital_1,121150
2026-03-01T01:38:29Z,13,Hospital_3,121150
2026-03-01T01:38:29Z,13,Hospital_1,121150
2026-03-01T01:38:29Z,13,Hospital_4,121150
2026-03-01T01:38:29Z,13,Hospital_2,138238
2026-03-01T01:39:00Z,14,Hospital_2,121150
2026-03-01T01:39:00Z,14,Hospital_3,138250
2026-03-01T01:39:00Z,14,Hospital_1,121150
2026-03-01T01:39:00Z,14,Hospital_4,121150
2026-03-01T01:39:32Z,15,Hospital_4,121150
2026-03-01T01:39:32Z,15,Hospital_3,138250
2026-03-01T01:39:32Z,15,Hospital_2,121150
2026-03-01T01:39:32Z,15,Hospital_1,121150
2026-03-01T01:40:04Z,16,Hospital_3,138250
2026-03-01T01:40:04Z,16,Hospital_4,121150
2026-03-01T01:40:04Z,16,Hospital_1,121150
2026-03-01T01:40:04Z,16,Hospital_2,121150
2026-03-01T01:40:35Z,17,Hospital_2,121126
2026-03-01T01:40:35Z,17,Hospital_3,138250
2026-03-01T01:40:35Z,17,Hospital_1,121150
2026-03-01T01:40:35Z,17,Hospital_4,121150
2026-03-01T01:41:06Z,18,Hospital_3,121150
2026-03-01T01:41:06Z,18,Hospital_2,138250
2026-03-01T01:41:06Z,18,Hospital_4,121150
2026-03-01T01:41:06Z,18,Hospital_1,121150
2026-03-01T01:41:37Z,19,Hospital_3,138250
2026-03-01T01:41:37Z,19,Hospital_4,121150
2026-03-01T01:41:37Z,19,Hospital_1,121150
2026-03-01T01:41:37Z,19,Hospital_2,121150
2026-03-01T01:42:08Z,20,Hospital_2,138238
2026-03-01T01:42:08Z,20,Hospital_3,121150
2026-03-01T01:42:08Z,20,Hospital_4,121150
2026-03-01T01:42:08Z,20,Hospital_1,121150
2026-03-01T01:42:39Z,21,Hospital_1,121150
2026-03-01T01:42:39Z,21,Hospital_2,138250
2026-03-01T01:42:39Z,21,Hospital_3,121150
2026-03-01T01:42:39Z,21,Hospital_4,121150
2026-03-01T01:43:10Z,22,Hospital_3,138250
2026-03-01T01:43:10Z,22,Hospital_4,121150
2026-03-01T01:43:10Z,22,Hospital_2,121150
2026-03-01T01:43:10Z,22,Hospital_1,121150
2026-03-01T01:43:41Z,23,Hospital_4,121150
2026-03-01T01:43:41Z,23,Hospital_1,121150
2026-03-01T01:43:41Z,23,Hospital_2,121150
2026-03-01T01:43:41Z,23,Hospital_3,138250
2026-03-01T01:44:28Z,24,Hospital_4,121150
2026-03-01T01:44:28Z,24,Hospital_3,138250
2026-03-01T01:44:28Z,24,Hospital_2,121150
2026-03-01T01:44:28Z,24,Hospital_1,121150
2026-03-01T01:45:00Z,25,Hospital_2,138250
2026-03-01T01:45:00Z,25,Hospital_1,121138
2026-03-01T01:45:00Z,25,Hospital_4,121150
2026-03-01T01:45:00Z,25,Hospital_3,121150
2026-03-01T01:45:33Z,26,Hospital_1,121150
2026-03-01T01:45:33Z,26,Hospital_2,138238
2026-03-01T01:45:33Z,26,Hospital_3,121150
2026-03-01T01:45:33Z,26,Hospital_4,121150
2026-03-01T01:46:07Z,27,Hospital_1,121150
2026-03-01T01:46:07Z,27,Hospital_4,121150
2026-03-01T01:46:07Z,27,Hospital_2,138250
2026-03-01T01:46:07Z,27,Hospital_3,121150
2026-03-01T01:46:41Z,28,Hospital_2,138238
2026-03-01T01:46:41Z,28,Hospital_1,121150
2026-03-01T01:46:41Z,28,Hospital_3,121150
2026-03-01T01:46:41Z,28,Hospital_4,121150
2026-03-01T01:47:15Z,29,Hospital_4,121150
2026-03-01T01:47:15Z,29,Hospital_3,138238
2026-03-01T01:47:15Z,29,Hospital_1,121150
2026-03-01T01:47:15Z,29,Hospital_2,121150
2026-03-01T01:47:48Z,30,Hospital_1,121150
2026-03-01T01:47:48Z,30,Hospital_3,138250
2026-03-01T01:47:48Z,30,Hospital_2,121150
2026-03-01T01:47:48Z,30,Hospital_4,121150
2026-03-01T01:48:25Z,1,Hospital_2,138250
2026-03-01T01:48:25Z,1,Hospital_4,121150
2026-03-01T01:48:49Z,2,Hospital_3,121150
2026-03-01T01:48:49Z,2,Hospital_5,121150
2026-03-01T01:48:49Z,2,Hospital_2,121150
2026-03-01T01:48:49Z,2,Hospital_4,138250
2026-03-01T01:49:12Z,3,Hospital_2,121138
2026-03-01T01:49:12Z,3,Hospital_5,121138
2026-03-01T01:49:12Z,3,Hospital_4,138250
2026-03-01T01:49:12Z,3,Hospital_3,121150
2026-03-01T01:49:36Z,4,Hospital_5,121150
2026-03-01T01:49:36Z,4,Hospital_4,138250
2026-03-01T01:49:36Z,4,Hospital_3,121150
2026-03-01T01:49:36Z,4,Hospital_2,121150
2026-03-01T01:50:00Z,5,Hospital_5,121150
2026-03-01T01:50:00Z,5,Hospital_4,138250
2026-03-01T01:50:00Z,5,Hospital_3,121150
2026-03-01T01:50:00Z,5,Hospital_2,121150
2026-03-01T01:50:25Z,6,Hospital_4,121150
2026-03-01T01:50:25Z,6,Hospital_2,138250
2026-03-01T01:50:25Z,6,Hospital_5,121150
2026-03-01T01:50:25Z,6,Hospital_3,121150
2026-03-01T01:50:48Z,7,Hospital_4,121150
2026-03-01T01:50:48Z,7,Hospital_5,121150
2026-03-01T01:50:48Z,7,Hospital_3,121150
2026-03-01T01:50:48Z,7,Hospital_2,138238
2026-03-01T01:51:11Z,8,Hospital_2,121150
2026-03-01T01:51:11Z,8,Hospital_5,121150
2026-03-01T01:51:11Z,8,Hospital_3,121138
2026-03-01T01:51:11Z,8,Hospital_4,138238
2026-03-01T01:51:35Z,9,Hospital_2,121150
2026-03-01T01:51:35Z,9,Hospital_3,121150
2026-03-01T01:51:35Z,9,Hospital_5,121150
2026-03-01T01:51:35Z,9,Hospital_4,138250
2026-03-01T01:51:58Z,10,Hospital_2,138250
2026-03-01T01:51:58Z,10,Hospital_4,121126
2026-03-01T01:51:58Z,10,Hospital_3,121150
2026-03-01T01:51:58Z,10,Hospital_5,121150
2026-03-01T01:52:20Z,11,Hospital_2,138250
2026-03-01T01:52:20Z,11,Hospital_4,121150
2026-03-01T01:52:20Z,11,Hospital_5,121138
2026-03-01T01:52:20Z,11,Hospital_3,121150
2026-03-01T01:52:42Z,12,Hospital_4,121150
2026-03-01T01:52:42Z,12,Hospital_3,121150
2026-03-01T01:52:42Z,12,Hospital_2,138250
2026-03-01T01:52:42Z,12,Hospital_5,121150
2026-03-01T01:53:04Z,13,Hospital_3,121150
2026-03-01T01:53:04Z,13,Hospital_4,121150
2026-03-01T01:53:04Z,13,Hospital_5,121150
2026-03-01T01:53:04Z,13,Hospital_2,138250
2026-03-01T01:53:26Z,14,Hospital_5,121150
2026-03-01T01:53:26Z,14,Hospital_4,121150
2026-03-01T01:53:26Z,14,Hospital_2,138250
2026-03-01T01:53:26Z,14,Hospital_3,121150
2026-03-01T01:53:48Z,15,Hospital_3,121150
2026-03-01T01:53:48Z,15,Hospital_4,121126
2026-03-01T01:53:48Z,15,Hospital_5,121150
2026-03-01T01:53:48Z,15,Hospital_2,138250
2026-03-01T01:54:11Z,16,Hospital_4,121150
2026-03-01T01:54:11Z,16,Hospital_3,121138
2026-03-01T01:54:11Z,16,Hospital_2,138250
2026-03-01T01:54:11Z,16,Hospital_5,121150
2026-03-01T01:54:53Z,17,Hospital_3,121150
2026-03-01T01:54:53Z,17,Hospital_4,121150
2026-03-01T01:54:53Z,17,Hospital_5,121150
2026-03-01T01:54:53Z,17,Hospital_2,138250
2026-03-01T01:55:16Z,18,Hospital_4,138250
2026-03-01T01:55:16Z,18,Hospital_5,121150
2026-03-01T01:55:16Z,18,Hospital_2,121150
2026-03-01T01:55:16Z,18,Hospital_3,121138
2026-03-01T01:55:38Z,19,Hospital_5,121150
2026-03-01T01:55:38Z,19,Hospital_3,121150
2026-03-01T01:55:38Z,19,Hospital_2,138250
2026-03-01T01:55:38Z,19,Hospital_4,121150
2026-03-01T01:56:01Z,20,Hospital_5,121150
2026-03-01T01:56:01Z,20,Hospital_3,121150
2026-03-01T01:56:01Z,20,Hospital_4,121150
2026-03-01T01:56:01Z,20,Hospital_2,138238
2026-03-01T01:56:24Z,21,Hospital_4,138250
2026-03-01T01:56:24Z,21,Hospital_2,121150
2026-03-01T01:56:24Z,21,Hospital_3,121150
2026-03-01T01:56:24Z,21,Hospital_5,121150
2026-03-01T01:56:46Z,22,Hospital_5,121150
2026-03-01T01:56:46Z,22,Hospital_2,138238
2026-03-01T01:56:46Z,22,Hospital_3,121150
2026-03-01T01:56:46Z,22,Hospital_4,121150
2026-03-01T01:57:08Z,23,Hospital_4,138250
2026-03-01T01:57:08Z,23,Hospital_5,121138
2026-03-01T01:57:08Z,23,Hospital_2,121150
2026-03-01T01:57:08Z,23,Hospital_3,121150
2026-03-01T01:57:30Z,24,Hospital_4,138250
2026-03-01T01:57:30Z,24,Hospital_5,121150
2026-03-01T01:57:30Z,24,Hospital_2,121150
2026-03-01T01:57:30Z,24,Hospital_3,121150
2026-03-01T01:57:53Z,25,Hospital_4,121150
2026-03-01T01:57:53Z,25,Hospital_5,121150
2026-03-01T01:57:53Z,25,Hospital_3,121150
2026-03-01T01:57:53Z,25,Hospital_2,138250
2026-03-01T01:58:15Z,26,Hospital_4,121150
2026-03-01T01:58:15Z,26,Hospital_5,121138
2026-03-01T01:58:15Z,26,Hospital_3,121150
2026-03-01T01:58:15Z,26,Hospital_2,138250
2026-03-01T01:58:37Z,27,Hospital_5,121150
2026-03-01T01:58:37Z,27,Hospital_2,138250
2026-03-01T01:58:37Z,27,Hospital_3,121150
2026-03-01T01:58:37Z,27,Hospital_4,121150
2026-03-01T01:59:00Z,28,Hospital_4,121138
2026-03-01T01:59:00Z,28,Hospital_2,138250
2026-03-01T01:59:00Z,28,Hospital_5,121150
2026-03-01T01:59:00Z,28,Hospital_3,121150
2026-03-01T01:59:24Z,29,Hospital_4,138250
2026-03-01T01:59:24Z,29,Hospital_2,121150
2026-03-01T01:59:24Z,29,Hospital_5,121150
2026-03-01T01:59:24Z,29,Hospital_3,121150
2026-03-01T01:59:46Z,30,Hospital_5,138250
2026-03-01T01:59:46Z,30,Hospital_2,121150
2026-03-01T01:59:46Z,30,Hospital_3,121150
2026-03-01T01:59:46Z,30,Hospital_4,121126
2026-03-15T14:24:46Z,1,Hospital_4,121166
2026-03-15T14:24:46Z,1,Hospital_5,138266
2026-03-15T14:24:54Z,2,Hospital_3,121166
2026-03-15T14:24:54Z,2,Hospital_2,121166
2026-03-15T14:24:54Z,2,Hospital_4,121166
2026-03-15T14:24:54Z,2,Hospital_1,121154
2026-03-15T14:24:54Z,2,Hospital_5,138266
2026-03-15T14:25:27Z,3,Hospital_5,121154
2026-03-15T14:25:27Z,3,Hospital_2,121166
2026-03-15T14:25:27Z,3,Hospital_3,121166
2026-03-15T14:25:27Z,3,Hospital_1,138266
2026-03-15T14:25:27Z,3,Hospital_4,121166
2026-03-15T14:25:29Z,4,Hospital_1,121166
2026-03-15T14:25:29Z,4,Hospital_5,121154
2026-03-15T14:25:29Z,4,Hospital_2,138266
2026-03-15T14:25:29Z,4,Hospital_3,121166
2026-03-15T14:25:29Z,4,Hospital_4,121166
2026-03-15T14:25:31Z,5,Hospital_2,121166
2026-03-15T14:25:31Z,5,Hospital_4,121166
2026-03-15T14:25:31Z,5,Hospital_1,138266
2026-03-15T14:25:31Z,5,Hospital_3,121166
2026-03-15T14:25:31Z,5,Hospital_5,121166
2026-03-15T14:25:33Z,6,Hospital_4,121166
2026-03-15T14:25:33Z,6,Hospital_5,138266
2026-03-15T14:25:33Z,6,Hospital_2,121166
2026-03-15T14:25:33Z,6,Hospital_3,121166
2026-03-15T14:25:33Z,6,Hospital_1,121154
2026-03-15T14:25:35Z,7,Hospital_2,121166
2026-03-15T14:25:35Z,7,Hospital_3,121166
2026-03-15T14:25:35Z,7,Hospital_5,138266
2026-03-15T14:25:35Z,7,Hospital_4,121166
2026-03-15T14:25:35Z,7,Hospital_1,121166
2026-03-15T14:25:37Z,8,Hospital_3,121166
2026-03-15T14:25:37Z,8,Hospital_1,121166
2026-03-15T14:25:37Z,8,Hospital_4,138266
2026-03-15T14:25:37Z,8,Hospital_2,121166
2026-03-15T14:25:37Z,8,Hospital_5,121166
2026-03-15T14:25:39Z,9,Hospital_3,121166
2026-03-15T14:25:39Z,9,Hospital_1,121166
2026-03-15T14:25:39Z,9,Hospital_4,138266
2026-03-15T14:25:39Z,9,Hospital_5,121166
2026-03-15T14:25:39Z,9,Hospital_2,121166
2026-03-15T14:25:41Z,10,Hospital_3,138266
2026-03-15T14:25:41Z,10,Hospital_1,121166
2026-03-15T14:25:41Z,10,Hospital_2,121166
2026-03-15T14:25:41Z,10,Hospital_4,121166
2026-03-15T14:25:41Z,10,Hospital_5,121166
2026-03-15T14:25:44Z,11,Hospital_5,121166
2026-03-15T14:25:44Z,11,Hospital_3,121166
2026-03-15T14:25:44Z,11,Hospital_2,121166
2026-03-15T14:25:44Z,11,Hospital_4,121154
2026-03-15T14:25:44Z,11,Hospital_1,138266
2026-03-15T14:25:46Z,12,Hospital_5,121166
2026-03-15T14:25:46Z,12,Hospital_3,121166
2026-03-15T14:25:46Z,12,Hospital_4,138266
2026-03-15T14:25:46Z,12,Hospital_2,121166
2026-03-15T14:25:46Z,12,Hospital_1,121166
2026-03-15T14:25:48Z,13,Hospital_1,138266
2026-03-15T14:25:48Z,13,Hospital_4,121154
2026-03-15T14:25:48Z,13,Hospital_3,121166
2026-03-15T14:25:48Z,13,Hospital_5,121166
2026-03-15T14:25:48Z,13,Hospital_2,121166
2026-03-15T14:25:50Z,14,Hospital_1,121166
2026-03-15T14:25:50Z,14,Hospital_4,121166
2026-03-15T14:25:50Z,14,Hospital_2,121166
2026-03-15T14:25:50Z,14,Hospital_3,138266
2026-03-15T14:25:50Z,14,Hospital_5,121166
2026-03-15T14:25:52Z,15,Hospital_4,121166
2026-03-15T14:25:52Z,15,Hospital_5,138266
2026-03-15T14:25:52Z,15,Hospital_3,121166
2026-03-15T14:25:52Z,15,Hospital_2,121166
2026-03-15T14:25:52Z,15,Hospital_1,121154
2026-03-15T14:26:24Z,16,Hospital_4,121166
2026-03-15T14:26:24Z,16,Hospital_1,121154
2026-03-15T14:26:24Z,16,Hospital_3,121154
2026-03-15T14:26:24Z,16,Hospital_5,121166
2026-03-15T14:26:24Z,16,Hospital_2,138266
2026-03-15T14:26:26Z,17,Hospital_4,138266
2026-03-15T14:26:26Z,17,Hospital_5,121166
2026-03-15T14:26:26Z,17,Hospital_3,121166
2026-03-15T14:26:26Z,17,Hospital_2,121166
2026-03-15T14:26:26Z,17,Hospital_1,121166
2026-03-15T14:26:28Z,18,Hospital_4,121166
2026-03-15T14:26:28Z,18,Hospital_3,121166
2026-03-15T14:26:28Z,18,Hospital_1,138266
2026-03-15T14:26:28Z,18,Hospital_5,121166
2026-03-15T14:26:28Z,18,Hospital_2,121166
2026-03-15T14:26:30Z,19,Hospital_2,121166
2026-03-15T14:26:30Z,19,Hospital_4,138266
2026-03-15T14:26:30Z,19,Hospital_3,121166
2026-03-15T14:26:30Z,19,Hospital_5,121166
2026-03-15T14:26:30Z,19,Hospital_1,121166
2026-03-15T14:26:32Z,20,Hospital_5,121154
2026-03-15T14:26:32Z,20,Hospital_2,121166
2026-03-15T14:26:32Z,20,Hospital_3,138266
2026-03-15T14:26:32Z,20,Hospital_4,121166
2026-03-15T14:26:32Z,20,Hospital_1,121166
2026-03-15T14:26:34Z,21,Hospital_2,121166
2026-03-15T14:26:34Z,21,Hospital_4,121166
2026-03-15T14:26:34Z,21,Hospital_1,138266
2026-03-15T14:26:34Z,21,Hospital_5,121166
2026-03-15T14:26:34Z,21,Hospital_3,121166
2026-03-15T14:26:36Z,22,Hospital_4,121166
2026-03-15T14:26:36Z,22,Hospital_5,121166
2026-03-15T14:26:36Z,22,Hospital_1,121166
2026-03-15T14:26:36Z,22,Hospital_2,138266
2026-03-15T14:26:36Z,22,Hospital_3,121166
2026-03-15T14:26:38Z,23,Hospital_3,121166
2026-03-15T14:26:38Z,23,Hospital_1,121166
2026-03-15T14:26:38Z,23,Hospital_2,121166
2026-03-15T14:26:38Z,23,Hospital_4,138266
2026-03-15T14:26:38Z,23,Hospital_5,121166
2026-03-15T14:26:41Z,24,Hospital_2,121154
2026-03-15T14:26:41Z,24,Hospital_5,121166
2026-03-15T14:26:41Z,24,Hospital_1,121166
2026-03-15T14:26:41Z,24,Hospital_4,121154
2026-03-15T14:26:41Z,24,Hospital_3,138254
2026-03-15T14:26:43Z,25,Hospital_5,121166
2026-03-15T14:26:43Z,25,Hospital_1,121166
2026-03-15T14:26:43Z,25,Hospital_4,121166
2026-03-15T14:26:43Z,25,Hospital_2,138266
2026-03-15T14:26:43Z,25,Hospital_3,121166
2026-03-15T14:26:45Z,26,Hospital_5,121166
2026-03-15T14:26:45Z,26,Hospital_4,121166
2026-03-15T14:26:45Z,26,Hospital_2,121166
2026-03-15T14:26:45Z,26,Hospital_1,121166
2026-03-15T14:26:45Z,26,Hospital_3,138254
2026-03-15T14:26:47Z,27,Hospital_4,121166
2026-03-15T14:26:47Z,27,Hospital_5,138254
2026-03-15T14:26:47Z,27,Hospital_1,121166
2026-03-15T14:26:47Z,27,Hospital_3,121166
2026-03-15T14:26:47Z,27,Hospital_2,121166
2026-03-15T14:26:49Z,28,Hospital_5,121166
2026-03-15T14:26:49Z,28,Hospital_4,138266
2026-03-15T14:26:49Z,28,Hospital_1,121166
2026-03-15T14:26:49Z,28,Hospital_2,121166
2026-03-15T14:26:49Z,28,Hospital_3,121166
2026-03-15T14:26:51Z,29,Hospital_2,121166
2026-03-15T14:26:51Z,29,Hospital_4,138266
2026-03-15T14:26:51Z,29,Hospital_5,121166
2026-03-15T14:26:51Z,29,Hospital_3,121166
2026-03-15T14:26:51Z,29,Hospital_1,121166
2026-03-15T14:26:53Z,30,Hospital_4,138266
2026-03-15T14:26:53Z,30,Hospital_1,121166
2026-03-15T14:26:53Z,30,Hospital_5,121166
2026-03-15T14:26:53Z,30,Hospital_3,121166
2026-03-15T14:26:53Z,30,Hospital_2,121166
2026-03-15T14:26:55Z,31,Hospital_3,138266
2026-03-15T14:26:55Z,31,Hospital_4,121166
2026-03-15T14:26:55Z,31,Hospital_1,121166
2026-03-15T14:26:55Z,31,Hospital_5,121166
2026-03-15T14:26:55Z,31,Hospital_2,121166
2026-03-15T14:26:57Z,32,Hospital_2,121166
2026-03-15T14:26:57Z,32,Hospital_3,121154
2026-03-15T14:26:57Z,32,Hospital_4,121166
2026-03-15T14:26:57Z,32,Hospital_1,138266
2026-03-15T14:26:57Z,32,Hospital_5,121166
2026-03-15T14:26:59Z,33,Hospital_2,138266
2026-03-15T14:26:59Z,33,Hospital_3,121166
2026-03-15T14:26:59Z,33,Hospital_4,121154
2026-03-15T14:26:59Z,33,Hospital_1,121166
2026-03-15T14:26:59Z,33,Hospital_5,121166
2026-03-15T14:27:01Z,34,Hospital_4,138266
2026-03-15T14:27:01Z,34,Hospital_5,121166
2026-03-15T14:27:01Z,34,Hospital_3,121166
2026-03-15T14:27:01Z,34,Hospital_1,121166
2026-03-15T14:27:01Z,34,Hospital_2,121166
2026-03-15T14:27:03Z,35,Hospital_1,121166
2026-03-15T14:27:03Z,35,Hospital_3,121166
2026-03-15T14:27:03Z,35,Hospital_2,138266
2026-03-15T14:27:03Z,35,Hospital_4,121166
2026-03-15T14:27:03Z,35,Hospital_5,121166
2026-03-15T14:27:05Z,36,Hospital_3,121166
2026-03-15T14:27:05Z,36,Hospital_1,121166
2026-03-15T14:27:05Z,36,Hospital_2,138266
2026-03-15T14:27:05Z,36,Hospital_4,121166
2026-03-15T14:27:05Z,36,Hospital_5,121154
2026-03-15T14:27:08Z,37,Hospital_5,121166
2026-03-15T14:27:08Z,37,Hospital_3,121166
2026-03-15T14:27:08Z,37,Hospital_1,121166
2026-03-15T14:27:08Z,37,Hospital_4,138266
2026-03-15T14:27:08Z,37,Hospital_2,121166
2026-03-15T14:27:10Z,38,Hospital_1,121166
2026-03-15T14:27:10Z,38,Hospital_5,121166
2026-03-15T14:27:10Z,38,Hospital_4,138266
2026-03-15T14:27:10Z,38,Hospital_2,121166
2026-03-15T14:27:10Z,38,Hospital_3,121166
2026-03-15T14:27:12Z,39,Hospital_4,121166
2026-03-15T14:27:12Z,39,Hospital_5,138254
2026-03-15T14:27:12Z,39,Hospital_2,121142
2026-03-15T14:27:12Z,39,Hospital_1,121166
2026-03-15T14:27:12Z,39,Hospital_3,121166
2026-03-15T14:27:14Z,40,Hospital_2,121166
2026-03-15T14:27:14Z,40,Hospital_1,121166
2026-03-15T14:27:14Z,40,Hospital_4,121166
2026-03-15T14:27:14Z,40,Hospital_3,121166
2026-03-15T14:27:14Z,40,Hospital_5,138266
2026-03-15T14:27:16Z,41,Hospital_2,121166
2026-03-15T14:27:16Z,41,Hospital_3,121166
2026-03-15T14:27:16Z,41,Hospital_4,138266
2026-03-15T14:27:16Z,41,Hospital_5,121166
2026-03-15T14:27:16Z,41,Hospital_1,121154
2026-03-15T14:27:18Z,42,Hospital_2,121166
2026-03-15T14:27:18Z,42,Hospital_5,121166
2026-03-15T14:27:18Z,42,Hospital_1,121166
2026-03-15T14:27:18Z,42,Hospital_4,138266
2026-03-15T14:27:18Z,42,Hospital_3,121154
2026-03-15T14:27:50Z,43,Hospital_4,138266
2026-03-15T14:27:50Z,43,Hospital_3,121166
2026-03-15T14:27:50Z,43,Hospital_1,121166
2026-03-15T14:27:50Z,43,Hospital_2,121166
2026-03-15T14:27:50Z,43,Hospital_5,121166
2026-03-15T14:27:52Z,44,Hospital_1,121166
2026-03-15T14:27:52Z,44,Hospital_3,121166
2026-03-15T14:27:52Z,44,Hospital_5,121166
2026-03-15T14:27:52Z,44,Hospital_2,121166
2026-03-15T14:27:52Z,44,Hospital_4,138266
2026-03-15T14:27:54Z,45,Hospital_4,138266
2026-03-15T14:27:54Z,45,Hospital_3,121166
2026-03-15T14:27:54Z,45,Hospital_2,121166
2026-03-15T14:27:54Z,45,Hospital_5,121166
2026-03-15T14:27:54Z,45,Hospital_1,121166
2026-03-15T14:27:56Z,46,Hospital_2,121166
2026-03-15T14:27:56Z,46,Hospital_5,138254
2026-03-15T14:27:56Z,46,Hospital_1,121166
2026-03-15T14:27:56Z,46,Hospital_4,121166
2026-03-15T14:27:56Z,46,Hospital_3,121166
2026-03-15T14:27:58Z,47,Hospital_2,121166
2026-03-15T14:27:58Z,47,Hospital_3,121166
2026-03-15T14:27:58Z,47,Hospital_1,121166
2026-03-15T14:27:58Z,47,Hospital_5,121166
2026-03-15T14:27:58Z,47,Hospital_4,138266
2026-03-15T14:28:00Z,48,Hospital_5,121166
2026-03-15T14:28:00Z,48,Hospital_1,121166
2026-03-15T14:28:00Z,48,Hospital_4,138266
2026-03-15T14:28:00Z,48,Hospital_3,121166
2026-03-15T14:28:00Z,48,Hospital_2,121154
2026-03-15T14:28:02Z,49,Hospital_5,121166
2026-03-15T14:28:02Z,49,Hospital_1,138266
2026-03-15T14:28:02Z,49,Hospital_3,121166
2026-03-15T14:28:02Z,49,Hospital_4,121154
2026-03-15T14:28:02Z,49,Hospital_2,121154
2026-03-15T14:28:05Z,50,Hospital_2,121166
2026-03-15T14:28:05Z,50,Hospital_4,121166
2026-03-15T14:28:05Z,50,Hospital_5,121166
2026-03-15T14:28:05Z,50,Hospital_3,121166
2026-03-15T14:28:05Z,50,Hospital_1,138266
2026-03-15T14:28:25Z,1,Hospital_3,121178
2026-03-15T14:28:25Z,1,Hospital_5,138266
2026-03-15T14:28:33Z,2,Hospital_1,121166
2026-03-15T14:28:33Z,2,Hospital_4,121178
2026-03-15T14:28:33Z,2,Hospital_5,138278
2026-03-15T14:28:33Z,2,Hospital_3,121178
2026-03-15T14:28:33Z,2,Hospital_2,121178
2026-03-15T14:28:36Z,3,Hospital_4,121178
2026-03-15T14:28:36Z,3,Hospital_2,121178
2026-03-15T14:28:36Z,3,Hospital_3,138278
2026-03-15T14:28:36Z,3,Hospital_1,121178
2026-03-15T14:28:36Z,3,Hospital_5,121178
2026-03-15T14:28:39Z,4,Hospital_1,121178
2026-03-15T14:28:39Z,4,Hospital_4,121166
2026-03-15T14:28:39Z,4,Hospital_2,138266
2026-03-15T14:28:39Z,4,Hospital_5,121178
2026-03-15T14:28:39Z,4,Hospital_3,121178
2026-03-15T14:28:42Z,5,Hospital_1,121178
2026-03-15T14:28:42Z,5,Hospital_3,121178
2026-03-15T14:28:42Z,5,Hospital_5,138278
2026-03-15T14:28:42Z,5,Hospital_2,121178
2026-03-15T14:28:42Z,5,Hospital_4,121178
2026-03-15T14:29:15Z,6,Hospital_1,121178
2026-03-15T14:29:15Z,6,Hospital_2,138278
2026-03-15T14:29:15Z,6,Hospital_4,121178
2026-03-15T14:29:15Z,6,Hospital_5,121178
2026-03-15T14:29:15Z,6,Hospital_3,121178
2026-03-15T14:29:18Z,7,Hospital_3,138278
2026-03-15T14:29:18Z,7,Hospital_1,121178
2026-03-15T14:29:18Z,7,Hospital_2,121178
2026-03-15T14:29:18Z,7,Hospital_4,121178
2026-03-15T14:29:18Z,7,Hospital_5,121154
2026-03-15T14:29:22Z,8,Hospital_5,121178
2026-03-15T14:29:22Z,8,Hospital_4,121178
2026-03-15T14:29:22Z,8,Hospital_1,121178
2026-03-15T14:29:22Z,8,Hospital_2,138278
2026-03-15T14:29:22Z,8,Hospital_3,121178
2026-03-15T14:29:25Z,9,Hospital_5,121178
2026-03-15T14:29:25Z,9,Hospital_2,121178
2026-03-15T14:29:25Z,9,Hospital_4,121166
2026-03-15T14:29:25Z,9,Hospital_1,121178
2026-03-15T14:29:25Z,9,Hospital_3,138278
2026-03-15T14:29:28Z,10,Hospital_5,121178
2026-03-15T14:29:28Z,10,Hospital_2,121178
2026-03-15T14:29:28Z,10,Hospital_1,138278
2026-03-15T14:29:28Z,10,Hospital_4,121178
2026-03-15T14:29:28Z,10,Hospital_3,121178
2026-03-15T14:29:31Z,11,Hospital_1,121178
2026-03-15T14:29:31Z,11,Hospital_2,121166
2026-03-15T14:29:31Z,11,Hospital_5,138278
2026-03-15T14:29:31Z,11,Hospital_4,121178
2026-03-15T14:29:31Z,11,Hospital_3,121178
2026-03-15T14:29:34Z,12,Hospital_3,121178
2026-03-15T14:29:34Z,12,Hospital_1,121178
2026-03-15T14:29:34Z,12,Hospital_2,121166
2026-03-15T14:29:34Z,12,Hospital_4,138266
2026-03-15T14:29:34Z,12,Hospital_5,121178
2026-03-15T14:29:37Z,13,Hospital_2,121178
2026-03-15T14:29:37Z,13,Hospital_1,121166
2026-03-15T14:29:37Z,13,Hospital_4,121166
2026-03-15T14:29:37Z,13,Hospital_3,121166
2026-03-15T14:29:37Z,13,Hospital_5,138278
2026-03-15T14:29:40Z,14,Hospital_1,121178
2026-03-15T14:29:40Z,14,Hospital_2,121178
2026-03-15T14:29:40Z,14,Hospital_4,138278
2026-03-15T14:29:40Z,14,Hospital_5,121178
2026-03-15T14:29:40Z,14,Hospital_3,121178
2026-03-15T14:29:43Z,15,Hospital_4,121178
2026-03-15T14:29:43Z,15,Hospital_5,121178
2026-03-15T14:29:43Z,15,Hospital_1,121178
2026-03-15T14:29:43Z,15,Hospital_2,121166
2026-03-15T14:29:43Z,15,Hospital_3,138278
2026-03-15T14:29:46Z,16,Hospital_5,121166
2026-03-15T14:29:46Z,16,Hospital_4,121178
2026-03-15T14:29:46Z,16,Hospital_2,121178
2026-03-15T14:29:46Z,16,Hospital_3,121178
2026-03-15T14:29:46Z,16,Hospital_1,138278
2026-03-15T14:30:19Z,17,Hospital_1,138278
2026-03-15T14:30:19Z,17,Hospital_2,121178
2026-03-15T14:30:19Z,17,Hospital_4,121178
2026-03-15T14:30:19Z,17,Hospital_5,121178
2026-03-15T14:30:19Z,17,Hospital_3,121178
2026-03-15T14:30:53Z,18,Hospital_3,121178
2026-03-15T14:30:53Z,18,Hospital_2,121178
2026-03-15T14:30:53Z,18,Hospital_1,138278
2026-03-15T14:30:53Z,18,Hospital_4,121178
2026-03-15T14:30:53Z,18,Hospital_5,121178
2026-03-15T14:30:56Z,19,Hospital_2,121178
2026-03-15T14:30:56Z,19,Hospital_1,138278
2026-03-15T14:30:56Z,19,Hospital_3,121178
2026-03-15T14:30:56Z,19,Hospital_4,121178
2026-03-15T14:30:56Z,19,Hospital_5,121178
2026-03-15T14:30:59Z,20,Hospital_2,121178
2026-03-15T14:30:59Z,20,Hospital_4,121178
2026-03-15T14:30:59Z,20,Hospital_1,138278
2026-03-15T14:30:59Z,20,Hospital_3,121178
2026-03-15T14:30:59Z,20,Hospital_5,121178
2026-03-15T14:31:02Z,21,Hospital_5,138278
2026-03-15T14:31:02Z,21,Hospital_3,121178
2026-03-15T14:31:02Z,21,Hospital_1,121178
2026-03-15T14:31:02Z,21,Hospital_2,121178
2026-03-15T14:31:02Z,21,Hospital_4,121178
2026-03-15T14:31:05Z,22,Hospital_1,121178
2026-03-15T14:31:05Z,22,Hospital_2,138266
2026-03-15T14:31:05Z,22,Hospital_4,121178
2026-03-15T14:31:05Z,22,Hospital_5,121178
2026-03-15T14:31:05Z,22,Hospital_3,121178
2026-03-15T14:31:08Z,23,Hospital_1,121178
2026-03-15T14:31:08Z,23,Hospital_2,121178
2026-03-15T14:31:08Z,23,Hospital_5,138278
2026-03-15T14:31:08Z,23,Hospital_4,121178
2026-03-15T14:31:08Z,23,Hospital_3,121178
2026-03-15T14:31:11Z,24,Hospital_1,121178
2026-03-15T14:31:11Z,24,Hospital_4,138278
2026-03-15T14:31:11Z,24,Hospital_2,121178
2026-03-15T14:31:11Z,24,Hospital_3,121178
2026-03-15T14:31:11Z,24,Hospital_5,121178
2026-03-15T14:31:14Z,25,Hospital_5,121154
2026-03-15T14:31:14Z,25,Hospital_3,121178
2026-03-15T14:31:14Z,25,Hospital_1,138278
2026-03-15T14:31:14Z,25,Hospital_2,121166
2026-03-15T14:31:14Z,25,Hospital_4,121178
2026-03-15T14:31:17Z,26,Hospital_5,121178
2026-03-15T14:31:17Z,26,Hospital_1,121178
2026-03-15T14:31:17Z,26,Hospital_3,121178
2026-03-15T14:31:17Z,26,Hospital_2,138278
2026-03-15T14:31:17Z,26,Hospital_4,121178
2026-03-15T14:31:20Z,27,Hospital_1,121178
2026-03-15T14:31:20Z,27,Hospital_3,138278
2026-03-15T14:31:20Z,27,Hospital_4,121178
2026-03-15T14:31:20Z,27,Hospital_2,121178
2026-03-15T14:31:20Z,27,Hospital_5,121178
2026-03-15T14:31:23Z,28,Hospital_2,121178
2026-03-15T14:31:23Z,28,Hospital_5,121178
2026-03-15T14:31:23Z,28,Hospital_3,121178
2026-03-15T14:31:23Z,28,Hospital_4,138278
2026-03-15T14:31:23Z,28,Hospital_1,121178
2026-03-15T14:31:26Z,29,Hospital_5,138278
2026-03-15T14:31:26Z,29,Hospital_2,121178
2026-03-15T14:31:26Z,29,Hospital_1,121178
2026-03-15T14:31:26Z,29,Hospital_3,121178
2026-03-15T14:31:26Z,29,Hospital_4,121178
2026-03-15T14:31:29Z,30,Hospital_5,121178
2026-03-15T14:31:29Z,30,Hospital_2,121178
2026-03-15T14:31:29Z,30,Hospital_4,138278
2026-03-15T14:31:29Z,30,Hospital_3,121178
2026-03-15T14:31:29Z,30,Hospital_1,121178
2026-03-15T14:31:33Z,31,Hospital_4,121178
2026-03-15T14:31:33Z,31,Hospital_5,121178
2026-03-15T14:31:33Z,31,Hospital_3,138278
2026-03-15T14:31:33Z,31,Hospital_1,121178
2026-03-15T14:31:33Z,31,Hospital_2,121178
2026-03-15T14:31:36Z,32,Hospital_3,138278
2026-03-15T14:31:36Z,32,Hospital_1,121178
2026-03-15T14:31:36Z,32,Hospital_2,121178
2026-03-15T14:31:36Z,32,Hospital_5,121166
2026-03-15T14:31:36Z,32,Hospital_4,121178
2026-03-15T14:31:39Z,33,Hospital_5,138278
2026-03-15T14:31:39Z,33,Hospital_1,121166
2026-03-15T14:31:39Z,33,Hospital_2,121178
2026-03-15T14:31:39Z,33,Hospital_3,121178
2026-03-15T14:31:39Z,33,Hospital_4,121178
2026-03-15T14:31:42Z,34,Hospital_5,138278
2026-03-15T14:31:42Z,34,Hospital_3,121178
2026-03-15T14:31:42Z,34,Hospital_4,121178
2026-03-15T14:31:42Z,34,Hospital_2,121178
2026-03-15T14:31:42Z,34,Hospital_1,121178
2026-03-15T14:31:45Z,35,Hospital_5,121178
2026-03-15T14:31:45Z,35,Hospital_1,121178
2026-03-15T14:31:45Z,35,Hospital_3,121178
2026-03-15T14:31:45Z,35,Hospital_4,138278
2026-03-15T14:31:45Z,35,Hospital_2,121178
2026-03-15T14:31:48Z,36,Hospital_5,121178
2026-03-15T14:31:48Z,36,Hospital_2,138278
2026-03-15T14:31:48Z,36,Hospital_1,121178
2026-03-15T14:31:48Z,36,Hospital_3,121178
2026-03-15T14:31:48Z,36,Hospital_4,121178
2026-03-15T14:31:51Z,37,Hospital_2,121178
2026-03-15T14:31:51Z,37,Hospital_4,121178
2026-03-15T14:31:51Z,37,Hospital_1,138278
2026-03-15T14:31:51Z,37,Hospital_3,121178
2026-03-15T14:31:51Z,37,Hospital_5,121178
2026-03-15T14:31:54Z,38,Hospital_2,121166
2026-03-15T14:31:54Z,38,Hospital_1,121178
2026-03-15T14:31:54Z,38,Hospital_3,121178
2026-03-15T14:31:54Z,38,Hospital_4,138278
2026-03-15T14:31:54Z,38,Hospital_5,121178
2026-03-15T14:31:57Z,39,Hospital_1,121178
2026-03-15T14:31:57Z,39,Hospital_2,121178
2026-03-15T14:31:57Z,39,Hospital_5,138278
2026-03-15T14:31:57Z,39,Hospital_3,121178
2026-03-15T14:31:57Z,39,Hospital_4,121178
2026-03-15T14:32:00Z,40,Hospital_4,121178
2026-03-15T14:32:00Z,40,Hospital_1,121178
2026-03-15T14:32:00Z,40,Hospital_2,121178
2026-03-15T14:32:00Z,40,Hospital_3,121154
2026-03-15T14:32:00Z,40,Hospital_5,138278
2026-03-15T14:32:03Z,41,Hospital_1,121178
2026-03-15T14:32:03Z,41,Hospital_5,121178
2026-03-15T14:32:03Z,41,Hospital_2,121178
2026-03-15T14:32:03Z,41,Hospital_4,138278
2026-03-15T14:32:03Z,41,Hospital_3,121178
2026-03-15T14:32:06Z,42,Hospital_2,121178
2026-03-15T14:32:06Z,42,Hospital_4,121178
2026-03-15T14:32:06Z,42,Hospital_1,121154
2026-03-15T14:32:06Z,42,Hospital_5,138278
2026-03-15T14:32:06Z,42,Hospital_3,121178
2026-03-15T14:32:09Z,43,Hospital_2,121178
2026-03-15T14:32:09Z,43,Hospital_5,121178
2026-03-15T14:32:09Z,43,Hospital_1,138278
2026-03-15T14:32:09Z,43,Hospital_4,121178
2026-03-15T14:32:09Z,43,Hospital_3,121178
2026-03-15T14:32:13Z,44,Hospital_4,138278
2026-03-15T14:32:13Z,44,Hospital_2,121178
2026-03-15T14:32:13Z,44,Hospital_3,121178
2026-03-15T14:32:13Z,44,Hospital_5,121178
2026-03-15T14:32:13Z,44,Hospital_1,121178
2026-03-15T14:32:46Z,45,Hospital_1,121178
2026-03-15T14:32:46Z,45,Hospital_5,138278
2026-03-15T14:32:46Z,45,Hospital_2,121166
2026-03-15T14:32:46Z,45,Hospital_4,121178
2026-03-15T14:32:46Z,45,Hospital_3,121178
2026-03-15T14:32:49Z,46,Hospital_4,121178
2026-03-15T14:32:49Z,46,Hospital_1,121178
2026-03-15T14:32:49Z,46,Hospital_5,121166
2026-03-15T14:32:49Z,46,Hospital_2,121178
2026-03-15T14:32:49Z,46,Hospital_3,138278
2026-03-15T14:32:52Z,47,Hospital_5,121178
2026-03-15T14:32:52Z,47,Hospital_4,121178
2026-03-15T14:32:52Z,47,Hospital_2,138278
2026-03-15T14:32:52Z,47,Hospital_1,121178
2026-03-15T14:32:52Z,47,Hospital_3,121178
2026-03-15T14:32:55Z,48,Hospital_1,121178
2026-03-15T14:32:55Z,48,Hospital_3,121178
2026-03-15T14:32:55Z,48,Hospital_5,138278
2026-03-15T14:32:55Z,48,Hospital_2,121178
2026-03-15T14:32:55Z,48,Hospital_4,121178
2026-03-15T14:32:58Z,49,Hospital_4,138278
2026-03-15T14:32:58Z,49,Hospital_5,121178
2026-03-15T14:32:58Z,49,Hospital_3,121166
2026-03-15T14:32:58Z,49,Hospital_1,121178
2026-03-15T14:32:58Z,49,Hospital_2,121178
2026-03-15T14:33:01Z,50,Hospital_2,121178
2026-03-15T14:33:01Z,50,Hospital_4,121178
2026-03-15T14:33:01Z,50,Hospital_3,121178
2026-03-15T14:33:01Z,50,Hospital_1,121178
2026-03-15T14:33:01Z,50,Hospital_5,138266
2026-03-15T14:33:22Z,1,Hospital_3,138278
2026-03-15T14:33:22Z,1,Hospital_1,121178
2026-03-15T14:33:30Z,2,Hospital_1,138278
2026-03-15T14:33:30Z,2,Hospital_3,121178
2026-03-15T14:33:30Z,2,Hospital_5,121178
2026-03-15T14:33:30Z,2,Hospital_2,121178
2026-03-15T14:33:30Z,2,Hospital_4,121178
2026-03-15T14:33:33Z,3,Hospital_1,121178
2026-03-15T14:33:33Z,3,Hospital_2,121178
2026-03-15T14:33:33Z,3,Hospital_5,121178
2026-03-15T14:33:33Z,3,Hospital_4,138278
2026-03-15T14:33:33Z,3,Hospital_3,121166
2026-03-15T14:33:36Z,4,Hospital_3,138278
2026-03-15T14:33:36Z,4,Hospital_4,121154
2026-03-15T14:33:36Z,4,Hospital_2,121178
2026-03-15T14:33:36Z,4,Hospital_5,121178
2026-03-15T14:33:36Z,4,Hospital_1,121178
2026-03-15T14:33:39Z,5,Hospital_4,121178
2026-03-15T14:33:39Z,5,Hospital_1,121178
2026-03-15T14:33:39Z,5,Hospital_3,138278
2026-03-15T14:33:39Z,5,Hospital_2,121178
2026-03-15T14:33:39Z,5,Hospital_5,121178
2026-03-15T14:33:42Z,6,Hospital_1,121178
2026-03-15T14:33:42Z,6,Hospital_2,121178
2026-03-15T14:33:42Z,6,Hospital_4,138278
2026-03-15T14:33:42Z,6,Hospital_5,121178
2026-03-15T14:33:42Z,6,Hospital_3,121178
2026-03-15T14:33:45Z,7,Hospital_4,121178
2026-03-15T14:33:45Z,7,Hospital_2,138278
2026-03-15T14:33:45Z,7,Hospital_1,121178
2026-03-15T14:33:45Z,7,Hospital_3,121178
2026-03-15T14:33:45Z,7,Hospital_5,121178
2026-03-15T14:33:48Z,8,Hospital_4,138278
2026-03-15T14:33:48Z,8,Hospital_3,121166
2026-03-15T14:33:48Z,8,Hospital_5,121178
2026-03-15T14:33:48Z,8,Hospital_2,121178
2026-03-15T14:33:48Z,8,Hospital_1,121178
2026-03-15T14:33:51Z,9,Hospital_4,121178
2026-03-15T14:33:51Z,9,Hospital_5,138278
2026-03-15T14:33:51Z,9,Hospital_1,121178
2026-03-15T14:33:51Z,9,Hospital_2,121178
2026-03-15T14:33:51Z,9,Hospital_3,121178
2026-03-15T14:33:54Z,10,Hospital_5,121178
2026-03-15T14:33:54Z,10,Hospital_3,121178
2026-03-15T14:33:54Z,10,Hospital_1,138278
2026-03-15T14:33:54Z,10,Hospital_4,121178
2026-03-15T14:33:54Z,10,Hospital_2,121178
2026-03-15T14:33:57Z,11,Hospital_1,121178
2026-03-15T14:33:57Z,11,Hospital_3,121178
2026-03-15T14:33:57Z,11,Hospital_5,138278
2026-03-15T14:33:57Z,11,Hospital_2,121178
2026-03-15T14:33:57Z,11,Hospital_4,121178
2026-03-15T14:34:00Z,12,Hospital_4,138278
2026-03-15T14:34:00Z,12,Hospital_1,121178
2026-03-15T14:34:00Z,12,Hospital_3,121166
2026-03-15T14:34:00Z,12,Hospital_2,121178
2026-03-15T14:34:00Z,12,Hospital_5,121166
2026-03-15T14:34:04Z,13,Hospital_5,121178
2026-03-15T14:34:04Z,13,Hospital_3,138278
2026-03-15T14:34:04Z,13,Hospital_2,121178
2026-03-15T14:34:04Z,13,Hospital_1,121178
2026-03-15T14:34:04Z,13,Hospital_4,121178
2026-03-15T14:34:37Z,14,Hospital_3,138278
2026-03-15T14:34:37Z,14,Hospital_1,121178
2026-03-15T14:34:37Z,14,Hospital_2,121178
2026-03-15T14:34:37Z,14,Hospital_4,121178
2026-03-15T14:34:37Z,14,Hospital_5,121178
2026-03-15T14:34:40Z,15,Hospital_5,121178
2026-03-15T14:34:40Z,15,Hospital_1,121178
2026-03-15T14:34:40Z,15,Hospital_3,121178
2026-03-15T14:34:40Z,15,Hospital_4,138278
2026-03-15T14:34:40Z,15,Hospital_2,121178
2026-03-15T14:34:43Z,16,Hospital_4,121178
2026-03-15T14:34:43Z,16,Hospital_2,138278
2026-03-15T14:34:43Z,16,Hospital_3,121178
2026-03-15T14:34:43Z,16,Hospital_1,121178
2026-03-15T14:34:43Z,16,Hospital_5,121178
2026-03-15T14:34:46Z,17,Hospital_3,121178
2026-03-15T14:34:46Z,17,Hospital_2,138278
2026-03-15T14:34:46Z,17,Hospital_4,121178
2026-03-15T14:34:46Z,17,Hospital_5,121178
2026-03-15T14:34:46Z,17,Hospital_1,121166
2026-03-15T14:34:49Z,18,Hospital_5,121178
2026-03-15T14:34:49Z,18,Hospital_4,121178
2026-03-15T14:34:49Z,18,Hospital_1,138278
2026-03-15T14:34:49Z,18,Hospital_3,121178
2026-03-15T14:34:49Z,18,Hospital_2,121166
2026-03-15T14:34:52Z,19,Hospital_4,138278
2026-03-15T14:34:52Z,19,Hospital_1,121178
2026-03-15T14:34:52Z,19,Hospital_2,121178
2026-03-15T14:34:52Z,19,Hospital_5,121178
2026-03-15T14:34:52Z,19,Hospital_3,121178
2026-03-15T14:34:55Z,20,Hospital_5,121178
2026-03-15T14:34:55Z,20,Hospital_4,121178
2026-03-15T14:34:55Z,20,Hospital_1,121178
2026-03-15T14:34:55Z,20,Hospital_3,121166
2026-03-15T14:34:55Z,20,Hospital_2,138278
2026-03-15T14:34:58Z,21,Hospital_4,121178
2026-03-15T14:34:58Z,21,Hospital_3,138278
2026-03-15T14:34:58Z,21,Hospital_5,121178
2026-03-15T14:34:58Z,21,Hospital_2,121178
2026-03-15T14:34:58Z,21,Hospital_1,121178
2026-03-15T14:35:01Z,22,Hospital_1,121178
2026-03-15T14:35:01Z,22,Hospital_4,121178
2026-03-15T14:35:01Z,22,Hospital_5,138278
2026-03-15T14:35:01Z,22,Hospital_3,121178
2026-03-15T14:35:01Z,22,Hospital_2,121178
2026-03-15T14:35:04Z,23,Hospital_1,138278
2026-03-15T14:35:04Z,23,Hospital_3,121178
2026-03-15T14:35:04Z,23,Hospital_5,121178
2026-03-15T14:35:04Z,23,Hospital_4,121178
2026-03-15T14:35:04Z,23,Hospital_2,121178
2026-03-15T14:35:07Z,24,Hospital_3,121166
2026-03-15T14:35:07Z,24,Hospital_5,138278
2026-03-15T14:35:07Z,24,Hospital_2,121178
2026-03-15T14:35:07Z,24,Hospital_1,121178
2026-03-15T14:35:07Z,24,Hospital_4,121178
2026-03-15T14:35:10Z,25,Hospital_4,121178
2026-03-15T14:35:10Z,25,Hospital_5,121178
2026-03-15T14:35:10Z,25,Hospital_2,121178
2026-03-15T14:35:10Z,25,Hospital_3,121178
2026-03-15T14:35:10Z,25,Hospital_1,138278
2026-03-15T14:35:14Z,26,Hospital_1,121154
2026-03-15T14:35:14Z,26,Hospital_5,121178
2026-03-15T14:35:14Z,26,Hospital_3,121178
2026-03-15T14:35:14Z,26,Hospital_4,138266
2026-03-15T14:35:14Z,26,Hospital_2,121178
2026-03-15T14:35:17Z,27,Hospital_4,121178
2026-03-15T14:35:17Z,27,Hospital_1,138278
2026-03-15T14:35:17Z,27,Hospital_3,121178
2026-03-15T14:35:17Z,27,Hospital_5,121178
2026-03-15T14:35:17Z,27,Hospital_2,121178
2026-03-15T14:35:20Z,28,Hospital_4,121178
2026-03-15T14:35:20Z,28,Hospital_2,121178
2026-03-15T14:35:20Z,28,Hospital_1,138278
2026-03-15T14:35:20Z,28,Hospital_3,121178
2026-03-15T14:35:20Z,28,Hospital_5,121178
2026-03-15T14:35:23Z,29,Hospital_4,121178
2026-03-15T14:35:23Z,29,Hospital_5,121178
2026-03-15T14:35:23Z,29,Hospital_1,121178
2026-03-15T14:35:23Z,29,Hospital_3,121178
2026-03-15T14:35:23Z,29,Hospital_2,138278
2026-03-15T14:35:26Z,30,Hospital_3,121178
2026-03-15T14:35:26Z,30,Hospital_2,121178
2026-03-15T14:35:26Z,30,Hospital_1,121178
2026-03-15T14:35:26Z,30,Hospital_5,138278
2026-03-15T14:35:26Z,30,Hospital_4,121178
2026-03-15T14:35:29Z,31,Hospital_1,121178
2026-03-15T14:35:29Z,31,Hospital_2,138278
2026-03-15T14:35:29Z,31,Hospital_5,121178
2026-03-15T14:35:29Z,31,Hospital_3,121178
2026-03-15T14:35:29Z,31,Hospital_4,121178
2026-03-15T14:35:32Z,32,Hospital_5,121178
2026-03-15T14:35:32Z,32,Hospital_4,121178
2026-03-15T14:35:32Z,32,Hospital_1,121178
2026-03-15T14:35:32Z,32,Hospital_3,121178
2026-03-15T14:35:32Z,32,Hospital_2,138278
2026-03-15T14:35:35Z,33,Hospital_2,138278
2026-03-15T14:35:35Z,33,Hospital_1,121178
2026-03-15T14:35:35Z,33,Hospital_3,121178
2026-03-15T14:35:35Z,33,Hospital_4,121178
2026-03-15T14:35:35Z,33,Hospital_5,121178
2026-03-15T14:35:38Z,34,Hospital_5,121178
2026-03-15T14:35:38Z,34,Hospital_1,138278
2026-03-15T14:35:38Z,34,Hospital_3,121178
2026-03-15T14:35:38Z,34,Hospital_2,121178
2026-03-15T14:35:38Z,34,Hospital_4,121178
2026-03-15T14:35:41Z,35,Hospital_1,121178
2026-03-15T14:35:41Z,35,Hospital_4,121178
2026-03-15T14:35:41Z,35,Hospital_5,121178
2026-03-15T14:35:41Z,35,Hospital_3,138278
2026-03-15T14:35:41Z,35,Hospital_2,121178
2026-03-15T14:36:14Z,36,Hospital_2,138278
2026-03-15T14:36:14Z,36,Hospital_3,121166
2026-03-15T14:36:14Z,36,Hospital_1,121178
2026-03-15T14:36:14Z,36,Hospital_5,121178
2026-03-15T14:36:14Z,36,Hospital_4,121178
2026-03-15T14:36:17Z,37,Hospital_5,138278
2026-03-15T14:36:17Z,37,Hospital_2,121178
2026-03-15T14:36:17Z,37,Hospital_1,121166
2026-03-15T14:36:17Z,37,Hospital_4,121178
2026-03-15T14:36:17Z,37,Hospital_3,121178
2026-03-15T14:36:21Z,38,Hospital_5,121178
2026-03-15T14:36:21Z,38,Hospital_4,138278
2026-03-15T14:36:21Z,38,Hospital_2,121178
2026-03-15T14:36:21Z,38,Hospital_3,121178
2026-03-15T14:36:21Z,38,Hospital_1,121178
2026-03-15T14:36:24Z,39,Hospital_4,138266
2026-03-15T14:36:24Z,39,Hospital_2,121178
2026-03-15T14:36:24Z,39,Hospital_5,121178
2026-03-15T14:36:24Z,39,Hospital_1,121178
2026-03-15T14:36:24Z,39,Hospital_3,121178
2026-03-15T14:36:27Z,40,Hospital_4,121178
2026-03-15T14:36:27Z,40,Hospital_5,138278
2026-03-15T14:36:27Z,40,Hospital_3,121178
2026-03-15T14:36:27Z,40,Hospital_1,121178
2026-03-15T14:36:27Z,40,Hospital_2,121166
2026-03-15T14:36:30Z,41,Hospital_3,138278
2026-03-15T14:36:30Z,41,Hospital_2,121178
2026-03-15T14:36:30Z,41,Hospital_4,121178
2026-03-15T14:36:30Z,41,Hospital_5,121178
2026-03-15T14:36:30Z,41,Hospital_1,121178
2026-03-15T14:36:33Z,42,Hospital_1,138266
2026-03-15T14:36:33Z,42,Hospital_5,121178
2026-03-15T14:36:33Z,42,Hospital_2,121178
2026-03-15T14:36:33Z,42,Hospital_3,121178
2026-03-15T14:36:33Z,42,Hospital_4,121178
2026-03-15T14:36:36Z,43,Hospital_1,121178
2026-03-15T14:36:36Z,43,Hospital_5,121178
2026-03-15T14:36:36Z,43,Hospital_4,121178
2026-03-15T14:36:36Z,43,Hospital_2,138278
2026-03-15T14:36:36Z,43,Hospital_3,121178
2026-03-15T14:36:39Z,44,Hospital_5,138278
2026-03-15T14:36:39Z,44,Hospital_2,121178
2026-03-15T14:36:39Z,44,Hospital_1,121178
2026-03-15T14:36:39Z,44,Hospital_3,121178
2026-03-15T14:36:39Z,44,Hospital_4,121178
2026-03-15T14:36:42Z,45,Hospital_5,121178
2026-03-15T14:36:42Z,45,Hospital_4,121178
2026-03-15T14:36:42Z,45,Hospital_3,121154
2026-03-15T14:36:42Z,45,Hospital_2,138278
2026-03-15T14:36:42Z,45,Hospital_1,121178
2026-03-15T14:36:45Z,46,Hospital_3,121178
2026-03-15T14:36:45Z,46,Hospital_2,121178
2026-03-15T14:36:45Z,46,Hospital_4,138278
2026-03-15T14:36:45Z,46,Hospital_5,121178
2026-03-15T14:36:45Z,46,Hospital_1,121166
2026-03-15T14:37:18Z,47,Hospital_4,138278
2026-03-15T14:37:18Z,47,Hospital_3,121178
2026-03-15T14:37:18Z,47,Hospital_1,121178
2026-03-15T14:37:18Z,47,Hospital_5,121178
2026-03-15T14:37:18Z,47,Hospital_2,121178
2026-03-15T14:37:21Z,48,Hospital_1,121178
2026-03-15T14:37:21Z,48,Hospital_3,121178
2026-03-15T14:37:21Z,48,Hospital_5,138278
2026-03-15T14:37:21Z,48,Hospital_2,121166
2026-03-15T14:37:21Z,48,Hospital_4,121178
2026-03-15T14:37:24Z,49,Hospital_3,138278
2026-03-15T14:37:24Z,49,Hospital_5,121178
2026-03-15T14:37:24Z,49,Hospital_1,121178
2026-03-15T14:37:24Z,49,Hospital_2,121178
2026-03-15T14:37:24Z,49,Hospital_4,121178
2026-03-15T14:37:27Z,50,Hospital_3,121178
2026-03-15T14:37:27Z,50,Hospital_1,121178
2026-03-15T14:37:27Z,50,Hospital_2,121178
2026-03-15T14:37:27Z,50,Hospital_4,121178
2026-03-15T14:37:27Z,50,Hospital_5,138278
2026-03-15T14:37:49Z,1,Hospital_1,121178
2026-03-15T14:37:49Z,1,Hospital_2,138278
2026-03-15T14:37:57Z,2,Hospital_5,121178
2026-03-15T14:37:57Z,2,Hospital_2,121166
2026-03-15T14:37:57Z,2,Hospital_4,138266
2026-03-15T14:37:57Z,2,Hospital_3,121178
2026-03-15T14:37:57Z,2,Hospital_1,121178
2026-03-15T14:38:00Z,3,Hospital_1,121178
2026-03-15T14:38:00Z,3,Hospital_2,121178
2026-03-15T14:38:00Z,3,Hospital_3,121178
2026-03-15T14:38:00Z,3,Hospital_4,121178
2026-03-15T14:38:00Z,3,Hospital_5,138278
2026-03-15T14:38:03Z,4,Hospital_2,121178
2026-03-15T14:38:03Z,4,Hospital_1,138278
2026-03-15T14:38:03Z,4,Hospital_4,121178
2026-03-15T14:38:03Z,4,Hospital_3,121178
2026-03-15T14:38:03Z,4,Hospital_5,121178
2026-03-15T14:38:06Z,5,Hospital_2,121178
2026-03-15T14:38:06Z,5,Hospital_4,121178
2026-03-15T14:38:06Z,5,Hospital_3,121178
2026-03-15T14:38:06Z,5,Hospital_1,121178
2026-03-15T14:38:06Z,5,Hospital_5,138278
2026-03-15T14:38:09Z,6,Hospital_5,138278
2026-03-15T14:38:09Z,6,Hospital_4,121178
2026-03-15T14:38:09Z,6,Hospital_2,121178
2026-03-15T14:38:09Z,6,Hospital_1,121178
2026-03-15T14:38:09Z,6,Hospital_3,121178
2026-03-15T14:38:12Z,7,Hospital_5,121178
2026-03-15T14:38:12Z,7,Hospital_1,121178
2026-03-15T14:38:12Z,7,Hospital_2,121166
2026-03-15T14:38:12Z,7,Hospital_3,138278
2026-03-15T14:38:12Z,7,Hospital_4,121178
2026-03-15T14:38:15Z,8,Hospital_2,121178
2026-03-15T14:38:15Z,8,Hospital_4,138278
2026-03-15T14:38:15Z,8,Hospital_5,121178
2026-03-15T14:38:15Z,8,Hospital_1,121166
2026-03-15T14:38:15Z,8,Hospital_3,121178
2026-03-15T14:38:19Z,9,Hospital_1,121178
2026-03-15T14:38:19Z,9,Hospital_3,121178
2026-03-15T14:38:19Z,9,Hospital_4,138278
2026-03-15T14:38:19Z,9,Hospital_2,121178
2026-03-15T14:38:19Z,9,Hospital_5,121178
2026-03-15T14:38:22Z,10,Hospital_3,121178
2026-03-15T14:38:22Z,10,Hospital_2,121178
2026-03-15T14:38:22Z,10,Hospital_4,121166
2026-03-15T14:38:22Z,10,Hospital_5,138278
2026-03-15T14:38:22Z,10,Hospital_1,121178
2026-03-15T14:38:25Z,11,Hospital_5,121178
2026-03-15T14:38:25Z,11,Hospital_4,121178
2026-03-15T14:38:25Z,11,Hospital_3,121178
2026-03-15T14:38:25Z,11,Hospital_2,138278
2026-03-15T14:38:25Z,11,Hospital_1,121166
2026-03-15T14:38:28Z,12,Hospital_5,121178
2026-03-15T14:38:28Z,12,Hospital_3,121178
2026-03-15T14:38:28Z,12,Hospital_2,121178
2026-03-15T14:38:28Z,12,Hospital_4,138278
2026-03-15T14:38:28Z,12,Hospital_1,121178
2026-03-15T14:38:31Z,13,Hospital_1,121178
2026-03-15T14:38:31Z,13,Hospital_5,121178
2026-03-15T14:38:31Z,13,Hospital_4,121178
2026-03-15T14:38:31Z,13,Hospital_3,121178
2026-03-15T14:38:31Z,13,Hospital_2,138278
2026-03-15T14:38:34Z,14,Hospital_5,121178
2026-03-15T14:38:34Z,14,Hospital_2,138278
2026-03-15T14:38:34Z,14,Hospital_1,121178
2026-03-15T14:38:34Z,14,Hospital_4,121166
2026-03-15T14:38:34Z,14,Hospital_3,121178
2026-03-15T14:38:37Z,15,Hospital_4,121166
2026-03-15T14:38:37Z,15,Hospital_5,138266
2026-03-15T14:38:37Z,15,Hospital_2,121178
2026-03-15T14:38:37Z,15,Hospital_1,121178
2026-03-15T14:38:37Z,15,Hospital_3,121154
2026-03-15T14:38:40Z,16,Hospital_4,121178
2026-03-15T14:38:40Z,16,Hospital_5,121178
2026-03-15T14:38:40Z,16,Hospital_1,121178
2026-03-15T14:38:40Z,16,Hospital_2,138278
2026-03-15T14:38:40Z,16,Hospital_3,121178
2026-03-15T14:38:43Z,17,Hospital_1,121166
2026-03-15T14:38:43Z,17,Hospital_4,121166
2026-03-15T14:38:43Z,17,Hospital_3,138278
2026-03-15T14:38:43Z,17,Hospital_2,121178
2026-03-15T14:38:43Z,17,Hospital_5,121178
2026-03-15T14:38:46Z,18,Hospital_4,138278
2026-03-15T14:38:46Z,18,Hospital_5,121178
2026-03-15T14:38:46Z,18,Hospital_2,121178
2026-03-15T14:38:46Z,18,Hospital_1,121178
2026-03-15T14:38:46Z,18,Hospital_3,121178
2026-03-15T14:39:19Z,19,Hospital_4,121178
2026-03-15T14:39:19Z,19,Hospital_2,121178
2026-03-15T14:39:19Z,19,Hospital_1,121178
2026-03-15T14:39:19Z,19,Hospital_5,121178
2026-03-15T14:39:19Z,19,Hospital_3,138278
2026-03-15T14:39:22Z,20,Hospital_2,121178
2026-03-15T14:39:22Z,20,Hospital_4,121178
2026-03-15T14:39:22Z,20,Hospital_1,138278
2026-03-15T14:39:22Z,20,Hospital_5,121178
2026-03-15T14:39:22Z,20,Hospital_3,121178
2026-03-15T14:39:26Z,21,Hospital_1,121166
2026-03-15T14:39:26Z,21,Hospital_5,138278
2026-03-15T14:39:26Z,21,Hospital_4,121178
2026-03-15T14:39:26Z,21,Hospital_3,121178
2026-03-15T14:39:26Z,21,Hospital_2,121178
2026-03-15T14:39:59Z,22,Hospital_3,121178
2026-03-15T14:39:59Z,22,Hospital_4,121178
2026-03-15T14:39:59Z,22,Hospital_1,138278
2026-03-15T14:39:59Z,22,Hospital_2,121178
2026-03-15T14:39:59Z,22,Hospital_5,121178
2026-03-15T14:40:02Z,23,Hospital_2,121178
2026-03-15T14:40:02Z,23,Hospital_3,121178
2026-03-15T14:40:02Z,23,Hospital_5,138266
2026-03-15T14:40:02Z,23,Hospital_1,121166
2026-03-15T14:40:02Z,23,Hospital_4,121166
2026-03-15T14:40:05Z,24,Hospital_3,121178
2026-03-15T14:40:05Z,24,Hospital_4,138278
2026-03-15T14:40:05Z,24,Hospital_1,121178
2026-03-15T14:40:05Z,24,Hospital_5,121166
2026-03-15T14:40:05Z,24,Hospital_2,121178
2026-03-15T14:40:08Z,25,Hospital_1,121178
2026-03-15T14:40:08Z,25,Hospital_2,121178
2026-03-15T14:40:08Z,25,Hospital_3,121178
2026-03-15T14:40:08Z,25,Hospital_5,121178
2026-03-15T14:40:08Z,25,Hospital_4,138278
2026-03-15T14:40:11Z,26,Hospital_5,121178
2026-03-15T14:40:11Z,26,Hospital_4,121178
2026-03-15T14:40:11Z,26,Hospital_1,121178
2026-03-15T14:40:11Z,26,Hospital_3,138278
2026-03-15T14:40:11Z,26,Hospital_2,121166
2026-03-15T14:40:14Z,27,Hospital_3,121178
2026-03-15T14:40:14Z,27,Hospital_4,138278
2026-03-15T14:40:14Z,27,Hospital_5,121178
2026-03-15T14:40:14Z,27,Hospital_2,121178
2026-03-15T14:40:14Z,27,Hospital_1,121178
2026-03-15T14:40:17Z,28,Hospital_3,121178
2026-03-15T14:40:17Z,28,Hospital_4,138278
2026-03-15T14:40:17Z,28,Hospital_1,121178
2026-03-15T14:40:17Z,28,Hospital_2,121178
2026-03-15T14:40:17Z,28,Hospital_5,121178
2026-03-15T14:40:20Z,29,Hospital_2,121178
2026-03-15T14:40:20Z,29,Hospital_5,121166
2026-03-15T14:40:20Z,29,Hospital_4,121178
2026-03-15T14:40:20Z,29,Hospital_3,138278
2026-03-15T14:40:20Z,29,Hospital_1,121178
2026-03-15T14:40:23Z,30,Hospital_3,121166
2026-03-15T14:40:23Z,30,Hospital_5,121178
2026-03-15T14:40:23Z,30,Hospital_2,121178
2026-03-15T14:40:23Z,30,Hospital_1,138278
2026-03-15T14:40:23Z,30,Hospital_4,121178
2026-03-15T14:40:26Z,31,Hospital_2,121166
2026-03-15T14:40:26Z,31,Hospital_1,121178
2026-03-15T14:40:26Z,31,Hospital_4,138278
2026-03-15T14:40:26Z,31,Hospital_3,121178
2026-03-15T14:40:26Z,31,Hospital_5,121178
2026-03-15T14:40:29Z,32,Hospital_1,121178
2026-03-15T14:40:29Z,32,Hospital_2,121178
2026-03-15T14:40:29Z,32,Hospital_5,121178
2026-03-15T14:40:29Z,32,Hospital_4,121178
2026-03-15T14:40:29Z,32,Hospital_3,138278
2026-03-15T14:40:33Z,33,Hospital_4,121178
2026-03-15T14:40:33Z,33,Hospital_3,121166
2026-03-15T14:40:33Z,33,Hospital_1,138266
2026-03-15T14:40:33Z,33,Hospital_2,121178
2026-03-15T14:40:33Z,33,Hospital_5,121178
2026-03-15T14:40:36Z,34,Hospital_2,138278
2026-03-15T14:40:36Z,34,Hospital_3,121166
2026-03-15T14:40:36Z,34,Hospital_1,121178
2026-03-15T14:40:36Z,34,Hospital_4,121178
2026-03-15T14:40:36Z,34,Hospital_5,121178
2026-03-15T14:40:39Z,35,Hospital_5,121178
2026-03-15T14:40:39Z,35,Hospital_4,138278
2026-03-15T14:40:39Z,35,Hospital_3,121178
2026-03-15T14:40:39Z,35,Hospital_1,121178
2026-03-15T14:40:39Z,35,Hospital_2,121178
2026-03-15T14:40:42Z,36,Hospital_2,138278
2026-03-15T14:40:42Z,36,Hospital_5,121178
2026-03-15T14:40:42Z,36,Hospital_1,121178
2026-03-15T14:40:42Z,36,Hospital_4,121178
2026-03-15T14:40:42Z,36,Hospital_3,121178
2026-03-15T14:40:45Z,37,Hospital_2,138278
2026-03-15T14:40:45Z,37,Hospital_4,121178
2026-03-15T14:40:45Z,37,Hospital_3,121178
2026-03-15T14:40:45Z,37,Hospital_1,121178
2026-03-15T14:40:45Z,37,Hospital_5,121178
2026-03-15T14:40:48Z,38,Hospital_3,138278
2026-03-15T14:40:48Z,38,Hospital_2,121178
2026-03-15T14:40:48Z,38,Hospital_1,121178
2026-03-15T14:40:48Z,38,Hospital_4,121178
2026-03-15T14:40:48Z,38,Hospital_5,121178
2026-03-15T14:40:51Z,39,Hospital_1,121166
2026-03-15T14:40:51Z,39,Hospital_5,121178
2026-03-15T14:40:51Z,39,Hospital_2,121166
2026-03-15T14:40:51Z,39,Hospital_3,121178
2026-03-15T14:40:51Z,39,Hospital_4,138278
2026-03-15T14:40:54Z,40,Hospital_2,121166
2026-03-15T14:40:54Z,40,Hospital_4,121178
2026-03-15T14:40:54Z,40,Hospital_1,121178
2026-03-15T14:40:54Z,40,Hospital_3,121178
2026-03-15T14:40:54Z,40,Hospital_5,138278
2026-03-15T14:40:57Z,41,Hospital_1,121166
2026-03-15T14:40:57Z,41,Hospital_3,121178
2026-03-15T14:40:57Z,41,Hospital_4,138278
2026-03-15T14:40:57Z,41,Hospital_2,121178
2026-03-15T14:40:57Z,41,Hospital_5,121178
2026-03-15T14:41:30Z,42,Hospital_5,121178
2026-03-15T14:41:30Z,42,Hospital_3,121178
2026-03-15T14:41:30Z,42,Hospital_4,121178
2026-03-15T14:41:30Z,42,Hospital_2,138278
2026-03-15T14:41:30Z,42,Hospital_1,121178
2026-03-15T14:41:33Z,43,Hospital_1,121178
2026-03-15T14:41:33Z,43,Hospital_5,121178
2026-03-15T14:41:33Z,43,Hospital_4,138278
2026-03-15T14:41:33Z,43,Hospital_2,121178
2026-03-15T14:41:33Z,43,Hospital_3,121166
2026-03-15T14:41:36Z,44,Hospital_4,138278
2026-03-15T14:41:36Z,44,Hospital_1,121178
2026-03-15T14:41:36Z,44,Hospital_5,121178
2026-03-15T14:41:36Z,44,Hospital_2,121178
2026-03-15T14:41:36Z,44,Hospital_3,121178
2026-03-15T14:41:39Z,45,Hospital_4,138278
2026-03-15T14:41:39Z,45,Hospital_3,121178
2026-03-15T14:41:39Z,45,Hospital_5,121178
2026-03-15T14:41:39Z,45,Hospital_1,121178
2026-03-15T14:41:39Z,45,Hospital_2,121178
2026-03-15T14:41:43Z,46,Hospital_1,121166
2026-03-15T14:41:43Z,46,Hospital_2,121178
2026-03-15T14:41:43Z,46,Hospital_5,121154
2026-03-15T14:41:43Z,46,Hospital_4,138278
2026-03-15T14:41:43Z,46,Hospital_3,121178
2026-03-15T14:41:46Z,47,Hospital_3,121178
2026-03-15T14:41:46Z,47,Hospital_5,121178
2026-03-15T14:41:46Z,47,Hospital_1,121178
2026-03-15T14:41:46Z,47,Hospital_2,138266
2026-03-15T14:41:46Z,47,Hospital_4,121178
2026-03-15T14:41:49Z,48,Hospital_3,121178
2026-03-15T14:41:49Z,48,Hospital_4,121178
2026-03-15T14:41:49Z,48,Hospital_2,121178
2026-03-15T14:41:49Z,48,Hospital_1,121178
2026-03-15T14:41:49Z,48,Hospital_5,138278
2026-03-15T14:41:52Z,49,Hospital_4,121178
2026-03-15T14:41:52Z,49,Hospital_5,121178
2026-03-15T14:41:52Z,49,Hospital_1,121178
2026-03-15T14:41:52Z,49,Hospital_2,138266
2026-03-15T14:41:52Z,49,Hospital_3,121178
2026-03-15T14:41:55Z,50,Hospital_1,121178
2026-03-15T14:41:55Z,50,Hospital_5,121178
2026-03-15T14:41:55Z,50,Hospital_3,121178
2026-03-15T14:41:55Z,50,Hospital_2,121178
2026-03-15T14:41:55Z,50,Hospital_4,138278
2026-03-15T14:42:16Z,1,Hospital_2,121178
2026-03-15T14:42:16Z,1,Hospital_1,138278
2026-03-15T14:42:25Z,2,Hospital_5,138278
2026-03-15T14:42:25Z,2,Hospital_4,121178
2026-03-15T14:42:25Z,2,Hospital_2,121178
2026-03-15T14:42:25Z,2,Hospital_3,121178
2026-03-15T14:42:25Z,2,Hospital_1,121178
2026-03-15T14:42:58Z,3,Hospital_2,121178
2026-03-15T14:42:58Z,3,Hospital_1,121178
2026-03-15T14:42:58Z,3,Hospital_4,121178
2026-03-15T14:42:58Z,3,Hospital_5,121178
2026-03-15T14:42:58Z,3,Hospital_3,138278
2026-03-15T14:43:01Z,4,Hospital_1,121178
2026-03-15T14:43:01Z,4,Hospital_3,121178
2026-03-15T14:43:01Z,4,Hospital_5,121178
2026-03-15T14:43:01Z,4,Hospital_4,121166
2026-03-15T14:43:01Z,4,Hospital_2,138278
2026-03-15T14:43:05Z,5,Hospital_4,121178
2026-03-15T14:43:05Z,5,Hospital_3,121178
2026-03-15T14:43:05Z,5,Hospital_5,138266
2026-03-15T14:43:05Z,5,Hospital_2,121178
2026-03-15T14:43:05Z,5,Hospital_1,121178
2026-03-15T14:43:08Z,6,Hospital_2,138278
2026-03-15T14:43:08Z,6,Hospital_5,121166
2026-03-15T14:43:08Z,6,Hospital_4,121178
2026-03-15T14:43:08Z,6,Hospital_1,121178
2026-03-15T14:43:08Z,6,Hospital_3,121178
2026-03-15T14:43:11Z,7,Hospital_5,121178
2026-03-15T14:43:11Z,7,Hospital_2,121178
2026-03-15T14:43:11Z,7,Hospital_1,121178
2026-03-15T14:43:11Z,7,Hospital_4,138278
2026-03-15T14:43:11Z,7,Hospital_3,121178
2026-03-15T14:43:14Z,8,Hospital_4,121178
2026-03-15T14:43:14Z,8,Hospital_5,121178
2026-03-15T14:43:14Z,8,Hospital_3,138278
2026-03-15T14:43:14Z,8,Hospital_2,121178
2026-03-15T14:43:14Z,8,Hospital_1,121178
2026-03-15T14:43:17Z,9,Hospital_2,138278
2026-03-15T14:43:17Z,9,Hospital_1,121178
2026-03-15T14:43:17Z,9,Hospital_3,121154
2026-03-15T14:43:17Z,9,Hospital_5,121178
2026-03-15T14:43:17Z,9,Hospital_4,121178
2026-03-15T14:43:20Z,10,Hospital_4,121178
2026-03-15T14:43:20Z,10,Hospital_3,121178
2026-03-15T14:43:20Z,10,Hospital_5,138254
2026-03-15T14:43:20Z,10,Hospital_2,121178
2026-03-15T14:43:20Z,10,Hospital_1,121178
2026-03-15T14:43:23Z,11,Hospital_3,121166
2026-03-15T14:43:23Z,11,Hospital_5,121178
2026-03-15T14:43:23Z,11,Hospital_1,121178
2026-03-15T14:43:23Z,11,Hospital_4,138278
2026-03-15T14:43:23Z,11,Hospital_2,121178
2026-03-15T14:43:26Z,12,Hospital_4,121178
2026-03-15T14:43:26Z,12,Hospital_1,121178
2026-03-15T14:43:26Z,12,Hospital_2,121178
2026-03-15T14:43:26Z,12,Hospital_3,121178
2026-03-15T14:43:26Z,12,Hospital_5,138278
2026-03-15T14:43:29Z,13,Hospital_1,121154
2026-03-15T14:43:29Z,13,Hospital_5,138278
2026-03-15T14:43:29Z,13,Hospital_4,121178
2026-03-15T14:43:29Z,13,Hospital_3,121178
2026-03-15T14:43:29Z,13,Hospital_2,121178
2026-03-15T14:43:32Z,14,Hospital_1,121178
2026-03-15T14:43:32Z,14,Hospital_5,138278
2026-03-15T14:43:32Z,14,Hospital_3,121166
2026-03-15T14:43:32Z,14,Hospital_2,121178
2026-03-15T14:43:32Z,14,Hospital_4,121166
2026-03-15T14:44:05Z,15,Hospital_1,138278
2026-03-15T14:44:05Z,15,Hospital_3,121166
2026-03-15T14:44:05Z,15,Hospital_4,121178
2026-03-15T14:44:05Z,15,Hospital_2,121178
2026-03-15T14:44:05Z,15,Hospital_5,121178
2026-03-15T14:44:38Z,16,Hospital_5,121178
2026-03-15T14:44:38Z,16,Hospital_2,138278
2026-03-15T14:44:38Z,16,Hospital_4,121166
2026-03-15T14:44:38Z,16,Hospital_1,121178
2026-03-15T14:44:38Z,16,Hospital_3,121178
2026-03-15T14:44:42Z,17,Hospital_3,121178
2026-03-15T14:44:42Z,17,Hospital_5,121178
2026-03-15T14:44:42Z,17,Hospital_1,138278
2026-03-15T14:44:42Z,17,Hospital_2,121178
2026-03-15T14:44:42Z,17,Hospital_4,121178
2026-03-15T14:44:45Z,18,Hospital_5,138278
2026-03-15T14:44:45Z,18,Hospital_1,121178
2026-03-15T14:44:45Z,18,Hospital_2,121178
2026-03-15T14:44:45Z,18,Hospital_3,121178
2026-03-15T14:44:45Z,18,Hospital_4,121178
2026-03-15T14:44:48Z,19,Hospital_2,121178
2026-03-15T14:44:48Z,19,Hospital_5,121178
2026-03-15T14:44:48Z,19,Hospital_4,138278
2026-03-15T14:44:48Z,19,Hospital_1,121178
2026-03-15T14:44:48Z,19,Hospital_3,121178
2026-03-15T14:44:51Z,20,Hospital_5,138278
2026-03-15T14:44:51Z,20,Hospital_2,121166
2026-03-15T14:44:51Z,20,Hospital_4,121178
2026-03-15T14:44:51Z,20,Hospital_3,121178
2026-03-15T14:44:51Z,20,Hospital_1,121178
2026-03-15T14:44:54Z,21,Hospital_5,138266
2026-03-15T14:44:54Z,21,Hospital_4,121178
2026-03-15T14:44:54Z,21,Hospital_3,121178
2026-03-15T14:44:54Z,21,Hospital_2,121178
2026-03-15T14:44:54Z,21,Hospital_1,121178
2026-03-15T14:44:57Z,22,Hospital_4,121178
2026-03-15T14:44:57Z,22,Hospital_2,121178
2026-03-15T14:44:57Z,22,Hospital_5,121178
2026-03-15T14:44:57Z,22,Hospital_3,121178
2026-03-15T14:44:57Z,22,Hospital_1,138278
2026-03-15T14:45:00Z,23,Hospital_4,121178
2026-03-15T14:45:00Z,23,Hospital_1,121178
2026-03-15T14:45:00Z,23,Hospital_2,121166
2026-03-15T14:45:00Z,23,Hospital_5,121166
2026-03-15T14:45:00Z,23,Hospital_3,138278
2026-03-15T14:45:03Z,24,Hospital_3,121166
2026-03-15T14:45:03Z,24,Hospital_1,138278
2026-03-15T14:45:03Z,24,Hospital_5,121178
2026-03-15T14:45:03Z,24,Hospital_2,121178
2026-03-15T14:45:03Z,24,Hospital_4,121178
2026-03-15T14:45:06Z,25,Hospital_2,121178
2026-03-15T14:45:06Z,25,Hospital_3,138278
2026-03-15T14:45:06Z,25,Hospital_4,121178
2026-03-15T14:45:06Z,25,Hospital_1,121178
2026-03-15T14:45:06Z,25,Hospital_5,121178
2026-03-15T14:45:09Z,26,Hospital_1,121178
2026-03-15T14:45:09Z,26,Hospital_2,121178
2026-03-15T14:45:09Z,26,Hospital_4,121178
2026-03-15T14:45:09Z,26,Hospital_3,138278
2026-03-15T14:45:09Z,26,Hospital_5,121178
2026-03-15T14:45:12Z,27,Hospital_5,121178
2026-03-15T14:45:12Z,27,Hospital_3,121178
2026-03-15T14:45:12Z,27,Hospital_2,121178
2026-03-15T14:45:12Z,27,Hospital_4,138278
2026-03-15T14:45:12Z,27,Hospital_1,121178
2026-03-15T14:45:15Z,28,Hospital_5,121178
2026-03-15T14:45:15Z,28,Hospital_4,138278
2026-03-15T14:45:15Z,28,Hospital_3,121178
2026-03-15T14:45:15Z,28,Hospital_1,121178
2026-03-15T14:45:15Z,28,Hospital_2,121166
2026-03-15T14:45:19Z,29,Hospital_1,121178
2026-03-15T14:45:19Z,29,Hospital_2,121178
2026-03-15T14:45:19Z,29,Hospital_4,121166
2026-03-15T14:45:19Z,29,Hospital_5,138278
2026-03-15T14:45:19Z,29,Hospital_3,121178
2026-03-15T14:45:22Z,30,Hospital_5,121178
2026-03-15T14:45:22Z,30,Hospital_1,121166
2026-03-15T14:45:22Z,30,Hospital_2,121178
2026-03-15T14:45:22Z,30,Hospital_4,121178
2026-03-15T14:45:22Z,30,Hospital_3,138266
2026-03-15T14:45:55Z,31,Hospital_3,121178
2026-03-15T14:45:55Z,31,Hospital_4,121178
2026-03-15T14:45:55Z,31,Hospital_1,121178
2026-03-15T14:45:55Z,31,Hospital_5,138278
2026-03-15T14:45:55Z,31,Hospital_2,121178
2026-03-15T14:45:58Z,32,Hospital_1,138278
2026-03-15T14:45:58Z,32,Hospital_3,121178
2026-03-15T14:45:58Z,32,Hospital_5,121178
2026-03-15T14:45:58Z,32,Hospital_2,121178
2026-03-15T14:45:58Z,32,Hospital_4,121178
2026-03-15T14:46:01Z,33,Hospital_2,121178
2026-03-15T14:46:01Z,33,Hospital_4,138278
2026-03-15T14:46:01Z,33,Hospital_1,121178
2026-03-15T14:46:01Z,33,Hospital_3,121178
2026-03-15T14:46:01Z,33,Hospital_5,121178
2026-03-15T14:46:04Z,34,Hospital_5,121178
2026-03-15T14:46:04Z,34,Hospital_1,121178
2026-03-15T14:46:04Z,34,Hospital_4,138278
2026-03-15T14:46:04Z,34,Hospital_3,121154
2026-03-15T14:46:04Z,34,Hospital_2,121178
2026-03-15T14:46:07Z,35,Hospital_3,121178
2026-03-15T14:46:07Z,35,Hospital_2,121178
2026-03-15T14:46:07Z,35,Hospital_4,121178
2026-03-15T14:46:07Z,35,Hospital_5,121178
2026-03-15T14:46:07Z,35,Hospital_1,138278
2026-03-15T14:46:10Z,36,Hospital_5,121178
2026-03-15T14:46:10Z,36,Hospital_2,121178
2026-03-15T14:46:10Z,36,Hospital_1,121178
2026-03-15T14:46:10Z,36,Hospital_3,121178
2026-03-15T14:46:10Z,36,Hospital_4,138278
2026-03-15T14:46:43Z,37,Hospital_2,121178
2026-03-15T14:46:43Z,37,Hospital_1,138278
2026-03-15T14:46:43Z,37,Hospital_4,121178
2026-03-15T14:46:43Z,37,Hospital_5,121178
2026-03-15T14:46:43Z,37,Hospital_3,121178
2026-03-15T14:46:46Z,38,Hospital_5,121178
2026-03-15T14:46:46Z,38,Hospital_3,121178
2026-03-15T14:46:46Z,38,Hospital_2,121178
2026-03-15T14:46:46Z,38,Hospital_4,138278
2026-03-15T14:46:46Z,38,Hospital_1,121178
2026-03-15T14:46:49Z,39,Hospital_3,121178
2026-03-15T14:46:49Z,39,Hospital_5,138278
2026-03-15T14:46:49Z,39,Hospital_1,121178
2026-03-15T14:46:49Z,39,Hospital_2,121178
2026-03-15T14:46:49Z,39,Hospital_4,121178
2026-03-15T14:46:52Z,40,Hospital_4,121178
2026-03-15T14:46:52Z,40,Hospital_5,138278
2026-03-15T14:46:52Z,40,Hospital_3,121166
2026-03-15T14:46:52Z,40,Hospital_1,121178
2026-03-15T14:46:52Z,40,Hospital_2,121166
2026-03-15T14:46:56Z,41,Hospital_5,121178
2026-03-15T14:46:56Z,41,Hospital_2,138278
2026-03-15T14:46:56Z,41,Hospital_1,121178
2026-03-15T14:46:56Z,41,Hospital_3,121178
2026-03-15T14:46:56Z,41,Hospital_4,121178
2026-03-15T14:46:59Z,42,Hospital_1,121178
2026-03-15T14:46:59Z,42,Hospital_5,121178
2026-03-15T14:46:59Z,42,Hospital_2,138278
2026-03-15T14:46:59Z,42,Hospital_3,121178
2026-03-15T14:46:59Z,42,Hospital_4,121178
2026-03-15T14:47:02Z,43,Hospital_2,121166
2026-03-15T14:47:02Z,43,Hospital_3,138278
2026-03-15T14:47:02Z,43,Hospital_5,121178
2026-03-15T14:47:02Z,43,Hospital_4,121178
2026-03-15T14:47:02Z,43,Hospital_1,121178
2026-03-15T14:47:05Z,44,Hospital_3,121178
2026-03-15T14:47:05Z,44,Hospital_5,138278
2026-03-15T14:47:05Z,44,Hospital_4,121178
2026-03-15T14:47:05Z,44,Hospital_2,121178
2026-03-15T14:47:05Z,44,Hospital_1,121178
2026-03-15T14:47:08Z,45,Hospital_4,121178
2026-03-15T14:47:08Z,45,Hospital_2,121178
2026-03-15T14:47:08Z,45,Hospital_1,121178
2026-03-15T14:47:08Z,45,Hospital_3,138266
2026-03-15T14:47:08Z,45,Hospital_5,121178
2026-03-15T14:47:11Z,46,Hospital_3,121178
2026-03-15T14:47:11Z,46,Hospital_1,121178
2026-03-15T14:47:11Z,46,Hospital_2,121178
2026-03-15T14:47:11Z,46,Hospital_5,121178
2026-03-15T14:47:11Z,46,Hospital_4,138278
2026-03-15T14:47:14Z,47,Hospital_2,138278
2026-03-15T14:47:14Z,47,Hospital_1,121178
2026-03-15T14:47:14Z,47,Hospital_5,121178
2026-03-15T14:47:14Z,47,Hospital_3,121166
2026-03-15T14:47:14Z,47,Hospital_4,121178
2026-03-15T14:47:17Z,48,Hospital_4,121178
2026-03-15T14:47:17Z,48,Hospital_3,138278
2026-03-15T14:47:17Z,48,Hospital_5,121178
2026-03-15T14:47:17Z,48,Hospital_1,121178
2026-03-15T14:47:17Z,48,Hospital_2,121178
2026-03-15T14:47:20Z,49,Hospital_2,121178
2026-03-15T14:47:20Z,49,Hospital_5,121178
2026-03-15T14:47:20Z,49,Hospital_1,138278
2026-03-15T14:47:20Z,49,Hospital_3,121178
2026-03-15T14:47:20Z,49,Hospital_4,121178
2026-03-15T14:47:23Z,50,Hospital_1,121178
2026-03-15T14:47:23Z,50,Hospital_3,138278
2026-03-15T14:47:23Z,50,Hospital_2,121178
2026-03-15T14:47:23Z,50,Hospital_4,121178
2026-03-15T14:47:23Z,50,Hospital_5,121178
2026-03-15T14:47:46Z,1,Hospital_5,121178
2026-03-15T14:47:46Z,1,Hospital_4,138254
2026-03-15T14:47:55Z,2,Hospital_4,138266
2026-03-15T14:47:55Z,2,Hospital_3,121178
2026-03-15T14:47:55Z,2,Hospital_2,121178
2026-03-15T14:47:55Z,2,Hospital_1,121178
2026-03-15T14:47:55Z,2,Hospital_5,121178
2026-03-15T14:48:28Z,3,Hospital_5,121178
2026-03-15T14:48:28Z,3,Hospital_3,121178
2026-03-15T14:48:28Z,3,Hospital_1,138266
2026-03-15T14:48:28Z,3,Hospital_2,121178
2026-03-15T14:48:28Z,3,Hospital_4,121178
2026-03-15T14:48:31Z,4,Hospital_5,121178
2026-03-15T14:48:31Z,4,Hospital_1,121178
2026-03-15T14:48:31Z,4,Hospital_4,138278
2026-03-15T14:48:31Z,4,Hospital_3,121178
2026-03-15T14:48:31Z,4,Hospital_2,121178
2026-03-15T14:48:34Z,5,Hospital_5,138278
2026-03-15T14:48:34Z,5,Hospital_2,121178
2026-03-15T14:48:34Z,5,Hospital_4,121178
2026-03-15T14:48:34Z,5,Hospital_1,121178
2026-03-15T14:48:34Z,5,Hospital_3,121178
2026-03-15T14:48:37Z,6,Hospital_1,121178
2026-03-15T14:48:37Z,6,Hospital_2,121166
2026-03-15T14:48:37Z,6,Hospital_4,121178
2026-03-15T14:48:37Z,6,Hospital_3,121178
2026-03-15T14:48:37Z,6,Hospital_5,138278
2026-03-15T14:48:40Z,7,Hospital_2,121178
2026-03-15T14:48:40Z,7,Hospital_3,121178
2026-03-15T14:48:40Z,7,Hospital_4,121166
2026-03-15T14:48:40Z,7,Hospital_5,138278
2026-03-15T14:48:40Z,7,Hospital_1,121178
2026-03-15T14:48:43Z,8,Hospital_5,121166
2026-03-15T14:48:43Z,8,Hospital_1,121178
2026-03-15T14:48:43Z,8,Hospital_4,121178
2026-03-15T14:48:43Z,8,Hospital_2,121178
2026-03-15T14:48:43Z,8,Hospital_3,138278
2026-03-15T14:48:46Z,9,Hospital_2,121178
2026-03-15T14:48:46Z,9,Hospital_3,121178
2026-03-15T14:48:46Z,9,Hospital_5,138278
2026-03-15T14:48:46Z,9,Hospital_1,121178
2026-03-15T14:48:46Z,9,Hospital_4,121178
2026-03-15T14:48:49Z,10,Hospital_5,138278
2026-03-15T14:48:49Z,10,Hospital_1,121178
2026-03-15T14:48:49Z,10,Hospital_4,121178
2026-03-15T14:48:49Z,10,Hospital_3,121178
2026-03-15T14:48:49Z,10,Hospital_2,121166
2026-03-15T14:48:52Z,11,Hospital_4,121178
2026-03-15T14:48:52Z,11,Hospital_1,121178
2026-03-15T14:48:52Z,11,Hospital_3,121178
2026-03-15T14:48:52Z,11,Hospital_5,121178
2026-03-15T14:48:52Z,11,Hospital_2,138278
2026-03-15T14:48:55Z,12,Hospital_5,138266
2026-03-15T14:48:55Z,12,Hospital_2,121178
2026-03-15T14:48:55Z,12,Hospital_1,121178
2026-03-15T14:48:55Z,12,Hospital_4,121178
2026-03-15T14:48:55Z,12,Hospital_3,121178
2026-03-15T14:48:59Z,13,Hospital_5,121178
2026-03-15T14:48:59Z,13,Hospital_1,121178
2026-03-15T14:48:59Z,13,Hospital_3,121166
2026-03-15T14:48:59Z,13,Hospital_2,121178
2026-03-15T14:48:59Z,13,Hospital_4,138278
2026-03-15T14:49:02Z,14,Hospital_2,121178
2026-03-15T14:49:02Z,14,Hospital_1,121178
2026-03-15T14:49:02Z,14,Hospital_3,138278
2026-03-15T14:49:02Z,14,Hospital_5,121166
2026-03-15T14:49:02Z,14,Hospital_4,121178
2026-03-15T14:49:05Z,15,Hospital_1,121178
2026-03-15T14:49:05Z,15,Hospital_2,138278
2026-03-15T14:49:05Z,15,Hospital_3,121178
2026-03-15T14:49:05Z,15,Hospital_4,121178
2026-03-15T14:49:05Z,15,Hospital_5,121178
2026-03-15T14:49:08Z,16,Hospital_4,121178
2026-03-15T14:49:08Z,16,Hospital_5,138278
2026-03-15T14:49:08Z,16,Hospital_2,121166
2026-03-15T14:49:08Z,16,Hospital_3,121178
2026-03-15T14:49:08Z,16,Hospital_1,121178
2026-03-15T14:49:11Z,17,Hospital_5,138278
2026-03-15T14:49:11Z,17,Hospital_4,121178
2026-03-15T14:49:11Z,17,Hospital_1,121178
2026-03-15T14:49:11Z,17,Hospital_2,121178
2026-03-15T14:49:11Z,17,Hospital_3,121178
2026-03-15T14:49:44Z,18,Hospital_2,121178
2026-03-15T14:49:44Z,18,Hospital_3,138278
2026-03-15T14:49:44Z,18,Hospital_5,121178
2026-03-15T14:49:44Z,18,Hospital_4,121178
2026-03-15T14:49:44Z,18,Hospital_1,121178
2026-03-15T14:49:47Z,19,Hospital_1,121178
2026-03-15T14:49:47Z,19,Hospital_5,121178
2026-03-15T14:49:47Z,19,Hospital_2,138278
2026-03-15T14:49:47Z,19,Hospital_3,121166
2026-03-15T14:49:47Z,19,Hospital_4,121166
2026-03-15T14:49:50Z,20,Hospital_3,121178
2026-03-15T14:49:50Z,20,Hospital_1,121178
2026-03-15T14:49:50Z,20,Hospital_5,121178
2026-03-15T14:49:50Z,20,Hospital_4,138278
2026-03-15T14:49:50Z,20,Hospital_2,121178
2026-03-15T14:49:53Z,21,Hospital_4,121178
2026-03-15T14:49:53Z,21,Hospital_1,138278
2026-03-15T14:49:53Z,21,Hospital_2,121178
2026-03-15T14:49:53Z,21,Hospital_5,121178
2026-03-15T14:49:53Z,21,Hospital_3,121178
2026-03-15T14:49:56Z,22,Hospital_4,121178
2026-03-15T14:49:56Z,22,Hospital_1,121178
2026-03-15T14:49:56Z,22,Hospital_2,138266
2026-03-15T14:49:56Z,22,Hospital_5,121178
2026-03-15T14:49:56Z,22,Hospital_3,121178
2026-03-15T14:49:59Z,23,Hospital_5,121178
2026-03-15T14:49:59Z,23,Hospital_4,138278
2026-03-15T14:49:59Z,23,Hospital_1,121178
2026-03-15T14:49:59Z,23,Hospital_2,121178
2026-03-15T14:49:59Z,23,Hospital_3,121178
2026-03-15T14:50:02Z,24,Hospital_4,121178
2026-03-15T14:50:02Z,24,Hospital_5,121178
2026-03-15T14:50:02Z,24,Hospital_1,121178
2026-03-15T14:50:02Z,24,Hospital_3,138278
2026-03-15T14:50:02Z,24,Hospital_2,121178
2026-03-15T14:50:06Z,25,Hospital_5,121178
2026-03-15T14:50:06Z,25,Hospital_2,121166
2026-03-15T14:50:06Z,25,Hospital_1,138278
2026-03-15T14:50:06Z,25,Hospital_3,121178
2026-03-15T14:50:06Z,25,Hospital_4,121178
2026-03-15T14:50:09Z,26,Hospital_4,121166
2026-03-15T14:50:09Z,26,Hospital_1,121178
2026-03-15T14:50:09Z,26,Hospital_2,121178
2026-03-15T14:50:09Z,26,Hospital_5,121178
2026-03-15T14:50:09Z,26,Hospital_3,138278
2026-03-15T14:50:42Z,27,Hospital_3,138278
2026-03-15T14:50:42Z,27,Hospital_1,121178
2026-03-15T14:50:42Z,27,Hospital_4,121178
2026-03-15T14:50:42Z,27,Hospital_2,121178
2026-03-15T14:50:42Z,27,Hospital_5,121178
2026-03-15T14:50:45Z,28,Hospital_4,138278
2026-03-15T14:50:45Z,28,Hospital_1,121178
2026-03-15T14:50:45Z,28,Hospital_3,121178
2026-03-15T14:50:45Z,28,Hospital_2,121178
2026-03-15T14:50:45Z,28,Hospital_5,121166
2026-03-15T14:50:48Z,29,Hospital_5,121178
2026-03-15T14:50:48Z,29,Hospital_1,121178
2026-03-15T14:50:48Z,29,Hospital_3,121178
2026-03-15T14:50:48Z,29,Hospital_2,121178
2026-03-15T14:50:48Z,29,Hospital_4,138278
2026-03-15T14:50:51Z,30,Hospital_2,138266
2026-03-15T14:50:51Z,30,Hospital_3,121166
2026-03-15T14:50:51Z,30,Hospital_1,121178
2026-03-15T14:50:51Z,30,Hospital_4,121178
2026-03-15T14:50:51Z,30,Hospital_5,121178
2026-03-15T14:50:54Z,31,Hospital_3,121178
2026-03-15T14:50:54Z,31,Hospital_1,121178
2026-03-15T14:50:54Z,31,Hospital_5,138278
2026-03-15T14:50:54Z,31,Hospital_2,121178
2026-03-15T14:50:54Z,31,Hospital_4,121178
2026-03-15T14:50:57Z,32,Hospital_3,138278
2026-03-15T14:50:57Z,32,Hospital_1,121178
2026-03-15T14:50:57Z,32,Hospital_4,121178
2026-03-15T14:50:57Z,32,Hospital_2,121178
2026-03-15T14:50:57Z,32,Hospital_5,121178
2026-03-15T14:51:00Z,33,Hospital_3,138278
2026-03-15T14:51:00Z,33,Hospital_2,121178
2026-03-15T14:51:00Z,33,Hospital_4,121178
2026-03-15T14:51:00Z,33,Hospital_1,121166
2026-03-15T14:51:00Z,33,Hospital_5,121178
2026-03-15T14:51:03Z,34,Hospital_3,121178
2026-03-15T14:51:03Z,34,Hospital_5,121178
2026-03-15T14:51:03Z,34,Hospital_4,138278
2026-03-15T14:51:03Z,34,Hospital_2,121178
2026-03-15T14:51:03Z,34,Hospital_1,121178
2026-03-15T14:51:06Z,35,Hospital_5,121178
2026-03-15T14:51:06Z,35,Hospital_1,121166
2026-03-15T14:51:06Z,35,Hospital_2,121178
2026-03-15T14:51:06Z,35,Hospital_4,138278
2026-03-15T14:51:06Z,35,Hospital_3,121166
2026-03-15T14:51:09Z,36,Hospital_3,121178
2026-03-15T14:51:09Z,36,Hospital_1,121178
2026-03-15T14:51:09Z,36,Hospital_4,121178
2026-03-15T14:51:09Z,36,Hospital_5,121178
2026-03-15T14:51:09Z,36,Hospital_2,138266
2026-03-15T14:51:43Z,37,Hospital_3,138266
2026-03-15T14:51:43Z,37,Hospital_2,121178
2026-03-15T14:51:43Z,37,Hospital_1,121178
2026-03-15T14:51:43Z,37,Hospital_4,121178
2026-03-15T14:51:43Z,37,Hospital_5,121178
2026-03-15T14:51:46Z,38,Hospital_1,138278
2026-03-15T14:51:46Z,38,Hospital_5,121178
2026-03-15T14:51:46Z,38,Hospital_4,121178
2026-03-15T14:51:46Z,38,Hospital_2,121178
2026-03-15T14:51:46Z,38,Hospital_3,121178
2026-03-15T14:51:49Z,39,Hospital_1,138278
2026-03-15T14:51:49Z,39,Hospital_2,121178
2026-03-15T14:51:49Z,39,Hospital_4,121178
2026-03-15T14:51:49Z,39,Hospital_5,121178
2026-03-15T14:51:49Z,39,Hospital_3,121166
2026-03-15T14:51:52Z,40,Hospital_3,121178
2026-03-15T14:51:52Z,40,Hospital_4,121178
2026-03-15T14:51:52Z,40,Hospital_1,138278
2026-03-15T14:51:52Z,40,Hospital_5,121178
2026-03-15T14:51:52Z,40,Hospital_2,121178
2026-03-15T14:51:55Z,41,Hospital_1,121178
2026-03-15T14:51:55Z,41,Hospital_5,138278
2026-03-15T14:51:55Z,41,Hospital_4,121178
2026-03-15T14:51:55Z,41,Hospital_3,121178
2026-03-15T14:51:55Z,41,Hospital_2,121178
2026-03-15T14:52:28Z,42,Hospital_4,138278
2026-03-15T14:52:28Z,42,Hospital_3,121178
2026-03-15T14:52:28Z,42,Hospital_1,121178
2026-03-15T14:52:28Z,42,Hospital_2,121178
2026-03-15T14:52:28Z,42,Hospital_5,121178
2026-03-15T14:52:31Z,43,Hospital_4,138278
2026-03-15T14:52:31Z,43,Hospital_2,121166
2026-03-15T14:52:31Z,43,Hospital_5,121178
2026-03-15T14:52:31Z,43,Hospital_1,121178
2026-03-15T14:52:31Z,43,Hospital_3,121178
2026-03-15T14:52:34Z,44,Hospital_5,121166
2026-03-15T14:52:34Z,44,Hospital_2,121166
2026-03-15T14:52:34Z,44,Hospital_1,121178
2026-03-15T14:52:34Z,44,Hospital_4,121178
2026-03-15T14:52:34Z,44,Hospital_3,138254
2026-03-15T14:52:37Z,45,Hospital_3,121178
2026-03-15T14:52:37Z,45,Hospital_1,121178
2026-03-15T14:52:37Z,45,Hospital_2,138278
2026-03-15T14:52:37Z,45,Hospital_5,121178
2026-03-15T14:52:37Z,45,Hospital_4,121178
2026-03-15T14:52:40Z,46,Hospital_5,121178
2026-03-15T14:52:40Z,46,Hospital_3,121178
2026-03-15T14:52:40Z,46,Hospital_2,138278
2026-03-15T14:52:40Z,46,Hospital_1,121178
2026-03-15T14:52:40Z,46,Hospital_4,121178
2026-03-15T14:52:43Z,47,Hospital_4,138278
2026-03-15T14:52:43Z,47,Hospital_3,121178
2026-03-15T14:52:43Z,47,Hospital_1,121178
2026-03-15T14:52:43Z,47,Hospital_2,121178
2026-03-15T14:52:43Z,47,Hospital_5,121178
2026-03-15T14:52:46Z,48,Hospital_5,121178
2026-03-15T14:52:46Z,48,Hospital_3,138266
2026-03-15T14:52:46Z,48,Hospital_1,121178
2026-03-15T14:52:46Z,48,Hospital_2,121178
2026-03-15T14:52:46Z,48,Hospital_4,121178
2026-03-15T14:52:50Z,49,Hospital_5,121178
2026-03-15T14:52:50Z,49,Hospital_3,121178
2026-03-15T14:52:50Z,49,Hospital_4,121178
2026-03-15T14:52:50Z,49,Hospital_2,121178
2026-03-15T14:52:50Z,49,Hospital_1,138278
2026-03-15T14:52:53Z,50,Hospital_1,121178
2026-03-15T14:52:53Z,50,Hospital_2,121178
2026-03-15T14:52:53Z,50,Hospital_5,121178
2026-03-15T14:52:53Z,50,Hospital_4,138278
2026-03-15T14:52:53Z,50,Hospital_3,121178
2026-03-15T14:53:18Z,1,Hospital_2,138278
2026-03-15T14:53:18Z,1,Hospital_3,121178
2026-03-15T14:53:25Z,2,Hospital_3,121166
2026-03-15T14:53:25Z,2,Hospital_2,138278
2026-03-15T14:53:25Z,2,Hospital_5,121178
2026-03-15T14:53:25Z,2,Hospital_1,121178
2026-03-15T14:53:25Z,2,Hospital_4,121178
2026-03-15T14:53:27Z,3,Hospital_2,121178
2026-03-15T14:53:27Z,3,Hospital_5,121178
2026-03-15T14:53:27Z,3,Hospital_3,138266
2026-03-15T14:53:27Z,3,Hospital_4,121178
2026-03-15T14:53:27Z,3,Hospital_1,121178
2026-03-15T14:53:29Z,4,Hospital_2,121166
2026-03-15T14:53:29Z,4,Hospital_1,121178
2026-03-15T14:53:29Z,4,Hospital_4,121178
2026-03-15T14:53:29Z,4,Hospital_5,138278
2026-03-15T14:53:29Z,4,Hospital_3,121178
2026-03-15T14:53:31Z,5,Hospital_4,138266
2026-03-15T14:53:31Z,5,Hospital_2,121178
2026-03-15T14:53:31Z,5,Hospital_5,121178
2026-03-15T14:53:31Z,5,Hospital_1,121178
2026-03-15T14:53:31Z,5,Hospital_3,121178
2026-03-15T14:53:33Z,6,Hospital_3,121178
2026-03-15T14:53:33Z,6,Hospital_4,121154
2026-03-15T14:53:33Z,6,Hospital_5,121178
2026-03-15T14:53:33Z,6,Hospital_1,138278
2026-03-15T14:53:33Z,6,Hospital_2,121178
2026-03-15T14:53:35Z,7,Hospital_3,121178
2026-03-15T14:53:35Z,7,Hospital_5,121178
2026-03-15T14:53:35Z,7,Hospital_4,138266
2026-03-15T14:53:35Z,7,Hospital_2,121178
2026-03-15T14:53:35Z,7,Hospital_1,121178
2026-03-15T14:53:38Z,8,Hospital_1,121178
2026-03-15T14:53:38Z,8,Hospital_4,121178
2026-03-15T14:53:38Z,8,Hospital_2,121178
2026-03-15T14:53:38Z,8,Hospital_3,138278
2026-03-15T14:53:38Z,8,Hospital_5,121178
2026-03-15T14:53:40Z,9,Hospital_4,138278
2026-03-15T14:53:40Z,9,Hospital_5,121166
2026-03-15T14:53:40Z,9,Hospital_1,121166
2026-03-15T14:53:40Z,9,Hospital_3,121178
2026-03-15T14:53:40Z,9,Hospital_2,121178
2026-03-15T14:53:42Z,10,Hospital_3,121178
2026-03-15T14:53:42Z,10,Hospital_5,121178
2026-03-15T14:53:42Z,10,Hospital_4,121178
2026-03-15T14:53:42Z,10,Hospital_1,121178
2026-03-15T14:53:42Z,10,Hospital_2,138278
2026-03-15T14:53:44Z,11,Hospital_3,121178
2026-03-15T14:53:44Z,11,Hospital_2,121178
2026-03-15T14:53:44Z,11,Hospital_1,121178
2026-03-15T14:53:44Z,11,Hospital_4,138278
2026-03-15T14:53:44Z,11,Hospital_5,121178
2026-03-15T14:53:46Z,12,Hospital_2,121178
2026-03-15T14:53:46Z,12,Hospital_3,138278
2026-03-15T14:53:46Z,12,Hospital_1,121178
2026-03-15T14:53:46Z,12,Hospital_4,121178
2026-03-15T14:53:46Z,12,Hospital_5,121178
2026-03-15T14:53:48Z,13,Hospital_2,121178
2026-03-15T14:53:48Z,13,Hospital_5,121178
2026-03-15T14:53:48Z,13,Hospital_3,138278
2026-03-15T14:53:48Z,13,Hospital_1,121178
2026-03-15T14:53:48Z,13,Hospital_4,121178
2026-03-15T14:53:50Z,14,Hospital_3,121178
2026-03-15T14:53:50Z,14,Hospital_4,121178
2026-03-15T14:53:50Z,14,Hospital_2,138278
2026-03-15T14:53:50Z,14,Hospital_1,121178
2026-03-15T14:53:50Z,14,Hospital_5,121178
2026-03-15T14:53:52Z,15,Hospital_5,121178
2026-03-15T14:53:52Z,15,Hospital_1,121178
2026-03-15T14:53:52Z,15,Hospital_4,121178
2026-03-15T14:53:52Z,15,Hospital_3,121154
2026-03-15T14:53:52Z,15,Hospital_2,138278
2026-03-15T14:53:54Z,16,Hospital_3,121178
2026-03-15T14:53:54Z,16,Hospital_1,121178
2026-03-15T14:53:54Z,16,Hospital_4,138278
2026-03-15T14:53:54Z,16,Hospital_2,121166
2026-03-15T14:53:54Z,16,Hospital_5,121178
2026-03-15T14:53:56Z,17,Hospital_5,121178
2026-03-15T14:53:56Z,17,Hospital_4,121178
2026-03-15T14:53:56Z,17,Hospital_3,121178
2026-03-15T14:53:56Z,17,Hospital_2,138278
2026-03-15T14:53:56Z,17,Hospital_1,121178
2026-03-15T14:53:58Z,18,Hospital_4,121178
2026-03-15T14:53:58Z,18,Hospital_2,121178
2026-03-15T14:53:58Z,18,Hospital_1,121178
2026-03-15T14:53:58Z,18,Hospital_5,138278
2026-03-15T14:53:58Z,18,Hospital_3,121178
2026-03-15T14:54:00Z,19,Hospital_2,121178
2026-03-15T14:54:00Z,19,Hospital_5,121178
2026-03-15T14:54:00Z,19,Hospital_3,121178
2026-03-15T14:54:00Z,19,Hospital_1,121166
2026-03-15T14:54:00Z,19,Hospital_4,138278
2026-03-15T14:54:03Z,20,Hospital_5,121178
2026-03-15T14:54:03Z,20,Hospital_2,121178
2026-03-15T14:54:03Z,20,Hospital_1,121178
2026-03-15T14:54:03Z,20,Hospital_3,138254
2026-03-15T14:54:03Z,20,Hospital_4,121166
2026-03-15T14:54:05Z,21,Hospital_4,121166
2026-03-15T14:54:05Z,21,Hospital_5,121166
2026-03-15T14:54:05Z,21,Hospital_1,138278
2026-03-15T14:54:05Z,21,Hospital_2,121178
2026-03-15T14:54:05Z,21,Hospital_3,121178
2026-03-15T14:54:07Z,22,Hospital_3,121166
2026-03-15T14:54:07Z,22,Hospital_2,121178
2026-03-15T14:54:07Z,22,Hospital_5,121178
2026-03-15T14:54:07Z,22,Hospital_4,138278
2026-03-15T14:54:07Z,22,Hospital_1,121178
2026-03-15T14:54:09Z,23,Hospital_1,121178
2026-03-15T14:54:09Z,23,Hospital_5,138278
2026-03-15T14:54:09Z,23,Hospital_2,121178
2026-03-15T14:54:09Z,23,Hospital_3,121178
2026-03-15T14:54:09Z,23,Hospital_4,121178
2026-03-15T14:54:11Z,24,Hospital_3,121166
2026-03-15T14:54:11Z,24,Hospital_2,138278
2026-03-15T14:54:11Z,24,Hospital_5,121178
2026-03-15T14:54:11Z,24,Hospital_4,121178
2026-03-15T14:54:11Z,24,Hospital_1,121178
2026-03-15T14:54:13Z,25,Hospital_2,121178
2026-03-15T14:54:13Z,25,Hospital_3,121178
2026-03-15T14:54:13Z,25,Hospital_4,138266
2026-03-15T14:54:13Z,25,Hospital_1,121178
2026-03-15T14:54:13Z,25,Hospital_5,121178
2026-03-15T14:54:15Z,26,Hospital_1,121178
2026-03-15T14:54:15Z,26,Hospital_3,121178
2026-03-15T14:54:15Z,26,Hospital_5,121178
2026-03-15T14:54:15Z,26,Hospital_2,138266
2026-03-15T14:54:15Z,26,Hospital_4,121178
2026-03-15T14:54:17Z,27,Hospital_2,138266
2026-03-15T14:54:17Z,27,Hospital_1,121178
2026-03-15T14:54:17Z,27,Hospital_5,121178
2026-03-15T14:54:17Z,27,Hospital_4,121178
2026-03-15T14:54:17Z,27,Hospital_3,121178
2026-03-15T14:54:19Z,28,Hospital_3,121178
2026-03-15T14:54:19Z,28,Hospital_2,121178
2026-03-15T14:54:19Z,28,Hospital_4,121178
2026-03-15T14:54:19Z,28,Hospital_5,138278
2026-03-15T14:54:19Z,28,Hospital_1,121178
2026-03-15T14:54:21Z,29,Hospital_3,121178
2026-03-15T14:54:21Z,29,Hospital_4,121178
2026-03-15T14:54:21Z,29,Hospital_2,121166
2026-03-15T14:54:21Z,29,Hospital_1,121178
2026-03-15T14:54:21Z,29,Hospital_5,138266
2026-03-15T14:54:23Z,30,Hospital_3,121178
2026-03-15T14:54:23Z,30,Hospital_5,121178
2026-03-15T14:54:23Z,30,Hospital_1,138278
2026-03-15T14:54:23Z,30,Hospital_2,121178
2026-03-15T14:54:23Z,30,Hospital_4,121178
2026-03-15T14:54:25Z,31,Hospital_5,121178
2026-03-15T14:54:25Z,31,Hospital_2,121178
2026-03-15T14:54:25Z,31,Hospital_3,138278
2026-03-15T14:54:25Z,31,Hospital_4,121178
2026-03-15T14:54:25Z,31,Hospital_1,121178
2026-03-15T14:54:27Z,32,Hospital_1,121178
2026-03-15T14:54:27Z,32,Hospital_4,138278
2026-03-15T14:54:27Z,32,Hospital_5,121178
2026-03-15T14:54:27Z,32,Hospital_2,121178
2026-03-15T14:54:27Z,32,Hospital_3,121178
2026-03-15T14:54:30Z,33,Hospital_2,121178
2026-03-15T14:54:30Z,33,Hospital_3,121178
2026-03-15T14:54:30Z,33,Hospital_1,121166
2026-03-15T14:54:30Z,33,Hospital_4,121178
2026-03-15T14:54:30Z,33,Hospital_5,138278
2026-03-15T14:54:32Z,34,Hospital_1,121178
2026-03-15T14:54:32Z,34,Hospital_4,121178
2026-03-15T14:54:32Z,34,Hospital_2,138278
2026-03-15T14:54:32Z,34,Hospital_5,121166
2026-03-15T14:54:32Z,34,Hospital_3,121178
2026-03-15T14:54:34Z,35,Hospital_3,138278
2026-03-15T14:54:34Z,35,Hospital_1,121178
2026-03-15T14:54:34Z,35,Hospital_5,121178
2026-03-15T14:54:34Z,35,Hospital_4,121178
2026-03-15T14:54:34Z,35,Hospital_2,121178
2026-03-15T14:54:36Z,36,Hospital_4,121178
2026-03-15T14:54:36Z,36,Hospital_2,138278
2026-03-15T14:54:36Z,36,Hospital_5,121178
2026-03-15T14:54:36Z,36,Hospital_3,121178
2026-03-15T14:54:36Z,36,Hospital_1,121178
2026-03-15T14:54:38Z,37,Hospital_2,138278
2026-03-15T14:54:38Z,37,Hospital_4,121178
2026-03-15T14:54:38Z,37,Hospital_5,121178
2026-03-15T14:54:38Z,37,Hospital_1,121178
2026-03-15T14:54:38Z,37,Hospital_3,121178
2026-03-15T14:54:40Z,38,Hospital_4,121178
2026-03-15T14:54:40Z,38,Hospital_2,138278
2026-03-15T14:54:40Z,38,Hospital_3,121178
2026-03-15T14:54:40Z,38,Hospital_5,121178
2026-03-15T14:54:40Z,38,Hospital_1,121178
2026-03-15T14:54:42Z,39,Hospital_2,121178
2026-03-15T14:54:42Z,39,Hospital_1,138278
2026-03-15T14:54:42Z,39,Hospital_3,121178
2026-03-15T14:54:42Z,39,Hospital_5,121178
2026-03-15T14:54:42Z,39,Hospital_4,121178
2026-03-15T14:54:44Z,40,Hospital_1,121178
2026-03-15T14:54:44Z,40,Hospital_5,121178
2026-03-15T14:54:44Z,40,Hospital_3,121178
2026-03-15T14:54:44Z,40,Hospital_4,121178
2026-03-15T14:54:44Z,40,Hospital_2,138278
2026-03-15T14:54:46Z,41,Hospital_3,121178
2026-03-15T14:54:46Z,41,Hospital_5,121178
2026-03-15T14:54:46Z,41,Hospital_4,121178
2026-03-15T14:54:46Z,41,Hospital_1,138278
2026-03-15T14:54:46Z,41,Hospital_2,121178
2026-03-15T14:54:48Z,42,Hospital_1,121166
2026-03-15T14:54:48Z,42,Hospital_4,121178
2026-03-15T14:54:48Z,42,Hospital_2,138278
2026-03-15T14:54:48Z,42,Hospital_3,121178
2026-03-15T14:54:48Z,42,Hospital_5,121178
2026-03-15T14:54:50Z,43,Hospital_5,121178
2026-03-15T14:54:50Z,43,Hospital_1,121178
2026-03-15T14:54:50Z,43,Hospital_3,121142
2026-03-15T14:54:50Z,43,Hospital_2,138278
2026-03-15T14:54:50Z,43,Hospital_4,121178
2026-03-15T14:54:52Z,44,Hospital_2,121166
2026-03-15T14:54:52Z,44,Hospital_3,121178
2026-03-15T14:54:52Z,44,Hospital_4,121166
2026-03-15T14:54:52Z,44,Hospital_1,138266
2026-03-15T14:54:52Z,44,Hospital_5,121178
2026-03-15T14:54:54Z,45,Hospital_4,138278
2026-03-15T14:54:54Z,45,Hospital_5,121178
2026-03-15T14:54:54Z,45,Hospital_1,121178
2026-03-15T14:54:54Z,45,Hospital_3,121178
2026-03-15T14:54:54Z,45,Hospital_2,121178
2026-03-15T14:54:57Z,46,Hospital_3,121178
2026-03-15T14:54:57Z,46,Hospital_2,138278
2026-03-15T14:54:57Z,46,Hospital_1,121178
2026-03-15T14:54:57Z,46,Hospital_5,121178
2026-03-15T14:54:57Z,46,Hospital_4,121178
2026-03-15T14:54:59Z,47,Hospital_5,138278
2026-03-15T14:54:59Z,47,Hospital_1,121178
2026-03-15T14:54:59Z,47,Hospital_4,121154
2026-03-15T14:54:59Z,47,Hospital_2,121178
2026-03-15T14:54:59Z,47,Hospital_3,121178
2026-03-15T14:55:01Z,48,Hospital_4,121178
2026-03-15T14:55:01Z,48,Hospital_5,121166
2026-03-15T14:55:01Z,48,Hospital_3,138278
2026-03-15T14:55:01Z,48,Hospital_1,121166
2026-03-15T14:55:01Z,48,Hospital_2,121178
2026-03-15T14:55:03Z,49,Hospital_3,121178
2026-03-15T14:55:03Z,49,Hospital_4,138278
2026-03-15T14:55:03Z,49,Hospital_2,121166
2026-03-15T14:55:03Z,49,Hospital_1,121178
2026-03-15T14:55:03Z,49,Hospital_5,121154
2026-03-15T14:55:05Z,50,Hospital_5,121178
2026-03-15T14:55:05Z,50,Hospital_3,121178
2026-03-15T14:55:05Z,50,Hospital_2,121178
2026-03-15T14:55:05Z,50,Hospital_4,138278
2026-03-15T14:55:05Z,50,Hospital_1,121178
2026-03-15T14:55:30Z,1,Hospital_5,121166
2026-03-15T14:55:30Z,1,Hospital_4,138278
2026-03-15T14:55:39Z,2,Hospital_2,138278
2026-03-15T14:55:39Z,2,Hospital_3,121178
2026-03-15T14:55:39Z,2,Hospital_4,121178
2026-03-15T14:55:39Z,2,Hospital_1,121178
2026-03-15T14:55:39Z,2,Hospital_5,121178
2026-03-15T14:55:41Z,3,Hospital_1,121178
2026-03-15T14:55:41Z,3,Hospital_5,121166
2026-03-15T14:55:41Z,3,Hospital_4,138278
2026-03-15T14:55:41Z,3,Hospital_2,121178
2026-03-15T14:55:41Z,3,Hospital_3,121166
2026-03-15T14:56:13Z,4,Hospital_2,121178
2026-03-15T14:56:13Z,4,Hospital_1,121178
2026-03-15T14:56:13Z,4,Hospital_5,121178
2026-03-15T14:56:13Z,4,Hospital_4,121178
2026-03-15T14:56:13Z,4,Hospital_3,138278
2026-03-15T14:56:15Z,5,Hospital_4,121178
2026-03-15T14:56:15Z,5,Hospital_3,121178
2026-03-15T14:56:15Z,5,Hospital_5,121178
2026-03-15T14:56:15Z,5,Hospital_1,138278
2026-03-15T14:56:15Z,5,Hospital_2,121178
2026-03-15T14:56:17Z,6,Hospital_5,121178
2026-03-15T14:56:17Z,6,Hospital_2,138278
2026-03-15T14:56:17Z,6,Hospital_4,121166
2026-03-15T14:56:17Z,6,Hospital_3,121178
2026-03-15T14:56:17Z,6,Hospital_1,121178
2026-03-15T14:56:20Z,7,Hospital_3,121178
2026-03-15T14:56:20Z,7,Hospital_2,121178
2026-03-15T14:56:20Z,7,Hospital_5,121178
2026-03-15T14:56:20Z,7,Hospital_4,121178
2026-03-15T14:56:20Z,7,Hospital_1,138278
2026-03-15T14:56:22Z,8,Hospital_4,138278
2026-03-15T14:56:22Z,8,Hospital_2,121178
2026-03-15T14:56:22Z,8,Hospital_3,121178
2026-03-15T14:56:22Z,8,Hospital_5,121178
2026-03-15T14:56:22Z,8,Hospital_1,121178
2026-03-15T14:56:24Z,9,Hospital_2,138278
2026-03-15T14:56:24Z,9,Hospital_5,121178
2026-03-15T14:56:24Z,9,Hospital_4,121178
2026-03-15T14:56:24Z,9,Hospital_1,121178
2026-03-15T14:56:24Z,9,Hospital_3,121178
2026-03-15T14:56:26Z,10,Hospital_1,121178
2026-03-15T14:56:26Z,10,Hospital_2,121178
2026-03-15T14:56:26Z,10,Hospital_5,121166
2026-03-15T14:56:26Z,10,Hospital_3,138278
2026-03-15T14:56:26Z,10,Hospital_4,121178
2026-03-15T14:56:28Z,11,Hospital_1,121178
2026-03-15T14:56:28Z,11,Hospital_4,121178
2026-03-15T14:56:28Z,11,Hospital_3,121178
2026-03-15T14:56:28Z,11,Hospital_5,138278
2026-03-15T14:56:28Z,11,Hospital_2,121178
2026-03-15T14:56:30Z,12,Hospital_3,138278
2026-03-15T14:56:30Z,12,Hospital_1,121178
2026-03-15T14:56:30Z,12,Hospital_2,121178
2026-03-15T14:56:30Z,12,Hospital_5,121178
2026-03-15T14:56:30Z,12,Hospital_4,121178
2026-03-15T14:56:32Z,13,Hospital_1,121166
2026-03-15T14:56:32Z,13,Hospital_4,138278
2026-03-15T14:56:32Z,13,Hospital_3,121178
2026-03-15T14:56:32Z,13,Hospital_5,121178
2026-03-15T14:56:32Z,13,Hospital_2,121178
2026-03-15T14:56:34Z,14,Hospital_5,121178
2026-03-15T14:56:34Z,14,Hospital_4,121178
2026-03-15T14:56:34Z,14,Hospital_1,121166
2026-03-15T14:56:34Z,14,Hospital_3,121178
2026-03-15T14:56:34Z,14,Hospital_2,138278
2026-03-15T14:56:36Z,15,Hospital_2,138278
2026-03-15T14:56:36Z,15,Hospital_3,121178
2026-03-15T14:56:36Z,15,Hospital_1,121178
2026-03-15T14:56:36Z,15,Hospital_4,121178
2026-03-15T14:56:36Z,15,Hospital_5,121178
2026-03-15T14:56:38Z,16,Hospital_4,121178
2026-03-15T14:56:38Z,16,Hospital_5,138278
2026-03-15T14:56:38Z,16,Hospital_3,121178
2026-03-15T14:56:38Z,16,Hospital_2,121166
2026-03-15T14:56:38Z,16,Hospital_1,121178
2026-03-15T14:56:40Z,17,Hospital_3,121178
2026-03-15T14:56:40Z,17,Hospital_1,138278
2026-03-15T14:56:40Z,17,Hospital_2,121178
2026-03-15T14:56:40Z,17,Hospital_4,121178
2026-03-15T14:56:40Z,17,Hospital_5,121178
2026-03-15T14:56:42Z,18,Hospital_1,138278
2026-03-15T14:56:42Z,18,Hospital_3,121178
2026-03-15T14:56:42Z,18,Hospital_5,121178
2026-03-15T14:56:42Z,18,Hospital_4,121166
2026-03-15T14:56:42Z,18,Hospital_2,121178
2026-03-15T14:56:44Z,19,Hospital_1,121178
2026-03-15T14:56:44Z,19,Hospital_2,121178
2026-03-15T14:56:44Z,19,Hospital_4,138278
2026-03-15T14:56:44Z,19,Hospital_3,121154
2026-03-15T14:56:44Z,19,Hospital_5,121178
2026-03-15T14:56:47Z,20,Hospital_5,121178
2026-03-15T14:56:47Z,20,Hospital_2,121178
2026-03-15T14:56:47Z,20,Hospital_3,138278
2026-03-15T14:56:47Z,20,Hospital_1,121178
2026-03-15T14:56:47Z,20,Hospital_4,121178
2026-03-15T14:56:49Z,21,Hospital_2,121178
2026-03-15T14:56:49Z,21,Hospital_4,121178
2026-03-15T14:56:49Z,21,Hospital_3,121178
2026-03-15T14:56:49Z,21,Hospital_1,121178
2026-03-15T14:56:49Z,21,Hospital_5,138278
2026-03-15T14:56:51Z,22,Hospital_1,121166
2026-03-15T14:56:51Z,22,Hospital_5,121178
2026-03-15T14:56:51Z,22,Hospital_3,121178
2026-03-15T14:56:51Z,22,Hospital_2,138278
2026-03-15T14:56:51Z,22,Hospital_4,121178
2026-03-15T14:56:53Z,23,Hospital_3,138278
2026-03-15T14:56:53Z,23,Hospital_4,121178
2026-03-15T14:56:53Z,23,Hospital_5,121178
2026-03-15T14:56:53Z,23,Hospital_1,121166
2026-03-15T14:56:53Z,23,Hospital_2,121178
2026-03-15T14:56:55Z,24,Hospital_4,138278
2026-03-15T14:56:55Z,24,Hospital_5,121178
2026-03-15T14:56:55Z,24,Hospital_2,121178
2026-03-15T14:56:55Z,24,Hospital_1,121178
2026-03-15T14:56:55Z,24,Hospital_3,121178
2026-03-15T14:56:57Z,25,Hospital_3,121178
2026-03-15T14:56:57Z,25,Hospital_2,121178
2026-03-15T14:56:57Z,25,Hospital_4,121178
2026-03-15T14:56:57Z,25,Hospital_5,138278
2026-03-15T14:56:57Z,25,Hospital_1,121178
2026-03-15T14:56:59Z,26,Hospital_4,121178
2026-03-15T14:56:59Z,26,Hospital_1,121178
2026-03-15T14:56:59Z,26,Hospital_3,138278
2026-03-15T14:56:59Z,26,Hospital_5,121178
2026-03-15T14:56:59Z,26,Hospital_2,121178
2026-03-15T14:57:01Z,27,Hospital_1,121178
2026-03-15T14:57:01Z,27,Hospital_2,138278
2026-03-15T14:57:01Z,27,Hospital_5,121178
2026-03-15T14:57:01Z,27,Hospital_4,121178
2026-03-15T14:57:01Z,27,Hospital_3,121178
2026-03-15T14:57:03Z,28,Hospital_4,121178
2026-03-15T14:57:03Z,28,Hospital_1,121178
2026-03-15T14:57:03Z,28,Hospital_5,121178
2026-03-15T14:57:03Z,28,Hospital_2,121166
2026-03-15T14:57:03Z,28,Hospital_3,138278
2026-03-15T14:57:05Z,29,Hospital_2,121178
2026-03-15T14:57:05Z,29,Hospital_4,121178
2026-03-15T14:57:05Z,29,Hospital_3,121178
2026-03-15T14:57:05Z,29,Hospital_1,138278
2026-03-15T14:57:05Z,29,Hospital_5,121178
2026-03-15T14:57:07Z,30,Hospital_2,138278
2026-03-15T14:57:07Z,30,Hospital_3,121178
2026-03-15T14:57:07Z,30,Hospital_4,121166
2026-03-15T14:57:07Z,30,Hospital_1,121178
2026-03-15T14:57:07Z,30,Hospital_5,121178
2026-03-15T14:57:09Z,31,Hospital_3,121166
2026-03-15T14:57:09Z,31,Hospital_4,121178
2026-03-15T14:57:09Z,31,Hospital_5,121178
2026-03-15T14:57:09Z,31,Hospital_1,121178
2026-03-15T14:57:09Z,31,Hospital_2,138278
2026-03-15T14:57:12Z,32,Hospital_4,121178
2026-03-15T14:57:12Z,32,Hospital_5,138278
2026-03-15T14:57:12Z,32,Hospital_2,121178
2026-03-15T14:57:12Z,32,Hospital_1,121178
2026-03-15T14:57:12Z,32,Hospital_3,121178
2026-03-15T14:57:14Z,33,Hospital_3,121178
2026-03-15T14:57:14Z,33,Hospital_1,138266
2026-03-15T14:57:14Z,33,Hospital_4,121178
2026-03-15T14:57:14Z,33,Hospital_5,121166
2026-03-15T14:57:14Z,33,Hospital_2,121178
2026-03-15T14:57:16Z,34,Hospital_1,121178
2026-03-15T14:57:16Z,34,Hospital_3,138278
2026-03-15T14:57:16Z,34,Hospital_5,121178
2026-03-15T14:57:16Z,34,Hospital_2,121178
2026-03-15T14:57:16Z,34,Hospital_4,121178
2026-03-15T14:57:18Z,35,Hospital_4,121178
2026-03-15T14:57:18Z,35,Hospital_2,121166
2026-03-15T14:57:18Z,35,Hospital_1,121178
2026-03-15T14:57:18Z,35,Hospital_5,138266
2026-03-15T14:57:18Z,35,Hospital_3,121178
2026-03-15T14:57:20Z,36,Hospital_2,121178
2026-03-15T14:57:20Z,36,Hospital_4,121178
2026-03-15T14:57:20Z,36,Hospital_3,121178
2026-03-15T14:57:20Z,36,Hospital_5,138278
2026-03-15T14:57:20Z,36,Hospital_1,121178
2026-03-15T14:57:22Z,37,Hospital_5,121166
2026-03-15T14:57:22Z,37,Hospital_1,138278
2026-03-15T14:57:22Z,37,Hospital_2,121178
2026-03-15T14:57:22Z,37,Hospital_3,121178
2026-03-15T14:57:22Z,37,Hospital_4,121166
2026-03-15T14:57:24Z,38,Hospital_1,138266
2026-03-15T14:57:24Z,38,Hospital_4,121178
2026-03-15T14:57:24Z,38,Hospital_3,121178
2026-03-15T14:57:24Z,38,Hospital_2,121178
2026-03-15T14:57:24Z,38,Hospital_5,121178
2026-03-15T14:57:26Z,39,Hospital_5,121178
2026-03-15T14:57:26Z,39,Hospital_3,121178
2026-03-15T14:57:26Z,39,Hospital_4,121178
2026-03-15T14:57:26Z,39,Hospital_2,138278
2026-03-15T14:57:26Z,39,Hospital_1,121178
2026-03-15T14:57:28Z,40,Hospital_4,121178
2026-03-15T14:57:28Z,40,Hospital_2,138278
2026-03-15T14:57:28Z,40,Hospital_1,121178
2026-03-15T14:57:28Z,40,Hospital_3,121178
2026-03-15T14:57:28Z,40,Hospital_5,121178
2026-03-15T14:57:30Z,41,Hospital_5,138278
2026-03-15T14:57:30Z,41,Hospital_3,121178
2026-03-15T14:57:30Z,41,Hospital_1,121178
2026-03-15T14:57:30Z,41,Hospital_4,121178
2026-03-15T14:57:30Z,41,Hospital_2,121178
2026-03-15T14:57:32Z,42,Hospital_3,121178
2026-03-15T14:57:32Z,42,Hospital_1,121178
2026-03-15T14:57:32Z,42,Hospital_2,121178
2026-03-15T14:57:32Z,42,Hospital_4,138278
2026-03-15T14:57:32Z,42,Hospital_5,121166
2026-03-15T14:57:34Z,43,Hospital_2,138278
2026-03-15T14:57:34Z,43,Hospital_5,121178
2026-03-15T14:57:34Z,43,Hospital_3,121178
2026-03-15T14:57:34Z,43,Hospital_1,121178
2026-03-15T14:57:34Z,43,Hospital_4,121178
2026-03-15T14:57:36Z,44,Hospital_5,121178
2026-03-15T14:57:36Z,44,Hospital_4,121178
2026-03-15T14:57:36Z,44,Hospital_1,121178
2026-03-15T14:57:36Z,44,Hospital_3,121166
2026-03-15T14:57:36Z,44,Hospital_2,138278
2026-03-15T14:57:39Z,45,Hospital_3,121178
2026-03-15T14:57:39Z,45,Hospital_2,138278
2026-03-15T14:57:39Z,45,Hospital_5,121178
2026-03-15T14:57:39Z,45,Hospital_4,121178
2026-03-15T14:57:39Z,45,Hospital_1,121178
2026-03-15T14:57:41Z,46,Hospital_2,121166
2026-03-15T14:57:41Z,46,Hospital_3,121178
2026-03-15T14:57:41Z,46,Hospital_4,121178
2026-03-15T14:57:41Z,46,Hospital_5,121178
2026-03-15T14:57:41Z,46,Hospital_1,138278
2026-03-15T14:57:43Z,47,Hospital_3,121178
2026-03-15T14:57:43Z,47,Hospital_5,138278
2026-03-15T14:57:43Z,47,Hospital_4,121178
2026-03-15T14:57:43Z,47,Hospital_1,121178
2026-03-15T14:57:43Z,47,Hospital_2,121178
2026-03-15T14:57:45Z,48,Hospital_4,138278
2026-03-15T14:57:45Z,48,Hospital_2,121166
2026-03-15T14:57:45Z,48,Hospital_3,121178
2026-03-15T14:57:45Z,48,Hospital_5,121178
2026-03-15T14:57:45Z,48,Hospital_1,121178
2026-03-15T14:57:47Z,49,Hospital_5,121178
2026-03-15T14:57:47Z,49,Hospital_1,121166
2026-03-15T14:57:47Z,49,Hospital_4,121166
2026-03-15T14:57:47Z,49,Hospital_3,138278
2026-03-15T14:57:47Z,49,Hospital_2,121178
2026-03-15T14:57:49Z,50,Hospital_2,138278
2026-03-15T14:57:49Z,50,Hospital_4,121178
2026-03-15T14:57:49Z,50,Hospital_5,121166
2026-03-15T14:57:49Z,50,Hospital_3,121178
2026-03-15T14:57:49Z,50,Hospital_1,121178
2026-03-15T14:58:09Z,1,Hospital_1,121178
2026-03-15T14:58:09Z,1,Hospital_5,138278
2026-03-15T14:58:16Z,2,Hospital_5,121178
2026-03-15T14:58:16Z,2,Hospital_2,121178
2026-03-15T14:58:16Z,2,Hospital_1,121178
2026-03-15T14:58:16Z,2,Hospital_4,138278
2026-03-15T14:58:16Z,2,Hospital_3,121178
2026-03-15T14:58:18Z,3,Hospital_2,121178
2026-03-15T14:58:18Z,3,Hospital_3,121178
2026-03-15T14:58:18Z,3,Hospital_5,121178
2026-03-15T14:58:18Z,3,Hospital_1,138266
2026-03-15T14:58:18Z,3,Hospital_4,121178
2026-03-15T14:58:20Z,4,Hospital_1,121178
2026-03-15T14:58:20Z,4,Hospital_3,121178
2026-03-15T14:58:20Z,4,Hospital_4,138278
2026-03-15T14:58:20Z,4,Hospital_2,121166
2026-03-15T14:58:20Z,4,Hospital_5,121178
2026-03-15T14:58:22Z,5,Hospital_2,121178
2026-03-15T14:58:22Z,5,Hospital_1,121178
2026-03-15T14:58:22Z,5,Hospital_5,121178
2026-03-15T14:58:22Z,5,Hospital_4,121178
2026-03-15T14:58:22Z,5,Hospital_3,138266
2026-03-15T14:58:24Z,6,Hospital_3,121166
2026-03-15T14:58:24Z,6,Hospital_2,138278
2026-03-15T14:58:24Z,6,Hospital_4,121178
2026-03-15T14:58:24Z,6,Hospital_1,121178
2026-03-15T14:58:24Z,6,Hospital_5,121178
2026-03-15T14:58:26Z,7,Hospital_2,121178
2026-03-15T14:58:26Z,7,Hospital_3,121178
2026-03-15T14:58:26Z,7,Hospital_4,121178
2026-03-15T14:58:26Z,7,Hospital_1,138278
2026-03-15T14:58:26Z,7,Hospital_5,121178
2026-03-15T14:58:28Z,8,Hospital_3,121178
2026-03-15T14:58:28Z,8,Hospital_1,121166
2026-03-15T14:58:28Z,8,Hospital_5,121166
2026-03-15T14:58:28Z,8,Hospital_4,138278
2026-03-15T14:58:28Z,8,Hospital_2,121178
2026-03-15T14:58:30Z,9,Hospital_2,121166
2026-03-15T14:58:30Z,9,Hospital_4,121178
2026-03-15T14:58:30Z,9,Hospital_1,121178
2026-03-15T14:58:30Z,9,Hospital_3,138278
2026-03-15T14:58:30Z,9,Hospital_5,121178
2026-03-15T14:58:33Z,10,Hospital_3,121178
2026-03-15T14:58:33Z,10,Hospital_2,121178
2026-03-15T14:58:33Z,10,Hospital_4,138266
2026-03-15T14:58:33Z,10,Hospital_5,121178
2026-03-15T14:58:33Z,10,Hospital_1,121178
2026-03-15T14:58:35Z,11,Hospital_4,121178
2026-03-15T14:58:35Z,11,Hospital_3,121178
2026-03-15T14:58:35Z,11,Hospital_1,121166
2026-03-15T14:58:35Z,11,Hospital_2,121178
2026-03-15T14:58:35Z,11,Hospital_5,138278
2026-03-15T14:58:37Z,12,Hospital_2,138278
2026-03-15T14:58:37Z,12,Hospital_5,121154
2026-03-15T14:58:37Z,12,Hospital_1,121178
2026-03-15T14:58:37Z,12,Hospital_4,121178
2026-03-15T14:58:37Z,12,Hospital_3,121178
2026-03-15T14:58:39Z,13,Hospital_1,121178
2026-03-15T14:58:39Z,13,Hospital_3,121178
2026-03-15T14:58:39Z,13,Hospital_5,121166
2026-03-15T14:58:39Z,13,Hospital_4,121178
2026-03-15T14:58:39Z,13,Hospital_2,138266
2026-03-15T14:58:41Z,14,Hospital_2,121178
2026-03-15T14:58:41Z,14,Hospital_1,121178
2026-03-15T14:58:41Z,14,Hospital_3,121178
2026-03-15T14:58:41Z,14,Hospital_5,138278
2026-03-15T14:58:41Z,14,Hospital_4,121178
2026-03-15T14:58:43Z,15,Hospital_1,138278
2026-03-15T14:58:43Z,15,Hospital_5,121178
2026-03-15T14:58:43Z,15,Hospital_4,121178
2026-03-15T14:58:43Z,15,Hospital_3,121178
2026-03-15T14:58:43Z,15,Hospital_2,121178
2026-03-15T14:58:45Z,16,Hospital_3,121178
2026-03-15T14:58:45Z,16,Hospital_1,121178
2026-03-15T14:58:45Z,16,Hospital_4,121178
2026-03-15T14:58:45Z,16,Hospital_2,121178
2026-03-15T14:58:45Z,16,Hospital_5,138278
2026-03-15T14:58:47Z,17,Hospital_5,138278
2026-03-15T14:58:47Z,17,Hospital_3,121178
2026-03-15T14:58:47Z,17,Hospital_2,121178
2026-03-15T14:58:47Z,17,Hospital_4,121178
2026-03-15T14:58:47Z,17,Hospital_1,121178
2026-03-15T14:58:49Z,18,Hospital_1,121178
2026-03-15T14:58:49Z,18,Hospital_5,121178
2026-03-15T14:58:49Z,18,Hospital_4,121178
2026-03-15T14:58:49Z,18,Hospital_3,138278
2026-03-15T14:58:49Z,18,Hospital_2,121178
2026-03-15T14:58:51Z,19,Hospital_1,121178
2026-03-15T14:58:51Z,19,Hospital_3,121166
2026-03-15T14:58:51Z,19,Hospital_5,121154
2026-03-15T14:58:51Z,19,Hospital_4,121166
2026-03-15T14:58:51Z,19,Hospital_2,138278
2026-03-15T14:58:53Z,20,Hospital_1,121178
2026-03-15T14:58:53Z,20,Hospital_4,121178
2026-03-15T14:58:53Z,20,Hospital_2,121178
2026-03-15T14:58:53Z,20,Hospital_5,138266
2026-03-15T14:58:53Z,20,Hospital_3,121178
2026-03-15T14:58:55Z,21,Hospital_5,138278
2026-03-15T14:58:55Z,21,Hospital_4,121178
2026-03-15T14:58:55Z,21,Hospital_1,121178
2026-03-15T14:58:55Z,21,Hospital_2,121178
2026-03-15T14:58:55Z,21,Hospital_3,121166
2026-03-15T14:58:57Z,22,Hospital_5,138278
2026-03-15T14:58:57Z,22,Hospital_1,121166
2026-03-15T14:58:57Z,22,Hospital_2,121178
2026-03-15T14:58:57Z,22,Hospital_3,121154
2026-03-15T14:58:57Z,22,Hospital_4,121178
2026-03-15T14:59:00Z,23,Hospital_4,138278
2026-03-15T14:59:00Z,23,Hospital_5,121178
2026-03-15T14:59:00Z,23,Hospital_2,121178
2026-03-15T14:59:00Z,23,Hospital_1,121178
2026-03-15T14:59:00Z,23,Hospital_3,121178
2026-03-15T14:59:02Z,24,Hospital_5,121178
2026-03-15T14:59:02Z,24,Hospital_2,138278
2026-03-15T14:59:02Z,24,Hospital_1,121178
2026-03-15T14:59:02Z,24,Hospital_3,121178
2026-03-15T14:59:02Z,24,Hospital_4,121178
2026-03-15T14:59:04Z,25,Hospital_2,138278
2026-03-15T14:59:04Z,25,Hospital_3,121166
2026-03-15T14:59:04Z,25,Hospital_1,121178
2026-03-15T14:59:04Z,25,Hospital_4,121178
2026-03-15T14:59:04Z,25,Hospital_5,121178
2026-03-15T14:59:06Z,26,Hospital_4,138278
2026-03-15T14:59:06Z,26,Hospital_5,121178
2026-03-15T14:59:06Z,26,Hospital_3,121178
2026-03-15T14:59:06Z,26,Hospital_2,121178
2026-03-15T14:59:06Z,26,Hospital_1,121166
2026-03-15T14:59:08Z,27,Hospital_4,138278
2026-03-15T14:59:08Z,27,Hospital_2,121178
2026-03-15T14:59:08Z,27,Hospital_1,121178
2026-03-15T14:59:08Z,27,Hospital_3,121178
2026-03-15T14:59:08Z,27,Hospital_5,121178
2026-03-15T14:59:10Z,28,Hospital_4,121178
2026-03-15T14:59:10Z,28,Hospital_1,121178
2026-03-15T14:59:10Z,28,Hospital_2,121178
2026-03-15T14:59:10Z,28,Hospital_3,138278
2026-03-15T14:59:10Z,28,Hospital_5,121178
2026-03-15T14:59:12Z,29,Hospital_4,121178
2026-03-15T14:59:12Z,29,Hospital_1,121178
2026-03-15T14:59:12Z,29,Hospital_3,138278
2026-03-15T14:59:12Z,29,Hospital_2,121178
2026-03-15T14:59:12Z,29,Hospital_5,121178
2026-03-15T14:59:14Z,30,Hospital_5,138278
2026-03-15T14:59:14Z,30,Hospital_4,121178
2026-03-15T14:59:14Z,30,Hospital_3,121178
2026-03-15T14:59:14Z,30,Hospital_2,121178
2026-03-15T14:59:14Z,30,Hospital_1,121178
2026-03-15T14:59:16Z,31,Hospital_3,121178
2026-03-15T14:59:16Z,31,Hospital_4,121178
2026-03-15T14:59:16Z,31,Hospital_2,121178
2026-03-15T14:59:16Z,31,Hospital_5,121166
2026-03-15T14:59:16Z,31,Hospital_1,138278
2026-03-15T14:59:18Z,32,Hospital_3,121166
2026-03-15T14:59:18Z,32,Hospital_2,121166
2026-03-15T14:59:18Z,32,Hospital_1,121166
2026-03-15T14:59:18Z,32,Hospital_4,138278
2026-03-15T14:59:18Z,32,Hospital_5,121166
2026-03-15T14:59:20Z,33,Hospital_4,121178
2026-03-15T14:59:20Z,33,Hospital_3,121178
2026-03-15T14:59:20Z,33,Hospital_1,121178
2026-03-15T14:59:20Z,33,Hospital_5,138278
2026-03-15T14:59:20Z,33,Hospital_2,121178
2026-03-15T14:59:22Z,34,Hospital_3,138266
2026-03-15T14:59:22Z,34,Hospital_2,121178
2026-03-15T14:59:22Z,34,Hospital_4,121178
2026-03-15T14:59:22Z,34,Hospital_1,121178
2026-03-15T14:59:22Z,34,Hospital_5,121166
2026-03-15T14:59:24Z,35,Hospital_4,121178
2026-03-15T14:59:24Z,35,Hospital_5,138278
2026-03-15T14:59:24Z,35,Hospital_1,121178
2026-03-15T14:59:24Z,35,Hospital_2,121178
2026-03-15T14:59:24Z,35,Hospital_3,121178
2026-03-15T14:59:27Z,36,Hospital_5,138266
2026-03-15T14:59:27Z,36,Hospital_2,121178
2026-03-15T14:59:27Z,36,Hospital_4,121178
2026-03-15T14:59:27Z,36,Hospital_3,121178
2026-03-15T14:59:27Z,36,Hospital_1,121178
2026-03-15T14:59:29Z,37,Hospital_1,138278
2026-03-15T14:59:29Z,37,Hospital_3,121178
2026-03-15T14:59:29Z,37,Hospital_2,121178
2026-03-15T14:59:29Z,37,Hospital_5,121166
2026-03-15T14:59:29Z,37,Hospital_4,121178
2026-03-15T14:59:31Z,38,Hospital_3,121166
2026-03-15T14:59:31Z,38,Hospital_1,121178
2026-03-15T14:59:31Z,38,Hospital_5,138266
2026-03-15T14:59:31Z,38,Hospital_2,121178
2026-03-15T14:59:31Z,38,Hospital_4,121166
2026-03-15T14:59:33Z,39,Hospital_1,121178
2026-03-15T14:59:33Z,39,Hospital_4,121166
2026-03-15T14:59:33Z,39,Hospital_3,121178
2026-03-15T14:59:33Z,39,Hospital_5,121178
2026-03-15T14:59:33Z,39,Hospital_2,138278
2026-03-15T14:59:35Z,40,Hospital_4,121178
2026-03-15T14:59:35Z,40,Hospital_2,138278
2026-03-15T14:59:35Z,40,Hospital_3,121178
2026-03-15T14:59:35Z,40,Hospital_5,121178
2026-03-15T14:59:35Z,40,Hospital_1,121178
2026-03-15T14:59:37Z,41,Hospital_2,121178
2026-03-15T14:59:37Z,41,Hospital_4,138278
2026-03-15T14:59:37Z,41,Hospital_3,121178
2026-03-15T14:59:37Z,41,Hospital_5,121178
2026-03-15T14:59:37Z,41,Hospital_1,121166
2026-03-15T14:59:39Z,42,Hospital_3,121178
2026-03-15T14:59:39Z,42,Hospital_5,121178
2026-03-15T14:59:39Z,42,Hospital_4,138278
2026-03-15T14:59:39Z,42,Hospital_2,121166
2026-03-15T14:59:39Z,42,Hospital_1,121166
2026-03-15T14:59:41Z,43,Hospital_3,121178
2026-03-15T14:59:41Z,43,Hospital_5,121178
2026-03-15T14:59:41Z,43,Hospital_2,138278
2026-03-15T14:59:41Z,43,Hospital_4,121178
2026-03-15T14:59:41Z,43,Hospital_1,121178
2026-03-15T14:59:43Z,44,Hospital_5,121178
2026-03-15T14:59:43Z,44,Hospital_1,121178
2026-03-15T14:59:43Z,44,Hospital_2,121178
2026-03-15T14:59:43Z,44,Hospital_4,121178
2026-03-15T14:59:43Z,44,Hospital_3,138278
2026-03-15T14:59:45Z,45,Hospital_4,121178
2026-03-15T14:59:45Z,45,Hospital_1,121178
2026-03-15T14:59:45Z,45,Hospital_2,121178
2026-03-15T14:59:45Z,45,Hospital_5,138278
2026-03-15T14:59:45Z,45,Hospital_3,121178
2026-03-15T14:59:47Z,46,Hospital_2,138278
2026-03-15T14:59:47Z,46,Hospital_3,121178
2026-03-15T14:59:47Z,46,Hospital_1,121178
2026-03-15T14:59:47Z,46,Hospital_5,121166
2026-03-15T14:59:47Z,46,Hospital_4,121178
2026-03-15T14:59:49Z,47,Hospital_4,138278
2026-03-15T14:59:49Z,47,Hospital_1,121166
2026-03-15T14:59:49Z,47,Hospital_3,121178
2026-03-15T14:59:49Z,47,Hospital_2,121166
2026-03-15T14:59:49Z,47,Hospital_5,121178
2026-03-15T14:59:51Z,48,Hospital_1,138278
2026-03-15T14:59:51Z,48,Hospital_2,121178
2026-03-15T14:59:51Z,48,Hospital_3,121178
2026-03-15T14:59:51Z,48,Hospital_5,121178
2026-03-15T14:59:51Z,48,Hospital_4,121178
2026-03-15T14:59:54Z,49,Hospital_5,121178
2026-03-15T14:59:54Z,49,Hospital_2,121178
2026-03-15T14:59:54Z,49,Hospital_3,138278
2026-03-15T14:59:54Z,49,Hospital_1,121178
2026-03-15T14:59:54Z,49,Hospital_4,121166
2026-03-15T14:59:56Z,50,Hospital_4,121178
2026-03-15T14:59:56Z,50,Hospital_1,121178
2026-03-15T14:59:56Z,50,Hospital_3,121178
2026-03-15T14:59:56Z,50,Hospital_5,138278
2026-03-15T14:59:56Z,50,Hospital_2,121178
2026-03-15T15:00:17Z,1,Hospital_2,138278
2026-03-15T15:00:17Z,1,Hospital_4,121178
2026-03-15T15:00:24Z,2,Hospital_1,121178
2026-03-15T15:00:24Z,2,Hospital_5,121178
2026-03-15T15:00:24Z,2,Hospital_2,138278
2026-03-15T15:00:24Z,2,Hospital_4,121178
2026-03-15T15:00:24Z,2,Hospital_3,121178
2026-03-15T15:00:26Z,3,Hospital_3,121178
2026-03-15T15:00:26Z,3,Hospital_2,121178
2026-03-15T15:00:26Z,3,Hospital_1,138278
2026-03-15T15:00:26Z,3,Hospital_4,121178
2026-03-15T15:00:26Z,3,Hospital_5,121178
2026-03-15T15:00:28Z,4,Hospital_5,121178
2026-03-15T15:00:28Z,4,Hospital_1,121178
2026-03-15T15:00:28Z,4,Hospital_4,121178
2026-03-15T15:00:28Z,4,Hospital_2,121178
2026-03-15T15:00:28Z,4,Hospital_3,138266
2026-03-15T15:00:30Z,5,Hospital_2,121178
2026-03-15T15:00:30Z,5,Hospital_4,121178
2026-03-15T15:00:30Z,5,Hospital_1,138278
2026-03-15T15:00:30Z,5,Hospital_5,121178
2026-03-15T15:00:30Z,5,Hospital_3,121178
2026-03-15T15:00:32Z,6,Hospital_3,138278
2026-03-15T15:00:32Z,6,Hospital_2,121178
2026-03-15T15:00:32Z,6,Hospital_4,121166
2026-03-15T15:00:32Z,6,Hospital_5,121178
2026-03-15T15:00:32Z,6,Hospital_1,121178
2026-03-15T15:00:34Z,7,Hospital_3,121178
2026-03-15T15:00:34Z,7,Hospital_1,138278
2026-03-15T15:00:34Z,7,Hospital_4,121178
2026-03-15T15:00:34Z,7,Hospital_2,121166
2026-03-15T15:00:34Z,7,Hospital_5,121178
2026-03-15T15:00:36Z,8,Hospital_4,121178
2026-03-15T15:00:36Z,8,Hospital_2,121178
2026-03-15T15:00:36Z,8,Hospital_5,121178
2026-03-15T15:00:36Z,8,Hospital_1,138266
2026-03-15T15:00:36Z,8,Hospital_3,121178
2026-03-15T15:00:38Z,9,Hospital_3,121166
2026-03-15T15:00:38Z,9,Hospital_2,138278
2026-03-15T15:00:38Z,9,Hospital_5,121166
2026-03-15T15:00:38Z,9,Hospital_1,121178
2026-03-15T15:00:38Z,9,Hospital_4,121178
2026-03-15T15:00:40Z,10,Hospital_4,121178
2026-03-15T15:00:40Z,10,Hospital_2,121178
2026-03-15T15:00:40Z,10,Hospital_1,121178
2026-03-15T15:00:40Z,10,Hospital_5,121178
2026-03-15T15:00:40Z,10,Hospital_3,138278
2026-03-15T15:00:42Z,11,Hospital_3,121178
2026-03-15T15:00:42Z,11,Hospital_1,121178
2026-03-15T15:00:42Z,11,Hospital_4,138278
2026-03-15T15:00:42Z,11,Hospital_5,121178
2026-03-15T15:00:42Z,11,Hospital_2,121178
2026-03-15T15:00:44Z,12,Hospital_3,121178
2026-03-15T15:00:44Z,12,Hospital_4,121178
2026-03-15T15:00:44Z,12,Hospital_5,121178
2026-03-15T15:00:44Z,12,Hospital_2,138278
2026-03-15T15:00:44Z,12,Hospital_1,121178
2026-03-15T15:00:47Z,13,Hospital_5,138278
2026-03-15T15:00:47Z,13,Hospital_1,121178
2026-03-15T15:00:47Z,13,Hospital_4,121178
2026-03-15T15:00:47Z,13,Hospital_2,121178
2026-03-15T15:00:47Z,13,Hospital_3,121178
2026-03-15T15:00:49Z,14,Hospital_1,121178
2026-03-15T15:00:49Z,14,Hospital_2,121178
2026-03-15T15:00:49Z,14,Hospital_5,121178
2026-03-15T15:00:49Z,14,Hospital_4,121178
2026-03-15T15:00:49Z,14,Hospital_3,138278
2026-03-15T15:00:51Z,15,Hospital_1,121178
2026-03-15T15:00:51Z,15,Hospital_5,138278
2026-03-15T15:00:51Z,15,Hospital_4,121178
2026-03-15T15:00:51Z,15,Hospital_2,121178
2026-03-15T15:00:51Z,15,Hospital_3,121178
2026-03-15T15:00:53Z,16,Hospital_1,138278
2026-03-15T15:00:53Z,16,Hospital_3,121178
2026-03-15T15:00:53Z,16,Hospital_4,121178
2026-03-15T15:00:53Z,16,Hospital_2,121178
2026-03-15T15:00:53Z,16,Hospital_5,121178
2026-03-15T15:00:55Z,17,Hospital_5,121178
2026-03-15T15:00:55Z,17,Hospital_3,121178
2026-03-15T15:00:55Z,17,Hospital_4,121178
2026-03-15T15:00:55Z,17,Hospital_1,121178
2026-03-15T15:00:55Z,17,Hospital_2,138278
2026-03-15T15:00:57Z,18,Hospital_3,121178
2026-03-15T15:00:57Z,18,Hospital_2,138278
2026-03-15T15:00:57Z,18,Hospital_4,121178
2026-03-15T15:00:57Z,18,Hospital_1,121178
2026-03-15T15:00:57Z,18,Hospital_5,121178
2026-03-15T15:00:59Z,19,Hospital_5,121178
2026-03-15T15:00:59Z,19,Hospital_1,121178
2026-03-15T15:00:59Z,19,Hospital_3,138278
2026-03-15T15:00:59Z,19,Hospital_2,121178
2026-03-15T15:00:59Z,19,Hospital_4,121178
2026-03-15T15:01:01Z,20,Hospital_2,121178
2026-03-15T15:01:01Z,20,Hospital_3,138278
2026-03-15T15:01:01Z,20,Hospital_1,121178
2026-03-15T15:01:01Z,20,Hospital_4,121178
2026-03-15T15:01:01Z,20,Hospital_5,121178
2026-03-15T15:01:03Z,21,Hospital_3,121178
2026-03-15T15:01:03Z,21,Hospital_2,121178
2026-03-15T15:01:03Z,21,Hospital_1,138278
2026-03-15T15:01:03Z,21,Hospital_5,121166
2026-03-15T15:01:03Z,21,Hospital_4,121166
2026-03-15T15:01:05Z,22,Hospital_3,121178
2026-03-15T15:01:05Z,22,Hospital_1,121178
2026-03-15T15:01:05Z,22,Hospital_2,138278
2026-03-15T15:01:05Z,22,Hospital_4,121178
2026-03-15T15:01:05Z,22,Hospital_5,121178
2026-03-15T15:01:07Z,23,Hospital_3,138278
2026-03-15T15:01:07Z,23,Hospital_1,121178
2026-03-15T15:01:07Z,23,Hospital_4,121178
2026-03-15T15:01:07Z,23,Hospital_2,121178
2026-03-15T15:01:07Z,23,Hospital_5,121178
2026-03-15T15:01:09Z,24,Hospital_2,121166
2026-03-15T15:01:09Z,24,Hospital_4,138278
2026-03-15T15:01:09Z,24,Hospital_3,121178
2026-03-15T15:01:09Z,24,Hospital_1,121178
2026-03-15T15:01:09Z,24,Hospital_5,121178
2026-03-15T15:01:11Z,25,Hospital_4,121178
2026-03-15T15:01:11Z,25,Hospital_1,121178
2026-03-15T15:01:11Z,25,Hospital_3,121178
2026-03-15T15:01:11Z,25,Hospital_2,121178
2026-03-15T15:01:11Z,25,Hospital_5,138278
2026-03-15T15:01:14Z,26,Hospital_4,138278
2026-03-15T15:01:14Z,26,Hospital_2,121178
2026-03-15T15:01:14Z,26,Hospital_1,121166
2026-03-15T15:01:14Z,26,Hospital_3,121178
2026-03-15T15:01:14Z,26,Hospital_5,121178
2026-03-15T15:01:16Z,27,Hospital_3,121178
2026-03-15T15:01:16Z,27,Hospital_5,121178
2026-03-15T15:01:16Z,27,Hospital_1,138278
2026-03-15T15:01:16Z,27,Hospital_2,121178
2026-03-15T15:01:16Z,27,Hospital_4,121178
2026-03-15T15:01:18Z,28,Hospital_4,121178
2026-03-15T15:01:18Z,28,Hospital_5,138278
2026-03-15T15:01:18Z,28,Hospital_2,121178
2026-03-15T15:01:18Z,28,Hospital_1,121178
2026-03-15T15:01:18Z,28,Hospital_3,121178
2026-03-15T15:01:20Z,29,Hospital_3,121178
2026-03-15T15:01:20Z,29,Hospital_4,121178
2026-03-15T15:01:20Z,29,Hospital_5,121178
2026-03-15T15:01:20Z,29,Hospital_1,138278
2026-03-15T15:01:20Z,29,Hospital_2,121178
2026-03-15T15:01:22Z,30,Hospital_1,121178
2026-03-15T15:01:22Z,30,Hospital_4,121178
2026-03-15T15:01:22Z,30,Hospital_2,121178
2026-03-15T15:01:22Z,30,Hospital_5,121178
2026-03-15T15:01:22Z,30,Hospital_3,138278
2026-03-15T15:01:24Z,31,Hospital_2,121178
2026-03-15T15:01:24Z,31,Hospital_3,138278
2026-03-15T15:01:24Z,31,Hospital_5,121178
2026-03-15T15:01:24Z,31,Hospital_1,121178
2026-03-15T15:01:24Z,31,Hospital_4,121154
2026-03-15T15:01:26Z,32,Hospital_4,121178
2026-03-15T15:01:26Z,32,Hospital_2,121166
2026-03-15T15:01:26Z,32,Hospital_5,121178
2026-03-15T15:01:26Z,32,Hospital_3,138278
2026-03-15T15:01:26Z,32,Hospital_1,121178
2026-03-15T15:01:28Z,33,Hospital_3,121178
2026-03-15T15:01:28Z,33,Hospital_5,121178
2026-03-15T15:01:28Z,33,Hospital_1,138278
2026-03-15T15:01:28Z,33,Hospital_2,121178
2026-03-15T15:01:28Z,33,Hospital_4,121178
2026-03-15T15:01:30Z,34,Hospital_4,121178
2026-03-15T15:01:30Z,34,Hospital_1,121178
2026-03-15T15:01:30Z,34,Hospital_2,138278
2026-03-15T15:01:30Z,34,Hospital_3,121178
2026-03-15T15:01:30Z,34,Hospital_5,121178
2026-03-15T15:01:32Z,35,Hospital_1,138278
2026-03-15T15:01:32Z,35,Hospital_2,121166
2026-03-15T15:01:32Z,35,Hospital_4,121178
2026-03-15T15:01:32Z,35,Hospital_3,121178
2026-03-15T15:01:32Z,35,Hospital_5,121178
2026-03-15T15:01:34Z,36,Hospital_5,121178
2026-03-15T15:01:34Z,36,Hospital_1,121178
2026-03-15T15:01:34Z,36,Hospital_2,121178
2026-03-15T15:01:34Z,36,Hospital_3,121178
2026-03-15T15:01:34Z,36,Hospital_4,138278
2026-03-15T15:01:36Z,37,Hospital_5,121178
2026-03-15T15:01:36Z,37,Hospital_4,121178
2026-03-15T15:01:36Z,37,Hospital_2,121178
2026-03-15T15:01:36Z,37,Hospital_1,121178
2026-03-15T15:01:36Z,37,Hospital_3,138266
2026-03-15T15:01:38Z,38,Hospital_5,121178
2026-03-15T15:01:38Z,38,Hospital_2,138278
2026-03-15T15:01:38Z,38,Hospital_1,121178
2026-03-15T15:01:38Z,38,Hospital_3,121178
2026-03-15T15:01:38Z,38,Hospital_4,121178
2026-03-15T15:01:41Z,39,Hospital_2,121166
2026-03-15T15:01:41Z,39,Hospital_1,121178
2026-03-15T15:01:41Z,39,Hospital_5,121178
2026-03-15T15:01:41Z,39,Hospital_3,138278
2026-03-15T15:01:41Z,39,Hospital_4,121178
2026-03-15T15:01:43Z,40,Hospital_4,121166
2026-03-15T15:01:43Z,40,Hospital_1,121178
2026-03-15T15:01:43Z,40,Hospital_3,138278
2026-03-15T15:01:43Z,40,Hospital_2,121178
2026-03-15T15:01:43Z,40,Hospital_5,121178
2026-03-15T15:01:45Z,41,Hospital_1,138278
2026-03-15T15:01:45Z,41,Hospital_2,121178
2026-03-15T15:01:45Z,41,Hospital_3,121178
2026-03-15T15:01:45Z,41,Hospital_4,121178
2026-03-15T15:01:45Z,41,Hospital_5,121178
2026-03-15T15:01:47Z,42,Hospital_2,121178
2026-03-15T15:01:47Z,42,Hospital_4,121178
2026-03-15T15:01:47Z,42,Hospital_1,138278
2026-03-15T15:01:47Z,42,Hospital_3,121178
2026-03-15T15:01:47Z,42,Hospital_5,121166
2026-03-15T15:01:49Z,43,Hospital_1,121178
2026-03-15T15:01:49Z,43,Hospital_3,121178
2026-03-15T15:01:49Z,43,Hospital_2,121178
2026-03-15T15:01:49Z,43,Hospital_4,138278
2026-03-15T15:01:49Z,43,Hospital_5,121178
2026-03-15T15:01:51Z,44,Hospital_5,121178
2026-03-15T15:01:51Z,44,Hospital_3,121178
2026-03-15T15:01:51Z,44,Hospital_2,138278
2026-03-15T15:01:51Z,44,Hospital_4,121178
2026-03-15T15:01:51Z,44,Hospital_1,121178
2026-03-15T15:01:53Z,45,Hospital_3,121178
2026-03-15T15:01:53Z,45,Hospital_2,138266
2026-03-15T15:01:53Z,45,Hospital_4,121178
2026-03-15T15:01:53Z,45,Hospital_1,121178
2026-03-15T15:01:53Z,45,Hospital_5,121178
2026-03-15T15:01:55Z,46,Hospital_4,121178
2026-03-15T15:01:55Z,46,Hospital_1,121178
2026-03-15T15:01:55Z,46,Hospital_5,138278
2026-03-15T15:01:55Z,46,Hospital_2,121166
2026-03-15T15:01:55Z,46,Hospital_3,121166
2026-03-15T15:01:57Z,47,Hospital_3,121178
2026-03-15T15:01:57Z,47,Hospital_1,121166
2026-03-15T15:01:57Z,47,Hospital_2,121178
2026-03-15T15:01:57Z,47,Hospital_5,138266
2026-03-15T15:01:57Z,47,Hospital_4,121178
2026-03-15T15:01:59Z,48,Hospital_1,121178
2026-03-15T15:01:59Z,48,Hospital_4,121178
2026-03-15T15:01:59Z,48,Hospital_2,138278
2026-03-15T15:01:59Z,48,Hospital_5,121178
2026-03-15T15:01:59Z,48,Hospital_3,121166
2026-03-15T15:02:01Z,49,Hospital_1,121166
2026-03-15T15:02:01Z,49,Hospital_2,121178
2026-03-15T15:02:01Z,49,Hospital_5,121178
2026-03-15T15:02:01Z,49,Hospital_4,121178
2026-03-15T15:02:01Z,49,Hospital_3,138266
2026-03-15T15:02:03Z,50,Hospital_4,121166
2026-03-15T15:02:03Z,50,Hospital_2,121178
2026-03-15T15:02:03Z,50,Hospital_1,121178
2026-03-15T15:02:03Z,50,Hospital_3,138278
2026-03-15T15:02:03Z,50,Hospital_5,121178
2026-03-15T15:02:23Z,1,Hospital_2,138278
2026-03-15T15:02:23Z,1,Hospital_3,121166
2026-03-15T15:02:30Z,2,Hospital_3,121178
2026-03-15T15:02:30Z,2,Hospital_5,121178
2026-03-15T15:02:30Z,2,Hospital_2,121178
2026-03-15T15:02:30Z,2,Hospital_1,121178
2026-03-15T15:02:30Z,2,Hospital_4,138278
2026-03-15T15:02:32Z,3,Hospital_5,138278
2026-03-15T15:02:32Z,3,Hospital_1,121178
2026-03-15T15:02:32Z,3,Hospital_4,121178
2026-03-15T15:02:32Z,3,Hospital_2,121178
2026-03-15T15:02:32Z,3,Hospital_3,121178
2026-03-15T15:02:35Z,4,Hospital_2,121178
2026-03-15T15:02:35Z,4,Hospital_4,121166
2026-03-15T15:02:35Z,4,Hospital_5,121178
2026-03-15T15:02:35Z,4,Hospital_3,121166
2026-03-15T15:02:35Z,4,Hospital_1,138278
2026-03-15T15:02:37Z,5,Hospital_2,121178
2026-03-15T15:02:37Z,5,Hospital_1,121178
2026-03-15T15:02:37Z,5,Hospital_5,121166
2026-03-15T15:02:37Z,5,Hospital_4,121178
2026-03-15T15:02:37Z,5,Hospital_3,138278
2026-03-15T15:02:39Z,6,Hospital_1,121178
2026-03-15T15:02:39Z,6,Hospital_2,121178
2026-03-15T15:02:39Z,6,Hospital_3,121166
2026-03-15T15:02:39Z,6,Hospital_4,121178
2026-03-15T15:02:39Z,6,Hospital_5,138266
2026-03-15T15:02:41Z,7,Hospital_4,121178
2026-03-15T15:02:41Z,7,Hospital_5,138278
2026-03-15T15:02:41Z,7,Hospital_1,121178
2026-03-15T15:02:41Z,7,Hospital_2,121178
2026-03-15T15:02:41Z,7,Hospital_3,121178
2026-03-15T15:02:43Z,8,Hospital_4,138278
2026-03-15T15:02:43Z,8,Hospital_2,121178
2026-03-15T15:02:43Z,8,Hospital_1,121178
2026-03-15T15:02:43Z,8,Hospital_3,121166
2026-03-15T15:02:43Z,8,Hospital_5,121178
2026-03-15T15:02:45Z,9,Hospital_5,121178
2026-03-15T15:02:45Z,9,Hospital_1,121178
2026-03-15T15:02:45Z,9,Hospital_2,121178
2026-03-15T15:02:45Z,9,Hospital_3,138278
2026-03-15T15:02:45Z,9,Hospital_4,121178
2026-03-15T15:02:47Z,10,Hospital_3,121178
2026-03-15T15:02:47Z,10,Hospital_5,121178
2026-03-15T15:02:47Z,10,Hospital_4,121178
2026-03-15T15:02:47Z,10,Hospital_1,121178
2026-03-15T15:02:47Z,10,Hospital_2,138278
2026-03-15T15:02:49Z,11,Hospital_5,121178
2026-03-15T15:02:49Z,11,Hospital_1,138278
2026-03-15T15:02:49Z,11,Hospital_4,121178
2026-03-15T15:02:49Z,11,Hospital_2,121178
2026-03-15T15:02:49Z,11,Hospital_3,121178
2026-03-15T15:02:51Z,12,Hospital_1,121178
2026-03-15T15:02:51Z,12,Hospital_2,121178
2026-03-15T15:02:51Z,12,Hospital_3,121178
2026-03-15T15:02:51Z,12,Hospital_5,138278
2026-03-15T15:02:51Z,12,Hospital_4,121178
2026-03-15T15:02:53Z,13,Hospital_1,138278
2026-03-15T15:02:53Z,13,Hospital_3,121178
2026-03-15T15:02:53Z,13,Hospital_5,121178
2026-03-15T15:02:53Z,13,Hospital_2,121166
2026-03-15T15:02:53Z,13,Hospital_4,121178
2026-03-15T15:02:55Z,14,Hospital_1,121178
2026-03-15T15:02:55Z,14,Hospital_2,121178
2026-03-15T15:02:55Z,14,Hospital_4,138278
2026-03-15T15:02:55Z,14,Hospital_5,121178
2026-03-15T15:02:55Z,14,Hospital_3,121178
2026-03-15T15:02:57Z,15,Hospital_3,121178
2026-03-15T15:02:57Z,15,Hospital_5,121166
2026-03-15T15:02:57Z,15,Hospital_2,121178
2026-03-15T15:02:57Z,15,Hospital_1,121178
2026-03-15T15:02:57Z,15,Hospital_4,138278
2026-03-15T15:02:59Z,16,Hospital_2,121178
2026-03-15T15:02:59Z,16,Hospital_4,138278
2026-03-15T15:02:59Z,16,Hospital_3,121178
2026-03-15T15:02:59Z,16,Hospital_5,121178
2026-03-15T15:02:59Z,16,Hospital_1,121178
2026-03-15T15:03:02Z,17,Hospital_1,121178
2026-03-15T15:03:02Z,17,Hospital_4,121178
2026-03-15T15:03:02Z,17,Hospital_5,121178
2026-03-15T15:03:02Z,17,Hospital_3,121178
2026-03-15T15:03:02Z,17,Hospital_2,138278
2026-03-15T15:03:04Z,18,Hospital_3,121178
2026-03-15T15:03:04Z,18,Hospital_4,121178
2026-03-15T15:03:04Z,18,Hospital_2,138266
2026-03-15T15:03:04Z,18,Hospital_5,121178
2026-03-15T15:03:04Z,18,Hospital_1,121178
2026-03-15T15:03:06Z,19,Hospital_5,138278
2026-03-15T15:03:06Z,19,Hospital_4,121178
2026-03-15T15:03:06Z,19,Hospital_1,121178
2026-03-15T15:03:06Z,19,Hospital_3,121178
2026-03-15T15:03:06Z,19,Hospital_2,121178
2026-03-15T15:03:08Z,20,Hospital_2,138278
2026-03-15T15:03:08Z,20,Hospital_5,121178
2026-03-15T15:03:08Z,20,Hospital_4,121178
2026-03-15T15:03:08Z,20,Hospital_3,121178
2026-03-15T15:03:08Z,20,Hospital_1,121178
2026-03-15T15:03:10Z,21,Hospital_3,121178
2026-03-15T15:03:10Z,21,Hospital_1,121154
2026-03-15T15:03:10Z,21,Hospital_4,138278
2026-03-15T15:03:10Z,21,Hospital_2,121178
2026-03-15T15:03:10Z,21,Hospital_5,121178
2026-03-15T15:03:12Z,22,Hospital_1,138278
2026-03-15T15:03:12Z,22,Hospital_4,121178
2026-03-15T15:03:12Z,22,Hospital_2,121178
2026-03-15T15:03:12Z,22,Hospital_3,121178
2026-03-15T15:03:12Z,22,Hospital_5,121166
2026-03-15T15:03:14Z,23,Hospital_1,121178
2026-03-15T15:03:14Z,23,Hospital_2,121178
2026-03-15T15:03:14Z,23,Hospital_3,121178
2026-03-15T15:03:14Z,23,Hospital_4,138278
2026-03-15T15:03:14Z,23,Hospital_5,121178
2026-03-15T15:03:16Z,24,Hospital_5,121166
2026-03-15T15:03:16Z,24,Hospital_4,121166
2026-03-15T15:03:16Z,24,Hospital_1,121178
2026-03-15T15:03:16Z,24,Hospital_3,138266
2026-03-15T15:03:16Z,24,Hospital_2,121178
2026-03-15T15:03:18Z,25,Hospital_2,138278
2026-03-15T15:03:18Z,25,Hospital_3,121154
2026-03-15T15:03:18Z,25,Hospital_1,121178
2026-03-15T15:03:18Z,25,Hospital_5,121178
2026-03-15T15:03:18Z,25,Hospital_4,121178
2026-03-15T15:03:20Z,26,Hospital_3,121178
2026-03-15T15:03:20Z,26,Hospital_1,121178
2026-03-15T15:03:20Z,26,Hospital_2,121178
2026-03-15T15:03:20Z,26,Hospital_5,121178
2026-03-15T15:03:20Z,26,Hospital_4,138278
2026-03-15T15:03:22Z,27,Hospital_3,121178
2026-03-15T15:03:22Z,27,Hospital_5,138278
2026-03-15T15:03:22Z,27,Hospital_1,121178
2026-03-15T15:03:22Z,27,Hospital_4,121166
2026-03-15T15:03:22Z,27,Hospital_2,121178
2026-03-15T15:03:24Z,28,Hospital_2,121178
2026-03-15T15:03:24Z,28,Hospital_5,121178
2026-03-15T15:03:24Z,28,Hospital_4,138278
2026-03-15T15:03:24Z,28,Hospital_1,121166
2026-03-15T15:03:24Z,28,Hospital_3,121178
2026-03-15T15:03:27Z,29,Hospital_3,121178
2026-03-15T15:03:27Z,29,Hospital_5,121178
2026-03-15T15:03:27Z,29,Hospital_2,138278
2026-03-15T15:03:27Z,29,Hospital_1,121178
2026-03-15T15:03:27Z,29,Hospital_4,121178
2026-03-15T15:03:29Z,30,Hospital_2,121166
2026-03-15T15:03:29Z,30,Hospital_4,121178
2026-03-15T15:03:29Z,30,Hospital_1,121178
2026-03-15T15:03:29Z,30,Hospital_5,138278
2026-03-15T15:03:29Z,30,Hospital_3,121178
2026-03-15T15:03:31Z,31,Hospital_2,138278
2026-03-15T15:03:31Z,31,Hospital_1,121166
2026-03-15T15:03:31Z,31,Hospital_4,121178
2026-03-15T15:03:31Z,31,Hospital_5,121178
2026-03-15T15:03:31Z,31,Hospital_3,121178
2026-03-15T15:03:33Z,32,Hospital_1,121178
2026-03-15T15:03:33Z,32,Hospital_5,121178
2026-03-15T15:03:33Z,32,Hospital_3,121178
2026-03-15T15:03:33Z,32,Hospital_2,138278
2026-03-15T15:03:33Z,32,Hospital_4,121178
2026-03-15T15:03:35Z,33,Hospital_1,121178
2026-03-15T15:03:35Z,33,Hospital_4,121178
2026-03-15T15:03:35Z,33,Hospital_3,121178
2026-03-15T15:03:35Z,33,Hospital_2,138278
2026-03-15T15:03:35Z,33,Hospital_5,121178
2026-03-15T15:03:37Z,34,Hospital_4,121178
2026-03-15T15:03:37Z,34,Hospital_3,121178
2026-03-15T15:03:37Z,34,Hospital_1,121178
2026-03-15T15:03:37Z,34,Hospital_2,121178
2026-03-15T15:03:37Z,34,Hospital_5,138278
2026-03-15T15:03:39Z,35,Hospital_4,121178
2026-03-15T15:03:39Z,35,Hospital_5,121178
2026-03-15T15:03:39Z,35,Hospital_2,138278
2026-03-15T15:03:39Z,35,Hospital_3,121178
2026-03-15T15:03:39Z,35,Hospital_1,121178
2026-03-15T15:03:41Z,36,Hospital_4,121178
2026-03-15T15:03:41Z,36,Hospital_1,121178
2026-03-15T15:03:41Z,36,Hospital_2,121178
2026-03-15T15:03:41Z,36,Hospital_5,121178
2026-03-15T15:03:41Z,36,Hospital_3,138278
2026-03-15T15:03:43Z,37,Hospital_5,121178
2026-03-15T15:03:43Z,37,Hospital_1,138278
2026-03-15T15:03:43Z,37,Hospital_2,121178
2026-03-15T15:03:43Z,37,Hospital_3,121178
2026-03-15T15:03:43Z,37,Hospital_4,121178
2026-03-15T15:03:45Z,38,Hospital_3,138278
2026-03-15T15:03:45Z,38,Hospital_4,121178
2026-03-15T15:03:45Z,38,Hospital_5,121178
2026-03-15T15:03:45Z,38,Hospital_2,121166
2026-03-15T15:03:45Z,38,Hospital_1,121178
2026-03-15T15:03:47Z,39,Hospital_4,121178
2026-03-15T15:03:47Z,39,Hospital_5,121178
2026-03-15T15:03:47Z,39,Hospital_3,121178
2026-03-15T15:03:47Z,39,Hospital_1,121178
2026-03-15T15:03:47Z,39,Hospital_2,138278
2026-03-15T15:03:49Z,40,Hospital_3,138278
2026-03-15T15:03:49Z,40,Hospital_1,121178
2026-03-15T15:03:49Z,40,Hospital_4,121166
2026-03-15T15:03:49Z,40,Hospital_2,121178
2026-03-15T15:03:49Z,40,Hospital_5,121178
2026-03-15T15:03:51Z,41,Hospital_3,121178
2026-03-15T15:03:51Z,41,Hospital_1,121178
2026-03-15T15:03:51Z,41,Hospital_4,121166
2026-03-15T15:03:51Z,41,Hospital_2,138278
2026-03-15T15:03:51Z,41,Hospital_5,121178
2026-03-15T15:03:54Z,42,Hospital_4,121166
2026-03-15T15:03:54Z,42,Hospital_1,138278
2026-03-15T15:03:54Z,42,Hospital_2,121178
2026-03-15T15:03:54Z,42,Hospital_3,121166
2026-03-15T15:03:54Z,42,Hospital_5,121178
2026-03-15T15:03:56Z,43,Hospital_5,138278
2026-03-15T15:03:56Z,43,Hospital_1,121178
2026-03-15T15:03:56Z,43,Hospital_3,121178
2026-03-15T15:03:56Z,43,Hospital_2,121178
2026-03-15T15:03:56Z,43,Hospital_4,121178
2026-03-15T15:03:58Z,44,Hospital_4,121178
2026-03-15T15:03:58Z,44,Hospital_1,138278
2026-03-15T15:03:58Z,44,Hospital_2,121178
2026-03-15T15:03:58Z,44,Hospital_5,121178
2026-03-15T15:03:58Z,44,Hospital_3,121178
2026-03-15T15:04:00Z,45,Hospital_3,138278
2026-03-15T15:04:00Z,45,Hospital_4,121178
2026-03-15T15:04:00Z,45,Hospital_5,121178
2026-03-15T15:04:00Z,45,Hospital_2,121166
2026-03-15T15:04:00Z,45,Hospital_1,121178
2026-03-15T15:04:02Z,46,Hospital_2,121154
2026-03-15T15:04:02Z,46,Hospital_1,121178
2026-03-15T15:04:02Z,46,Hospital_5,121178
2026-03-15T15:04:02Z,46,Hospital_4,121178
2026-03-15T15:04:02Z,46,Hospital_3,138278
2026-03-15T15:04:04Z,47,Hospital_2,121178
2026-03-15T15:04:04Z,47,Hospital_4,121178
2026-03-15T15:04:04Z,47,Hospital_5,121178
2026-03-15T15:04:04Z,47,Hospital_3,121178
2026-03-15T15:04:04Z,47,Hospital_1,138278
2026-03-15T15:04:06Z,48,Hospital_2,121178
2026-03-15T15:04:06Z,48,Hospital_3,138278
2026-03-15T15:04:06Z,48,Hospital_4,121178
2026-03-15T15:04:06Z,48,Hospital_5,121178
2026-03-15T15:04:06Z,48,Hospital_1,121178
2026-03-15T15:04:08Z,49,Hospital_4,121178
2026-03-15T15:04:08Z,49,Hospital_1,121178
2026-03-15T15:04:08Z,49,Hospital_5,121166
2026-03-15T15:04:08Z,49,Hospital_3,138278
2026-03-15T15:04:08Z,49,Hospital_2,121178
2026-03-15T15:04:10Z,50,Hospital_3,121178
2026-03-15T15:04:10Z,50,Hospital_5,121178
2026-03-15T15:04:10Z,50,Hospital_1,121178
2026-03-15T15:04:10Z,50,Hospital_2,138278
2026-03-15T15:04:10Z,50,Hospital_4,121178
2026-03-15T15:04:34Z,1,Hospital_1,121178
2026-03-15T15:04:34Z,1,Hospital_2,138278
2026-03-15T15:04:41Z,2,Hospital_4,121178
2026-03-15T15:04:41Z,2,Hospital_3,121178
2026-03-15T15:04:41Z,2,Hospital_2,121178
2026-03-15T15:04:41Z,2,Hospital_5,121178
2026-03-15T15:04:41Z,2,Hospital_1,138278
2026-03-15T15:04:44Z,3,Hospital_3,121178
2026-03-15T15:04:44Z,3,Hospital_4,121178
2026-03-15T15:04:44Z,3,Hospital_5,138278
2026-03-15T15:04:44Z,3,Hospital_1,121178
2026-03-15T15:04:44Z,3,Hospital_2,121178
2026-03-15T15:04:46Z,4,Hospital_1,121178
2026-03-15T15:04:46Z,4,Hospital_2,121178
2026-03-15T15:04:46Z,4,Hospital_4,138266
2026-03-15T15:04:46Z,4,Hospital_3,121178
2026-03-15T15:04:46Z,4,Hospital_5,121178
2026-03-15T15:04:48Z,5,Hospital_5,138266
2026-03-15T15:04:48Z,5,Hospital_3,121166
2026-03-15T15:04:48Z,5,Hospital_2,121178
2026-03-15T15:04:48Z,5,Hospital_4,121178
2026-03-15T15:04:48Z,5,Hospital_1,121166
2026-03-15T15:04:50Z,6,Hospital_2,121178
2026-03-15T15:04:50Z,6,Hospital_1,121178
2026-03-15T15:04:50Z,6,Hospital_5,138278
2026-03-15T15:04:50Z,6,Hospital_4,121178
2026-03-15T15:04:50Z,6,Hospital_3,121166
2026-03-15T15:04:52Z,7,Hospital_4,138278
2026-03-15T15:04:52Z,7,Hospital_2,121178
2026-03-15T15:04:52Z,7,Hospital_1,121166
2026-03-15T15:04:52Z,7,Hospital_3,121178
2026-03-15T15:04:52Z,7,Hospital_5,121178
2026-03-15T15:04:54Z,8,Hospital_4,121178
2026-03-15T15:04:54Z,8,Hospital_1,138278
2026-03-15T15:04:54Z,8,Hospital_5,121178
2026-03-15T15:04:54Z,8,Hospital_2,121178
2026-03-15T15:04:54Z,8,Hospital_3,121178
2026-03-15T15:04:56Z,9,Hospital_4,121178
2026-03-15T15:04:56Z,9,Hospital_5,121178
2026-03-15T15:04:56Z,9,Hospital_1,121178
2026-03-15T15:04:56Z,9,Hospital_2,121178
2026-03-15T15:04:56Z,9,Hospital_3,138278
2026-03-15T15:04:58Z,10,Hospital_5,138278
2026-03-15T15:04:58Z,10,Hospital_3,121178
2026-03-15T15:04:58Z,10,Hospital_4,121178
2026-03-15T15:04:58Z,10,Hospital_2,121178
2026-03-15T15:04:58Z,10,Hospital_1,121178
2026-03-15T15:05:00Z,11,Hospital_1,121166
2026-03-15T15:05:00Z,11,Hospital_5,121178
2026-03-15T15:05:00Z,11,Hospital_2,121178
2026-03-15T15:05:00Z,11,Hospital_3,138278
2026-03-15T15:05:00Z,11,Hospital_4,121178
2026-03-15T15:05:02Z,12,Hospital_2,121178
2026-03-15T15:05:02Z,12,Hospital_5,121178
2026-03-15T15:05:02Z,12,Hospital_1,121178
2026-03-15T15:05:02Z,12,Hospital_3,121178
2026-03-15T15:05:02Z,12,Hospital_4,138278
2026-03-15T15:05:04Z,13,Hospital_2,121178
2026-03-15T15:05:04Z,13,Hospital_3,121178
2026-03-15T15:05:04Z,13,Hospital_4,138278
2026-03-15T15:05:04Z,13,Hospital_5,121178
2026-03-15T15:05:04Z,13,Hospital_1,121178
2026-03-15T15:05:06Z,14,Hospital_3,121178
2026-03-15T15:05:06Z,14,Hospital_1,121178
2026-03-15T15:05:06Z,14,Hospital_5,138278
2026-03-15T15:05:06Z,14,Hospital_2,121178
2026-03-15T15:05:06Z,14,Hospital_4,121178
2026-03-15T15:05:08Z,15,Hospital_5,121166
2026-03-15T15:05:08Z,15,Hospital_4,121178
2026-03-15T15:05:08Z,15,Hospital_1,121178
2026-03-15T15:05:08Z,15,Hospital_3,121178
2026-03-15T15:05:08Z,15,Hospital_2,138278
2026-03-15T15:05:11Z,16,Hospital_3,121178
2026-03-15T15:05:11Z,16,Hospital_2,121178
2026-03-15T15:05:11Z,16,Hospital_5,121178
2026-03-15T15:05:11Z,16,Hospital_4,121178
2026-03-15T15:05:11Z,16,Hospital_1,138278
2026-03-15T15:05:13Z,17,Hospital_2,138278
2026-03-15T15:05:13Z,17,Hospital_4,121178
2026-03-15T15:05:13Z,17,Hospital_1,121178
2026-03-15T15:05:13Z,17,Hospital_5,121178
2026-03-15T15:05:13Z,17,Hospital_3,121178
2026-03-15T15:05:15Z,18,Hospital_2,121178
2026-03-15T15:05:15Z,18,Hospital_1,121166
2026-03-15T15:05:15Z,18,Hospital_3,121178
2026-03-15T15:05:15Z,18,Hospital_5,121178
2026-03-15T15:05:15Z,18,Hospital_4,138278
2026-03-15T15:05:17Z,19,Hospital_5,138278
2026-03-15T15:05:17Z,19,Hospital_2,121178
2026-03-15T15:05:17Z,19,Hospital_3,121166
2026-03-15T15:05:17Z,19,Hospital_4,121166
2026-03-15T15:05:17Z,19,Hospital_1,121178
2026-03-15T15:05:19Z,20,Hospital_5,138266
2026-03-15T15:05:19Z,20,Hospital_4,121166
2026-03-15T15:05:19Z,20,Hospital_2,121178
2026-03-15T15:05:19Z,20,Hospital_1,121178
2026-03-15T15:05:19Z,20,Hospital_3,121178
2026-03-15T15:05:21Z,21,Hospital_4,121178
2026-03-15T15:05:21Z,21,Hospital_3,121178
2026-03-15T15:05:21Z,21,Hospital_2,121178
2026-03-15T15:05:21Z,21,Hospital_1,121178
2026-03-15T15:05:21Z,21,Hospital_5,138278
2026-03-15T15:05:23Z,22,Hospital_1,121178
2026-03-15T15:05:23Z,22,Hospital_2,121178
2026-03-15T15:05:23Z,22,Hospital_4,121178
2026-03-15T15:05:23Z,22,Hospital_3,138278
2026-03-15T15:05:23Z,22,Hospital_5,121178
2026-03-15T15:05:25Z,23,Hospital_4,121178
2026-03-15T15:05:25Z,23,Hospital_2,121178
2026-03-15T15:05:25Z,23,Hospital_1,138278
2026-03-15T15:05:25Z,23,Hospital_5,121178
2026-03-15T15:05:25Z,23,Hospital_3,121166
2026-03-15T15:05:27Z,24,Hospital_3,138278
2026-03-15T15:05:27Z,24,Hospital_4,121178
2026-03-15T15:05:27Z,24,Hospital_5,121178
2026-03-15T15:05:27Z,24,Hospital_2,121166
2026-03-15T15:05:27Z,24,Hospital_1,121178
2026-03-15T15:05:29Z,25,Hospital_4,121178
2026-03-15T15:05:29Z,25,Hospital_3,121178
2026-03-15T15:05:29Z,25,Hospital_1,121178
2026-03-15T15:05:29Z,25,Hospital_2,138278
2026-03-15T15:05:29Z,25,Hospital_5,121178
2026-03-15T15:05:31Z,26,Hospital_4,121178
2026-03-15T15:05:31Z,26,Hospital_1,121178
2026-03-15T15:05:31Z,26,Hospital_5,121178
2026-03-15T15:05:31Z,26,Hospital_2,121178
2026-03-15T15:05:31Z,26,Hospital_3,138278
2026-03-15T15:05:33Z,27,Hospital_3,138278
2026-03-15T15:05:33Z,27,Hospital_5,121178
2026-03-15T15:05:33Z,27,Hospital_2,121178
2026-03-15T15:05:33Z,27,Hospital_1,121178
2026-03-15T15:05:33Z,27,Hospital_4,121178
2026-03-15T15:05:36Z,28,Hospital_3,138278
2026-03-15T15:05:36Z,28,Hospital_4,121178
2026-03-15T15:05:36Z,28,Hospital_1,121178
2026-03-15T15:05:36Z,28,Hospital_2,121178
2026-03-15T15:05:36Z,28,Hospital_5,121178
2026-03-15T15:05:38Z,29,Hospital_3,121178
2026-03-15T15:05:38Z,29,Hospital_1,138278
2026-03-15T15:05:38Z,29,Hospital_4,121178
2026-03-15T15:05:38Z,29,Hospital_5,121178
2026-03-15T15:05:38Z,29,Hospital_2,121178
2026-03-15T15:05:40Z,30,Hospital_1,121178
2026-03-15T15:05:40Z,30,Hospital_3,121178
2026-03-15T15:05:40Z,30,Hospital_4,121178
2026-03-15T15:05:40Z,30,Hospital_2,138278
2026-03-15T15:05:40Z,30,Hospital_5,121178
2026-03-15T15:05:42Z,31,Hospital_5,121178
2026-03-15T15:05:42Z,31,Hospital_3,121178
2026-03-15T15:05:42Z,31,Hospital_4,121178
2026-03-15T15:05:42Z,31,Hospital_2,138278
2026-03-15T15:05:42Z,31,Hospital_1,121178
2026-03-15T15:05:44Z,32,Hospital_5,121178
2026-03-15T15:05:44Z,32,Hospital_1,138278
2026-03-15T15:05:44Z,32,Hospital_2,121166
2026-03-15T15:05:44Z,32,Hospital_3,121178
2026-03-15T15:05:44Z,32,Hospital_4,121166
2026-03-15T15:05:46Z,33,Hospital_1,121178
2026-03-15T15:05:46Z,33,Hospital_2,121178
2026-03-15T15:05:46Z,33,Hospital_3,121178
2026-03-15T15:05:46Z,33,Hospital_5,138278
2026-03-15T15:05:46Z,33,Hospital_4,121178
2026-03-15T15:05:48Z,34,Hospital_5,138278
2026-03-15T15:05:48Z,34,Hospital_4,121166
2026-03-15T15:05:48Z,34,Hospital_3,121178
2026-03-15T15:05:48Z,34,Hospital_2,121178
2026-03-15T15:05:48Z,34,Hospital_1,121178
2026-03-15T15:05:50Z,35,Hospital_1,121178
2026-03-15T15:05:50Z,35,Hospital_5,121178
2026-03-15T15:05:50Z,35,Hospital_2,138266
2026-03-15T15:05:50Z,35,Hospital_4,121178
2026-03-15T15:05:50Z,35,Hospital_3,121178
2026-03-15T15:05:52Z,36,Hospital_1,121178
2026-03-15T15:05:52Z,36,Hospital_3,138278
2026-03-15T15:05:52Z,36,Hospital_5,121178
2026-03-15T15:05:52Z,36,Hospital_4,121178
2026-03-15T15:05:52Z,36,Hospital_2,121178
2026-03-15T15:05:54Z,37,Hospital_1,121178
2026-03-15T15:05:54Z,37,Hospital_5,121178
2026-03-15T15:05:54Z,37,Hospital_3,138266
2026-03-15T15:05:54Z,37,Hospital_4,121178
2026-03-15T15:05:54Z,37,Hospital_2,121178
2026-03-15T15:05:56Z,38,Hospital_1,138266
2026-03-15T15:05:56Z,38,Hospital_2,121178
2026-03-15T15:05:56Z,38,Hospital_4,121178
2026-03-15T15:05:56Z,38,Hospital_3,121178
2026-03-15T15:05:56Z,38,Hospital_5,121166
2026-03-15T15:05:58Z,39,Hospital_2,121178
2026-03-15T15:05:58Z,39,Hospital_1,121178
2026-03-15T15:05:58Z,39,Hospital_3,121178
2026-03-15T15:05:58Z,39,Hospital_5,138278
2026-03-15T15:05:58Z,39,Hospital_4,121178
2026-03-15T15:06:00Z,40,Hospital_1,121178
2026-03-15T15:06:00Z,40,Hospital_2,121178
2026-03-15T15:06:00Z,40,Hospital_4,138278
2026-03-15T15:06:00Z,40,Hospital_3,121178
2026-03-15T15:06:00Z,40,Hospital_5,121178
2026-03-15T15:06:02Z,41,Hospital_2,121178
2026-03-15T15:06:02Z,41,Hospital_4,121178
2026-03-15T15:06:02Z,41,Hospital_1,121178
2026-03-15T15:06:02Z,41,Hospital_5,138278
2026-03-15T15:06:02Z,41,Hospital_3,121178
2026-03-15T15:06:05Z,42,Hospital_5,121178
2026-03-15T15:06:05Z,42,Hospital_2,121178
2026-03-15T15:06:05Z,42,Hospital_1,121178
2026-03-15T15:06:05Z,42,Hospital_4,121178
2026-03-15T15:06:05Z,42,Hospital_3,138278
2026-03-15T15:06:07Z,43,Hospital_5,121178
2026-03-15T15:06:07Z,43,Hospital_3,121166
2026-03-15T15:06:07Z,43,Hospital_4,138278
2026-03-15T15:06:07Z,43,Hospital_1,121178
2026-03-15T15:06:07Z,43,Hospital_2,121178
2026-03-15T15:06:09Z,44,Hospital_1,121178
2026-03-15T15:06:09Z,44,Hospital_2,121178
2026-03-15T15:06:09Z,44,Hospital_5,138278
2026-03-15T15:06:09Z,44,Hospital_4,121178
2026-03-15T15:06:09Z,44,Hospital_3,121166
2026-03-15T15:06:11Z,45,Hospital_5,121178
2026-03-15T15:06:11Z,45,Hospital_4,121178
2026-03-15T15:06:11Z,45,Hospital_1,121166
2026-03-15T15:06:11Z,45,Hospital_3,138278
2026-03-15T15:06:11Z,45,Hospital_2,121178
2026-03-15T15:06:13Z,46,Hospital_1,121178
2026-03-15T15:06:13Z,46,Hospital_4,121178
2026-03-15T15:06:13Z,46,Hospital_3,121178
2026-03-15T15:06:13Z,46,Hospital_5,121178
2026-03-15T15:06:13Z,46,Hospital_2,138278
2026-03-15T15:06:15Z,47,Hospital_4,121178
2026-03-15T15:06:15Z,47,Hospital_3,121178
2026-03-15T15:06:15Z,47,Hospital_2,138278
2026-03-15T15:06:15Z,47,Hospital_1,121178
2026-03-15T15:06:15Z,47,Hospital_5,121178
2026-03-15T15:06:17Z,48,Hospital_5,138278
2026-03-15T15:06:17Z,48,Hospital_2,121178
2026-03-15T15:06:17Z,48,Hospital_3,121178
2026-03-15T15:06:17Z,48,Hospital_4,121178
2026-03-15T15:06:17Z,48,Hospital_1,121178
2026-03-15T15:06:19Z,49,Hospital_4,121178
2026-03-15T15:06:19Z,49,Hospital_1,121178
2026-03-15T15:06:19Z,49,Hospital_3,121178
2026-03-15T15:06:19Z,49,Hospital_2,138278
2026-03-15T15:06:19Z,49,Hospital_5,121178
2026-03-15T15:06:21Z,50,Hospital_1,121178
2026-03-15T15:06:21Z,50,Hospital_4,121178
2026-03-15T15:06:21Z,50,Hospital_3,121166
2026-03-15T15:06:21Z,50,Hospital_2,121178
2026-03-15T15:06:21Z,50,Hospital_5,138266
2026-03-15T15:06:42Z,1,Hospital_4,138278
2026-03-15T15:06:42Z,1,Hospital_1,121166
2026-03-15T15:06:49Z,2,Hospital_3,121154
2026-03-15T15:06:49Z,2,Hospital_1,138278
2026-03-15T15:06:49Z,2,Hospital_4,121178
2026-03-15T15:06:49Z,2,Hospital_5,121178
2026-03-15T15:06:49Z,2,Hospital_2,121178
2026-03-15T15:06:51Z,3,Hospital_3,121178
2026-03-15T15:06:51Z,3,Hospital_1,138278
2026-03-15T15:06:51Z,3,Hospital_5,121178
2026-03-15T15:06:51Z,3,Hospital_4,121178
2026-03-15T15:06:51Z,3,Hospital_2,121178
2026-03-15T15:06:53Z,4,Hospital_4,121178
2026-03-15T15:06:53Z,4,Hospital_3,121178
2026-03-15T15:06:53Z,4,Hospital_1,121178
2026-03-15T15:06:53Z,4,Hospital_5,138266
2026-03-15T15:06:53Z,4,Hospital_2,121178
2026-03-15T15:06:56Z,5,Hospital_5,121178
2026-03-15T15:06:56Z,5,Hospital_4,138266
2026-03-15T15:06:56Z,5,Hospital_3,121178
2026-03-15T15:06:56Z,5,Hospital_2,121178
2026-03-15T15:06:56Z,5,Hospital_1,121178
2026-03-15T15:06:58Z,6,Hospital_5,121178
2026-03-15T15:06:58Z,6,Hospital_3,121166
2026-03-15T15:06:58Z,6,Hospital_1,138278
2026-03-15T15:06:58Z,6,Hospital_2,121178
2026-03-15T15:06:58Z,6,Hospital_4,121178
2026-03-15T15:07:00Z,7,Hospital_1,121166
2026-03-15T15:07:00Z,7,Hospital_4,121178
2026-03-15T15:07:00Z,7,Hospital_2,121178
2026-03-15T15:07:00Z,7,Hospital_3,121178
2026-03-15T15:07:00Z,7,Hospital_5,138278
2026-03-15T15:07:03Z,8,Hospital_1,138278
2026-03-15T15:07:03Z,8,Hospital_4,121166
2026-03-15T15:07:03Z,8,Hospital_5,121178
2026-03-15T15:07:03Z,8,Hospital_2,121178
2026-03-15T15:07:03Z,8,Hospital_3,121178
2026-03-15T15:07:05Z,9,Hospital_5,138278
2026-03-15T15:07:05Z,9,Hospital_2,121166
2026-03-15T15:07:05Z,9,Hospital_1,121178
2026-03-15T15:07:05Z,9,Hospital_3,121178
2026-03-15T15:07:05Z,9,Hospital_4,121178
2026-03-15T15:07:07Z,10,Hospital_1,121178
2026-03-15T15:07:07Z,10,Hospital_4,121178
2026-03-15T15:07:07Z,10,Hospital_5,121166
2026-03-15T15:07:07Z,10,Hospital_3,138278
2026-03-15T15:07:07Z,10,Hospital_2,121178
2026-03-15T15:07:10Z,11,Hospital_2,121178
2026-03-15T15:07:10Z,11,Hospital_3,121178
2026-03-15T15:07:10Z,11,Hospital_4,121166
2026-03-15T15:07:10Z,11,Hospital_5,138278
2026-03-15T15:07:10Z,11,Hospital_1,121178
2026-03-15T15:07:12Z,12,Hospital_3,121178
2026-03-15T15:07:12Z,12,Hospital_4,121178
2026-03-15T15:07:12Z,12,Hospital_1,121178
2026-03-15T15:07:12Z,12,Hospital_5,138278
2026-03-15T15:07:12Z,12,Hospital_2,121178
2026-03-15T15:07:14Z,13,Hospital_2,121178
2026-03-15T15:07:14Z,13,Hospital_3,121178
2026-03-15T15:07:14Z,13,Hospital_5,138266
2026-03-15T15:07:14Z,13,Hospital_1,121178
2026-03-15T15:07:14Z,13,Hospital_4,121178
2026-03-15T15:07:17Z,14,Hospital_1,121178
2026-03-15T15:07:17Z,14,Hospital_5,121178
2026-03-15T15:07:17Z,14,Hospital_4,138278
2026-03-15T15:07:17Z,14,Hospital_3,121178
2026-03-15T15:07:17Z,14,Hospital_2,121178
2026-03-15T15:07:19Z,15,Hospital_2,121178
2026-03-15T15:07:19Z,15,Hospital_3,121178
2026-03-15T15:07:19Z,15,Hospital_1,121166
2026-03-15T15:07:19Z,15,Hospital_4,121178
2026-03-15T15:07:19Z,15,Hospital_5,138278
2026-03-15T15:07:21Z,16,Hospital_5,121166
2026-03-15T15:07:21Z,16,Hospital_2,121178
2026-03-15T15:07:21Z,16,Hospital_4,121178
2026-03-15T15:07:21Z,16,Hospital_3,138278
2026-03-15T15:07:21Z,16,Hospital_1,121178
2026-03-15T15:07:24Z,17,Hospital_5,121178
2026-03-15T15:07:24Z,17,Hospital_3,138278
2026-03-15T15:07:24Z,17,Hospital_2,121178
2026-03-15T15:07:24Z,17,Hospital_4,121178
2026-03-15T15:07:24Z,17,Hospital_1,121178
2026-03-15T15:07:26Z,18,Hospital_1,121166
2026-03-15T15:07:26Z,18,Hospital_4,121178
2026-03-15T15:07:26Z,18,Hospital_2,121166
2026-03-15T15:07:26Z,18,Hospital_3,121178
2026-03-15T15:07:26Z,18,Hospital_5,138278
2026-03-15T15:07:28Z,19,Hospital_3,121178
2026-03-15T15:07:28Z,19,Hospital_5,121178
2026-03-15T15:07:28Z,19,Hospital_1,138278
2026-03-15T15:07:28Z,19,Hospital_2,121166
2026-03-15T15:07:28Z,19,Hospital_4,121178
2026-03-15T15:07:31Z,20,Hospital_1,121178
2026-03-15T15:07:31Z,20,Hospital_4,121166
2026-03-15T15:07:31Z,20,Hospital_3,138278
2026-03-15T15:07:31Z,20,Hospital_2,121178
2026-03-15T15:07:31Z,20,Hospital_5,121178
2026-03-15T15:07:33Z,21,Hospital_1,121178
2026-03-15T15:07:33Z,21,Hospital_2,138266
2026-03-15T15:07:33Z,21,Hospital_4,121178
2026-03-15T15:07:33Z,21,Hospital_5,121166
2026-03-15T15:07:33Z,21,Hospital_3,121178
2026-03-15T15:07:35Z,22,Hospital_3,121178
2026-03-15T15:07:35Z,22,Hospital_4,121166
2026-03-15T15:07:35Z,22,Hospital_5,138278
2026-03-15T15:07:35Z,22,Hospital_1,121178
2026-03-15T15:07:35Z,22,Hospital_2,121178
2026-03-15T15:07:38Z,23,Hospital_1,121178
2026-03-15T15:07:38Z,23,Hospital_2,121178
2026-03-15T15:07:38Z,23,Hospital_4,121178
2026-03-15T15:07:38Z,23,Hospital_3,138278
2026-03-15T15:07:38Z,23,Hospital_5,121178
2026-03-15T15:07:40Z,24,Hospital_2,121178
2026-03-15T15:07:40Z,24,Hospital_5,121178
2026-03-15T15:07:40Z,24,Hospital_1,121178
2026-03-15T15:07:40Z,24,Hospital_4,121178
2026-03-15T15:07:40Z,24,Hospital_3,138278
2026-03-15T15:07:42Z,25,Hospital_4,121178
2026-03-15T15:07:42Z,25,Hospital_3,121178
2026-03-15T15:07:42Z,25,Hospital_2,138278
2026-03-15T15:07:42Z,25,Hospital_5,121178
2026-03-15T15:07:42Z,25,Hospital_1,121178
2026-03-15T15:07:45Z,26,Hospital_2,121178
2026-03-15T15:07:45Z,26,Hospital_1,138278
2026-03-15T15:07:45Z,26,Hospital_5,121178
2026-03-15T15:07:45Z,26,Hospital_3,121178
2026-03-15T15:07:45Z,26,Hospital_4,121178
2026-03-15T15:07:47Z,27,Hospital_2,121178
2026-03-15T15:07:47Z,27,Hospital_3,121178
2026-03-15T15:07:47Z,27,Hospital_4,121178
2026-03-15T15:07:47Z,27,Hospital_1,121178
2026-03-15T15:07:47Z,27,Hospital_5,138278
2026-03-15T15:07:49Z,28,Hospital_4,121178
2026-03-15T15:07:49Z,28,Hospital_1,121178
2026-03-15T15:07:49Z,28,Hospital_2,138278
2026-03-15T15:07:49Z,28,Hospital_5,121178
2026-03-15T15:07:49Z,28,Hospital_3,121178
2026-03-15T15:07:52Z,29,Hospital_4,138278
2026-03-15T15:07:52Z,29,Hospital_5,121178
2026-03-15T15:07:52Z,29,Hospital_3,121178
2026-03-15T15:07:52Z,29,Hospital_2,121166
2026-03-15T15:07:52Z,29,Hospital_1,121178
2026-03-15T15:07:54Z,30,Hospital_3,121166
2026-03-15T15:07:54Z,30,Hospital_5,121178
2026-03-15T15:07:54Z,30,Hospital_4,138278
2026-03-15T15:07:54Z,30,Hospital_1,121178
2026-03-15T15:07:54Z,30,Hospital_2,121178
2026-03-15T15:07:56Z,31,Hospital_4,121178
2026-03-15T15:07:56Z,31,Hospital_2,121178
2026-03-15T15:07:56Z,31,Hospital_5,121178
2026-03-15T15:07:56Z,31,Hospital_1,138278
2026-03-15T15:07:56Z,31,Hospital_3,121178
2026-03-15T15:07:59Z,32,Hospital_5,121178
2026-03-15T15:07:59Z,32,Hospital_2,121178
2026-03-15T15:07:59Z,32,Hospital_3,121178
2026-03-15T15:07:59Z,32,Hospital_1,138266
2026-03-15T15:07:59Z,32,Hospital_4,121178
2026-03-15T15:08:01Z,33,Hospital_1,121178
2026-03-15T15:08:01Z,33,Hospital_4,121178
2026-03-15T15:08:01Z,33,Hospital_2,121178
2026-03-15T15:08:01Z,33,Hospital_5,121166
2026-03-15T15:08:01Z,33,Hospital_3,138278
2026-03-15T15:08:03Z,34,Hospital_2,121178
2026-03-15T15:08:03Z,34,Hospital_5,121178
2026-03-15T15:08:03Z,34,Hospital_4,138278
2026-03-15T15:08:03Z,34,Hospital_1,121178
2026-03-15T15:08:03Z,34,Hospital_3,121178
2026-03-15T15:08:06Z,35,Hospital_3,121178
2026-03-15T15:08:06Z,35,Hospital_4,121178
2026-03-15T15:08:06Z,35,Hospital_2,121178
2026-03-15T15:08:06Z,35,Hospital_1,121178
2026-03-15T15:08:06Z,35,Hospital_5,138266
2026-03-15T15:08:08Z,36,Hospital_5,121178
2026-03-15T15:08:08Z,36,Hospital_3,121178
2026-03-15T15:08:08Z,36,Hospital_1,121178
2026-03-15T15:08:08Z,36,Hospital_4,138278
2026-03-15T15:08:08Z,36,Hospital_2,121178
2026-03-15T15:08:10Z,37,Hospital_2,121178
2026-03-15T15:08:10Z,37,Hospital_4,121178
2026-03-15T15:08:10Z,37,Hospital_3,138278
2026-03-15T15:08:10Z,37,Hospital_5,121178
2026-03-15T15:08:10Z,37,Hospital_1,121178
2026-03-15T15:08:13Z,38,Hospital_1,138278
2026-03-15T15:08:13Z,38,Hospital_5,121178
2026-03-15T15:08:13Z,38,Hospital_4,121178
2026-03-15T15:08:13Z,38,Hospital_2,121178
2026-03-15T15:08:13Z,38,Hospital_3,121178
2026-03-15T15:08:15Z,39,Hospital_4,121178
2026-03-15T15:08:15Z,39,Hospital_1,138266
2026-03-15T15:08:15Z,39,Hospital_5,121166
2026-03-15T15:08:15Z,39,Hospital_2,121178
2026-03-15T15:08:15Z,39,Hospital_3,121166
2026-03-15T15:08:17Z,40,Hospital_2,121178
2026-03-15T15:08:17Z,40,Hospital_3,121178
2026-03-15T15:08:17Z,40,Hospital_1,121178
2026-03-15T15:08:17Z,40,Hospital_5,138278
2026-03-15T15:08:17Z,40,Hospital_4,121178
2026-03-15T15:08:20Z,41,Hospital_4,121178
2026-03-15T15:08:20Z,41,Hospital_2,121178
2026-03-15T15:08:20Z,41,Hospital_1,121178
2026-03-15T15:08:20Z,41,Hospital_3,121178
2026-03-15T15:08:20Z,41,Hospital_5,138278
2026-03-15T15:08:22Z,42,Hospital_3,121178
2026-03-15T15:08:22Z,42,Hospital_5,138278
2026-03-15T15:08:22Z,42,Hospital_2,121178
2026-03-15T15:08:22Z,42,Hospital_4,121178
2026-03-15T15:08:22Z,42,Hospital_1,121178
2026-03-15T15:08:24Z,43,Hospital_4,121178
2026-03-15T15:08:24Z,43,Hospital_3,121178
2026-03-15T15:08:24Z,43,Hospital_1,121178
2026-03-15T15:08:24Z,43,Hospital_2,121178
2026-03-15T15:08:24Z,43,Hospital_5,138278
2026-03-15T15:08:27Z,44,Hospital_1,121178
2026-03-15T15:08:27Z,44,Hospital_4,121178
2026-03-15T15:08:27Z,44,Hospital_3,138278
2026-03-15T15:08:27Z,44,Hospital_2,121178
2026-03-15T15:08:27Z,44,Hospital_5,121178
2026-03-15T15:08:29Z,45,Hospital_5,121178
2026-03-15T15:08:29Z,45,Hospital_2,121178
2026-03-15T15:08:29Z,45,Hospital_3,121178
2026-03-15T15:08:29Z,45,Hospital_1,121178
2026-03-15T15:08:29Z,45,Hospital_4,138278
2026-03-15T15:08:31Z,46,Hospital_3,121178
2026-03-15T15:08:31Z,46,Hospital_5,121178
2026-03-15T15:08:31Z,46,Hospital_4,138278
2026-03-15T15:08:31Z,46,Hospital_1,121178
2026-03-15T15:08:31Z,46,Hospital_2,121178
2026-03-15T15:08:34Z,47,Hospital_3,121178
2026-03-15T15:08:34Z,47,Hospital_5,121178
2026-03-15T15:08:34Z,47,Hospital_1,121178
2026-03-15T15:08:34Z,47,Hospital_4,138278
2026-03-15T15:08:34Z,47,Hospital_2,121166
2026-03-15T15:08:36Z,48,Hospital_1,121178
2026-03-15T15:08:36Z,48,Hospital_4,138278
2026-03-15T15:08:36Z,48,Hospital_2,121166
2026-03-15T15:08:36Z,48,Hospital_3,121178
2026-03-15T15:08:36Z,48,Hospital_5,121178
2026-03-15T15:08:38Z,49,Hospital_4,121178
2026-03-15T15:08:38Z,49,Hospital_2,138278
2026-03-15T15:08:38Z,49,Hospital_3,121178
2026-03-15T15:08:38Z,49,Hospital_1,121178
2026-03-15T15:08:38Z,49,Hospital_5,121178
2026-03-15T15:08:41Z,50,Hospital_2,138278
2026-03-15T15:08:41Z,50,Hospital_5,121178
2026-03-15T15:08:41Z,50,Hospital_3,121178
2026-03-15T15:08:41Z,50,Hospital_4,121178
2026-03-15T15:08:41Z,50,Hospital_1,121166
2026-03-15T15:09:02Z,1,Hospital_3,121178
2026-03-15T15:09:02Z,1,Hospital_5,138278
2026-03-15T15:09:09Z,2,Hospital_1,121178
2026-03-15T15:09:09Z,2,Hospital_3,121178
2026-03-15T15:09:09Z,2,Hospital_2,121178
2026-03-15T15:09:09Z,2,Hospital_4,121178
2026-03-15T15:09:09Z,2,Hospital_5,138278
2026-03-15T15:09:11Z,3,Hospital_4,121178
2026-03-15T15:09:11Z,3,Hospital_2,121178
2026-03-15T15:09:11Z,3,Hospital_3,121166
2026-03-15T15:09:11Z,3,Hospital_1,121178
2026-03-15T15:09:11Z,3,Hospital_5,138278
2026-03-15T15:09:13Z,4,Hospital_4,121178
2026-03-15T15:09:13Z,4,Hospital_3,121178
2026-03-15T15:09:13Z,4,Hospital_1,121178
2026-03-15T15:09:13Z,4,Hospital_2,138278
2026-03-15T15:09:13Z,4,Hospital_5,121166
2026-03-15T15:09:15Z,5,Hospital_5,121178
2026-03-15T15:09:15Z,5,Hospital_1,121178
2026-03-15T15:09:15Z,5,Hospital_4,121178
2026-03-15T15:09:15Z,5,Hospital_3,138278
2026-03-15T15:09:15Z,5,Hospital_2,121178
2026-03-15T15:09:17Z,6,Hospital_4,121166
2026-03-15T15:09:17Z,6,Hospital_2,121178
2026-03-15T15:09:17Z,6,Hospital_5,138266
2026-03-15T15:09:17Z,6,Hospital_1,121178
2026-03-15T15:09:17Z,6,Hospital_3,121178
2026-03-15T15:09:19Z,7,Hospital_2,121178
2026-03-15T15:09:19Z,7,Hospital_1,121166
2026-03-15T15:09:19Z,7,Hospital_4,121166
2026-03-15T15:09:19Z,7,Hospital_5,121178
2026-03-15T15:09:19Z,7,Hospital_3,138278
2026-03-15T15:09:21Z,8,Hospital_3,121178
2026-03-15T15:09:21Z,8,Hospital_1,121178
2026-03-15T15:09:21Z,8,Hospital_5,138278
2026-03-15T15:09:21Z,8,Hospital_4,121178
2026-03-15T15:09:21Z,8,Hospital_2,121178
2026-03-15T15:09:23Z,9,Hospital_2,121178
2026-03-15T15:09:23Z,9,Hospital_1,121178
2026-03-15T15:09:23Z,9,Hospital_4,138278
2026-03-15T15:09:23Z,9,Hospital_5,121178
2026-03-15T15:09:23Z,9,Hospital_3,121178
2026-03-15T15:09:25Z,10,Hospital_1,121178
2026-03-15T15:09:25Z,10,Hospital_4,121178
2026-03-15T15:09:25Z,10,Hospital_2,121178
2026-03-15T15:09:25Z,10,Hospital_5,138278
2026-03-15T15:09:25Z,10,Hospital_3,121178
2026-03-15T15:09:27Z,11,Hospital_4,121178
2026-03-15T15:09:27Z,11,Hospital_5,121178
2026-03-15T15:09:27Z,11,Hospital_1,138278
2026-03-15T15:09:27Z,11,Hospital_2,121178
2026-03-15T15:09:27Z,11,Hospital_3,121178
2026-03-15T15:09:29Z,12,Hospital_1,121178
2026-03-15T15:09:29Z,12,Hospital_5,121178
2026-03-15T15:09:29Z,12,Hospital_2,138278
2026-03-15T15:09:29Z,12,Hospital_4,121178
2026-03-15T15:09:29Z,12,Hospital_3,121178
2026-03-15T15:09:32Z,13,Hospital_2,121166
2026-03-15T15:09:32Z,13,Hospital_1,138278
2026-03-15T15:09:32Z,13,Hospital_4,121178
2026-03-15T15:09:32Z,13,Hospital_3,121178
2026-03-15T15:09:32Z,13,Hospital_5,121178
2026-03-15T15:09:34Z,14,Hospital_3,121178
2026-03-15T15:09:34Z,14,Hospital_4,121178
2026-03-15T15:09:34Z,14,Hospital_2,121178
2026-03-15T15:09:34Z,14,Hospital_1,121178
2026-03-15T15:09:34Z,14,Hospital_5,138278
2026-03-15T15:09:36Z,15,Hospital_4,138278
2026-03-15T15:09:36Z,15,Hospital_3,121178
2026-03-15T15:09:36Z,15,Hospital_1,121178
2026-03-15T15:09:36Z,15,Hospital_5,121166
2026-03-15T15:09:36Z,15,Hospital_2,121178
2026-03-15T15:09:38Z,16,Hospital_2,121178
2026-03-15T15:09:38Z,16,Hospital_3,121178
2026-03-15T15:09:38Z,16,Hospital_4,121178
2026-03-15T15:09:38Z,16,Hospital_1,138278
2026-03-15T15:09:38Z,16,Hospital_5,121178
2026-03-15T15:09:40Z,17,Hospital_3,121178
2026-03-15T15:09:40Z,17,Hospital_2,138278
2026-03-15T15:09:40Z,17,Hospital_5,121178
2026-03-15T15:09:40Z,17,Hospital_1,121166
2026-03-15T15:09:40Z,17,Hospital_4,121178
2026-03-15T15:09:42Z,18,Hospital_1,121178
2026-03-15T15:09:42Z,18,Hospital_5,138278
2026-03-15T15:09:42Z,18,Hospital_3,121178
2026-03-15T15:09:42Z,18,Hospital_2,121178
2026-03-15T15:09:42Z,18,Hospital_4,121178
2026-03-15T15:09:44Z,19,Hospital_4,138278
2026-03-15T15:09:44Z,19,Hospital_3,121154
2026-03-15T15:09:44Z,19,Hospital_2,121178
2026-03-15T15:09:44Z,19,Hospital_1,121178
2026-03-15T15:09:44Z,19,Hospital_5,121178
2026-03-15T15:09:46Z,20,Hospital_4,138278
2026-03-15T15:09:46Z,20,Hospital_3,121178
2026-03-15T15:09:46Z,20,Hospital_1,121178
2026-03-15T15:09:46Z,20,Hospital_2,121178
2026-03-15T15:09:46Z,20,Hospital_5,121166
2026-03-15T15:09:48Z,21,Hospital_2,121178
2026-03-15T15:09:48Z,21,Hospital_4,121178
2026-03-15T15:09:48Z,21,Hospital_5,138266
2026-03-15T15:09:48Z,21,Hospital_3,121178
2026-03-15T15:09:48Z,21,Hospital_1,121166
2026-03-15T15:09:50Z,22,Hospital_5,138278
2026-03-15T15:09:50Z,22,Hospital_1,121178
2026-03-15T15:09:50Z,22,Hospital_3,121178
2026-03-15T15:09:50Z,22,Hospital_2,121178
2026-03-15T15:09:50Z,22,Hospital_4,121166
2026-03-15T15:09:52Z,23,Hospital_4,121178
2026-03-15T15:09:52Z,23,Hospital_5,121178
2026-03-15T15:09:52Z,23,Hospital_3,121178
2026-03-15T15:09:52Z,23,Hospital_1,121178
2026-03-15T15:09:52Z,23,Hospital_2,138278
2026-03-15T15:09:54Z,24,Hospital_4,121178
2026-03-15T15:09:54Z,24,Hospital_5,138266
2026-03-15T15:09:54Z,24,Hospital_3,121178
2026-03-15T15:09:54Z,24,Hospital_2,121178
2026-03-15T15:09:54Z,24,Hospital_1,121178
2026-03-15T15:09:56Z,25,Hospital_3,138278
2026-03-15T15:09:56Z,25,Hospital_4,121178
2026-03-15T15:09:56Z,25,Hospital_1,121178
2026-03-15T15:09:56Z,25,Hospital_2,121178
2026-03-15T15:09:56Z,25,Hospital_5,121178
2026-03-15T15:09:59Z,26,Hospital_3,121178
2026-03-15T15:09:59Z,26,Hospital_1,121166
2026-03-15T15:09:59Z,26,Hospital_4,121178
2026-03-15T15:09:59Z,26,Hospital_2,121178
2026-03-15T15:09:59Z,26,Hospital_5,138266
2026-03-15T15:10:01Z,27,Hospital_4,121178
2026-03-15T15:10:01Z,27,Hospital_3,138278
2026-03-15T15:10:01Z,27,Hospital_1,121178
2026-03-15T15:10:01Z,27,Hospital_2,121178
2026-03-15T15:10:01Z,27,Hospital_5,121178
2026-03-15T15:10:03Z,28,Hospital_2,121178
2026-03-15T15:10:03Z,28,Hospital_1,121178
2026-03-15T15:10:03Z,28,Hospital_3,121178
2026-03-15T15:10:03Z,28,Hospital_4,138278
2026-03-15T15:10:03Z,28,Hospital_5,121178
2026-03-15T15:10:05Z,29,Hospital_5,121178
2026-03-15T15:10:05Z,29,Hospital_4,138278
2026-03-15T15:10:05Z,29,Hospital_3,121178
2026-03-15T15:10:05Z,29,Hospital_1,121178
2026-03-15T15:10:05Z,29,Hospital_2,121178
2026-03-15T15:10:07Z,30,Hospital_5,121178
2026-03-15T15:10:07Z,30,Hospital_2,121178
2026-03-15T15:10:07Z,30,Hospital_3,138266
2026-03-15T15:10:07Z,30,Hospital_1,121166
2026-03-15T15:10:07Z,30,Hospital_4,121166
2026-03-15T15:10:09Z,31,Hospital_2,121178
2026-03-15T15:10:09Z,31,Hospital_1,138278
2026-03-15T15:10:09Z,31,Hospital_3,121178
2026-03-15T15:10:09Z,31,Hospital_4,121178
2026-03-15T15:10:09Z,31,Hospital_5,121178
2026-03-15T15:10:11Z,32,Hospital_4,121178
2026-03-15T15:10:11Z,32,Hospital_1,121178
2026-03-15T15:10:11Z,32,Hospital_2,121178
2026-03-15T15:10:11Z,32,Hospital_3,138278
2026-03-15T15:10:11Z,32,Hospital_5,121178
2026-03-15T15:10:13Z,33,Hospital_1,121178
2026-03-15T15:10:13Z,33,Hospital_2,121166
2026-03-15T15:10:13Z,33,Hospital_4,121178
2026-03-15T15:10:13Z,33,Hospital_5,121178
2026-03-15T15:10:13Z,33,Hospital_3,138278
2026-03-15T15:10:15Z,34,Hospital_5,121178
2026-03-15T15:10:15Z,34,Hospital_2,121178
2026-03-15T15:10:15Z,34,Hospital_1,121178
2026-03-15T15:10:15Z,34,Hospital_3,121178
2026-03-15T15:10:15Z,34,Hospital_4,138278
2026-03-15T15:10:17Z,35,Hospital_3,121178
2026-03-15T15:10:17Z,35,Hospital_4,138266
2026-03-15T15:10:17Z,35,Hospital_2,121178
2026-03-15T15:10:17Z,35,Hospital_1,121178
2026-03-15T15:10:17Z,35,Hospital_5,121178
2026-03-15T15:10:19Z,36,Hospital_2,121166
2026-03-15T15:10:19Z,36,Hospital_4,121178
2026-03-15T15:10:19Z,36,Hospital_5,121178
2026-03-15T15:10:19Z,36,Hospital_3,121178
2026-03-15T15:10:19Z,36,Hospital_1,138278
2026-03-15T15:10:21Z,37,Hospital_1,121178
2026-03-15T15:10:21Z,37,Hospital_5,121178
2026-03-15T15:10:21Z,37,Hospital_3,138278
2026-03-15T15:10:21Z,37,Hospital_4,121178
2026-03-15T15:10:21Z,37,Hospital_2,121178
2026-03-15T15:10:23Z,38,Hospital_4,121178
2026-03-15T15:10:23Z,38,Hospital_5,121178
2026-03-15T15:10:23Z,38,Hospital_2,121178
2026-03-15T15:10:23Z,38,Hospital_1,138278
2026-03-15T15:10:23Z,38,Hospital_3,121178
2026-03-15T15:10:26Z,39,Hospital_2,138278
2026-03-15T15:10:26Z,39,Hospital_3,121178
2026-03-15T15:10:26Z,39,Hospital_5,121178
2026-03-15T15:10:26Z,39,Hospital_4,121178
2026-03-15T15:10:26Z,39,Hospital_1,121178
2026-03-15T15:10:28Z,40,Hospital_2,121178
2026-03-15T15:10:28Z,40,Hospital_4,121178
2026-03-15T15:10:28Z,40,Hospital_5,121178
2026-03-15T15:10:28Z,40,Hospital_1,121178
2026-03-15T15:10:28Z,40,Hospital_3,138278
2026-03-15T15:10:30Z,41,Hospital_1,121178
2026-03-15T15:10:30Z,41,Hospital_4,138278
2026-03-15T15:10:30Z,41,Hospital_3,121178
2026-03-15T15:10:30Z,41,Hospital_5,121178
2026-03-15T15:10:30Z,41,Hospital_2,121178
2026-03-15T15:10:32Z,42,Hospital_3,138278
2026-03-15T15:10:32Z,42,Hospital_5,121178
2026-03-15T15:10:32Z,42,Hospital_2,121178
2026-03-15T15:10:32Z,42,Hospital_4,121178
2026-03-15T15:10:32Z,42,Hospital_1,121178
2026-03-15T15:10:34Z,43,Hospital_5,138278
2026-03-15T15:10:34Z,43,Hospital_4,121178
2026-03-15T15:10:34Z,43,Hospital_1,121178
2026-03-15T15:10:34Z,43,Hospital_2,121178
2026-03-15T15:10:34Z,43,Hospital_3,121178
2026-03-15T15:10:36Z,44,Hospital_5,121178
2026-03-15T15:10:36Z,44,Hospital_1,121178
2026-03-15T15:10:36Z,44,Hospital_2,121178
2026-03-15T15:10:36Z,44,Hospital_3,138266
2026-03-15T15:10:36Z,44,Hospital_4,121178
2026-03-15T15:10:38Z,45,Hospital_4,121178
2026-03-15T15:10:38Z,45,Hospital_5,121178
2026-03-15T15:10:38Z,45,Hospital_3,138278
2026-03-15T15:10:38Z,45,Hospital_2,121178
2026-03-15T15:10:38Z,45,Hospital_1,121178
2026-03-15T15:10:40Z,46,Hospital_4,121178
2026-03-15T15:10:40Z,46,Hospital_2,121178
2026-03-15T15:10:40Z,46,Hospital_3,121178
2026-03-15T15:10:40Z,46,Hospital_1,138278
2026-03-15T15:10:40Z,46,Hospital_5,121178
2026-03-15T15:10:42Z,47,Hospital_5,121178
2026-03-15T15:10:42Z,47,Hospital_1,121178
2026-03-15T15:10:42Z,47,Hospital_4,121178
2026-03-15T15:10:42Z,47,Hospital_3,138266
2026-03-15T15:10:42Z,47,Hospital_2,121178
2026-03-15T15:10:44Z,48,Hospital_5,121178
2026-03-15T15:10:44Z,48,Hospital_1,121178
2026-03-15T15:10:44Z,48,Hospital_4,138266
2026-03-15T15:10:44Z,48,Hospital_2,121154
2026-03-15T15:10:44Z,48,Hospital_3,121178
2026-03-15T15:10:46Z,49,Hospital_1,138278
2026-03-15T15:10:46Z,49,Hospital_3,121178
2026-03-15T15:10:46Z,49,Hospital_5,121178
2026-03-15T15:10:46Z,49,Hospital_4,121166
2026-03-15T15:10:46Z,49,Hospital_2,121178
2026-03-15T15:10:48Z,50,Hospital_4,121178
2026-03-15T15:10:48Z,50,Hospital_5,121178
2026-03-15T15:10:48Z,50,Hospital_1,138278
2026-03-15T15:10:48Z,50,Hospital_2,121178
2026-03-15T15:10:48Z,50,Hospital_3,121166
2026-03-15T15:11:08Z,1,Hospital_1,138266
2026-03-15T15:11:08Z,1,Hospital_5,121154
2026-03-15T15:11:15Z,2,Hospital_4,121178
2026-03-15T15:11:15Z,2,Hospital_5,121178
2026-03-15T15:11:15Z,2,Hospital_2,121178
2026-03-15T15:11:15Z,2,Hospital_3,121178
2026-03-15T15:11:15Z,2,Hospital_1,138278
2026-03-15T15:11:18Z,3,Hospital_5,121178
2026-03-15T15:11:18Z,3,Hospital_2,121178
2026-03-15T15:11:18Z,3,Hospital_4,121178
2026-03-15T15:11:18Z,3,Hospital_1,121178
2026-03-15T15:11:18Z,3,Hospital_3,138278
2026-03-15T15:11:20Z,4,Hospital_4,121178
2026-03-15T15:11:20Z,4,Hospital_5,121178
2026-03-15T15:11:20Z,4,Hospital_1,138278
2026-03-15T15:11:20Z,4,Hospital_3,121178
2026-03-15T15:11:20Z,4,Hospital_2,121178
2026-03-15T15:11:22Z,5,Hospital_4,121178
2026-03-15T15:11:22Z,5,Hospital_5,121178
2026-03-15T15:11:22Z,5,Hospital_2,138278
2026-03-15T15:11:22Z,5,Hospital_3,121178
2026-03-15T15:11:22Z,5,Hospital_1,121178
2026-03-15T15:11:25Z,6,Hospital_4,121178
2026-03-15T15:11:25Z,6,Hospital_1,121178
2026-03-15T15:11:25Z,6,Hospital_2,121178
2026-03-15T15:11:25Z,6,Hospital_3,121178
2026-03-15T15:11:25Z,6,Hospital_5,138278
2026-03-15T15:11:27Z,7,Hospital_1,121178
2026-03-15T15:11:27Z,7,Hospital_5,121178
2026-03-15T15:11:27Z,7,Hospital_3,121178
2026-03-15T15:11:27Z,7,Hospital_2,138278
2026-03-15T15:11:27Z,7,Hospital_4,121166
2026-03-15T15:11:29Z,8,Hospital_5,138278
2026-03-15T15:11:29Z,8,Hospital_1,121178
2026-03-15T15:11:29Z,8,Hospital_3,121178
2026-03-15T15:11:29Z,8,Hospital_2,121178
2026-03-15T15:11:29Z,8,Hospital_4,121178
2026-03-15T15:11:32Z,9,Hospital_3,121178
2026-03-15T15:11:32Z,9,Hospital_5,138278
2026-03-15T15:11:32Z,9,Hospital_1,121178
2026-03-15T15:11:32Z,9,Hospital_4,121178
2026-03-15T15:11:32Z,9,Hospital_2,121178
2026-03-15T15:11:34Z,10,Hospital_4,121178
2026-03-15T15:11:34Z,10,Hospital_3,138278
2026-03-15T15:11:34Z,10,Hospital_1,121178
2026-03-15T15:11:34Z,10,Hospital_5,121178
2026-03-15T15:11:34Z,10,Hospital_2,121178
2026-03-15T15:11:36Z,11,Hospital_4,121178
2026-03-15T15:11:36Z,11,Hospital_1,121166
2026-03-15T15:11:36Z,11,Hospital_5,121178
2026-03-15T15:11:36Z,11,Hospital_3,121178
2026-03-15T15:11:36Z,11,Hospital_2,138278
2026-03-15T15:11:39Z,12,Hospital_2,121178
2026-03-15T15:11:39Z,12,Hospital_3,138278
2026-03-15T15:11:39Z,12,Hospital_4,121178
2026-03-15T15:11:39Z,12,Hospital_1,121178
2026-03-15T15:11:39Z,12,Hospital_5,121178
2026-03-15T15:11:41Z,13,Hospital_1,121178
2026-03-15T15:11:41Z,13,Hospital_2,121178
2026-03-15T15:11:41Z,13,Hospital_3,121178
2026-03-15T15:11:41Z,13,Hospital_5,138278
2026-03-15T15:11:41Z,13,Hospital_4,121178
2026-03-15T15:11:43Z,14,Hospital_4,121178
2026-03-15T15:11:43Z,14,Hospital_1,121178
2026-03-15T15:11:43Z,14,Hospital_5,121178
2026-03-15T15:11:43Z,14,Hospital_3,121178
2026-03-15T15:11:43Z,14,Hospital_2,138278
2026-03-15T15:11:46Z,15,Hospital_4,138278
2026-03-15T15:11:46Z,15,Hospital_2,121166
2026-03-15T15:11:46Z,15,Hospital_5,121178
2026-03-15T15:11:46Z,15,Hospital_1,121178
2026-03-15T15:11:46Z,15,Hospital_3,121178
2026-03-15T15:11:48Z,16,Hospital_1,121178
2026-03-15T15:11:48Z,16,Hospital_5,121166
2026-03-15T15:11:48Z,16,Hospital_4,138266
2026-03-15T15:11:48Z,16,Hospital_2,121178
2026-03-15T15:11:48Z,16,Hospital_3,121178
2026-03-15T15:11:50Z,17,Hospital_1,121178
2026-03-15T15:11:50Z,17,Hospital_4,121178
2026-03-15T15:11:50Z,17,Hospital_2,121178
2026-03-15T15:11:50Z,17,Hospital_5,121178
2026-03-15T15:11:50Z,17,Hospital_3,138278
2026-03-15T15:11:53Z,18,Hospital_1,121178
2026-03-15T15:11:53Z,18,Hospital_3,138278
2026-03-15T15:11:53Z,18,Hospital_4,121178
2026-03-15T15:11:53Z,18,Hospital_5,121178
2026-03-15T15:11:53Z,18,Hospital_2,121166
2026-03-15T15:11:55Z,19,Hospital_4,121178
2026-03-15T15:11:55Z,19,Hospital_2,121178
2026-03-15T15:11:55Z,19,Hospital_3,121178
2026-03-15T15:11:55Z,19,Hospital_5,121166
2026-03-15T15:11:55Z,19,Hospital_1,138278
2026-03-15T15:11:57Z,20,Hospital_1,138278
2026-03-15T15:11:57Z,20,Hospital_3,121178
2026-03-15T15:11:57Z,20,Hospital_5,121178
2026-03-15T15:11:57Z,20,Hospital_2,121178
2026-03-15T15:11:57Z,20,Hospital_4,121178
2026-03-15T15:12:00Z,21,Hospital_2,121178
2026-03-15T15:12:00Z,21,Hospital_4,121178
2026-03-15T15:12:00Z,21,Hospital_3,121178
2026-03-15T15:12:00Z,21,Hospital_1,121178
2026-03-15T15:12:00Z,21,Hospital_5,138278
2026-03-15T15:12:02Z,22,Hospital_1,121178
2026-03-15T15:12:02Z,22,Hospital_4,138278
2026-03-15T15:12:02Z,22,Hospital_2,121178
2026-03-15T15:12:02Z,22,Hospital_3,121178
2026-03-15T15:12:02Z,22,Hospital_5,121178
2026-03-15T15:12:04Z,23,Hospital_3,121178
2026-03-15T15:12:04Z,23,Hospital_5,138266
2026-03-15T15:12:04Z,23,Hospital_4,121178
2026-03-15T15:12:04Z,23,Hospital_1,121178
2026-03-15T15:12:04Z,23,Hospital_2,121166
2026-03-15T15:12:07Z,24,Hospital_2,121178
2026-03-15T15:12:07Z,24,Hospital_5,138278
2026-03-15T15:12:07Z,24,Hospital_3,121178
2026-03-15T15:12:07Z,24,Hospital_4,121178
2026-03-15T15:12:07Z,24,Hospital_1,121178
2026-03-15T15:12:09Z,25,Hospital_3,121178
2026-03-15T15:12:09Z,25,Hospital_1,121178
2026-03-15T15:12:09Z,25,Hospital_5,138278
2026-03-15T15:12:09Z,25,Hospital_2,121178
2026-03-15T15:12:09Z,25,Hospital_4,121178
2026-03-15T15:12:11Z,26,Hospital_2,138278
2026-03-15T15:12:11Z,26,Hospital_3,121178
2026-03-15T15:12:11Z,26,Hospital_4,121178
2026-03-15T15:12:11Z,26,Hospital_1,121178
2026-03-15T15:12:11Z,26,Hospital_5,121178
2026-03-15T15:12:14Z,27,Hospital_4,121178
2026-03-15T15:12:14Z,27,Hospital_5,121178
2026-03-15T15:12:14Z,27,Hospital_1,121178
2026-03-15T15:12:14Z,27,Hospital_2,138278
2026-03-15T15:12:14Z,27,Hospital_3,121178
2026-03-15T15:12:16Z,28,Hospital_2,138266
2026-03-15T15:12:16Z,28,Hospital_3,121178
2026-03-15T15:12:16Z,28,Hospital_4,121178
2026-03-15T15:12:16Z,28,Hospital_5,121166
2026-03-15T15:12:16Z,28,Hospital_1,121178
2026-03-15T15:12:18Z,29,Hospital_4,121178
2026-03-15T15:12:18Z,29,Hospital_1,121178
2026-03-15T15:12:18Z,29,Hospital_2,121178
2026-03-15T15:12:18Z,29,Hospital_3,138278
2026-03-15T15:12:18Z,29,Hospital_5,121178
2026-03-15T15:12:21Z,30,Hospital_3,121178
2026-03-15T15:12:21Z,30,Hospital_1,121178
2026-03-15T15:12:21Z,30,Hospital_5,138266
2026-03-15T15:12:21Z,30,Hospital_4,121178
2026-03-15T15:12:21Z,30,Hospital_2,121154
2026-03-15T15:12:23Z,31,Hospital_5,121178
2026-03-15T15:12:23Z,31,Hospital_4,121166
2026-03-15T15:12:23Z,31,Hospital_1,121178
2026-03-15T15:12:23Z,31,Hospital_3,138278
2026-03-15T15:12:23Z,31,Hospital_2,121178
2026-03-15T15:12:25Z,32,Hospital_5,121178
2026-03-15T15:12:25Z,32,Hospital_3,138278
2026-03-15T15:12:25Z,32,Hospital_2,121178
2026-03-15T15:12:25Z,32,Hospital_4,121166
2026-03-15T15:12:25Z,32,Hospital_1,121178
2026-03-15T15:12:28Z,33,Hospital_3,121178
2026-03-15T15:12:28Z,33,Hospital_2,121178
2026-03-15T15:12:28Z,33,Hospital_1,121178
2026-03-15T15:12:28Z,33,Hospital_4,121166
2026-03-15T15:12:28Z,33,Hospital_5,138278
2026-03-15T15:12:30Z,34,Hospital_5,138278
2026-03-15T15:12:30Z,34,Hospital_1,121178
2026-03-15T15:12:30Z,34,Hospital_4,121178
2026-03-15T15:12:30Z,34,Hospital_3,121178
2026-03-15T15:12:30Z,34,Hospital_2,121178
2026-03-15T15:12:32Z,35,Hospital_3,121178
2026-03-15T15:12:32Z,35,Hospital_5,121178
2026-03-15T15:12:32Z,35,Hospital_4,121178
2026-03-15T15:12:32Z,35,Hospital_1,138266
2026-03-15T15:12:32Z,35,Hospital_2,121178
2026-03-15T15:12:35Z,36,Hospital_5,121178
2026-03-15T15:12:35Z,36,Hospital_2,121178
2026-03-15T15:12:35Z,36,Hospital_1,138278
2026-03-15T15:12:35Z,36,Hospital_3,121178
2026-03-15T15:12:35Z,36,Hospital_4,121178
2026-03-15T15:12:37Z,37,Hospital_4,121178
2026-03-15T15:12:37Z,37,Hospital_1,121178
2026-03-15T15:12:37Z,37,Hospital_5,121178
2026-03-15T15:12:37Z,37,Hospital_2,121178
2026-03-15T15:12:37Z,37,Hospital_3,138278
2026-03-15T15:12:39Z,38,Hospital_5,138278
2026-03-15T15:12:39Z,38,Hospital_4,121166
2026-03-15T15:12:39Z,38,Hospital_3,121178
2026-03-15T15:12:39Z,38,Hospital_2,121178
2026-03-15T15:12:39Z,38,Hospital_1,121178
2026-03-15T15:12:42Z,39,Hospital_2,121178
2026-03-15T15:12:42Z,39,Hospital_3,121178
2026-03-15T15:12:42Z,39,Hospital_5,121178
2026-03-15T15:12:42Z,39,Hospital_4,138278
2026-03-15T15:12:42Z,39,Hospital_1,121178
2026-03-15T15:12:44Z,40,Hospital_4,121178
2026-03-15T15:12:44Z,40,Hospital_3,121178
2026-03-15T15:12:44Z,40,Hospital_2,138278
2026-03-15T15:12:44Z,40,Hospital_5,121178
2026-03-15T15:12:44Z,40,Hospital_1,121178
2026-03-15T15:12:46Z,41,Hospital_1,121166
2026-03-15T15:12:46Z,41,Hospital_5,138266
2026-03-15T15:12:46Z,41,Hospital_3,121178
2026-03-15T15:12:46Z,41,Hospital_2,121166
2026-03-15T15:12:46Z,41,Hospital_4,121178
2026-03-15T15:12:49Z,42,Hospital_1,121178
2026-03-15T15:12:49Z,42,Hospital_2,121178
2026-03-15T15:12:49Z,42,Hospital_5,138278
2026-03-15T15:12:49Z,42,Hospital_3,121178
2026-03-15T15:12:49Z,42,Hospital_4,121178
2026-03-15T15:12:51Z,43,Hospital_3,121178
2026-03-15T15:12:51Z,43,Hospital_4,121178
2026-03-15T15:12:51Z,43,Hospital_2,138278
2026-03-15T15:12:51Z,43,Hospital_1,121178
2026-03-15T15:12:51Z,43,Hospital_5,121178
2026-03-15T15:12:53Z,44,Hospital_2,121178
2026-03-15T15:12:53Z,44,Hospital_3,121166
2026-03-15T15:12:53Z,44,Hospital_1,121178
2026-03-15T15:12:53Z,44,Hospital_4,138278
2026-03-15T15:12:53Z,44,Hospital_5,121178
2026-03-15T15:12:56Z,45,Hospital_2,121178
2026-03-15T15:12:56Z,45,Hospital_4,121178
2026-03-15T15:12:56Z,45,Hospital_5,121178
2026-03-15T15:12:56Z,45,Hospital_1,138278
2026-03-15T15:12:56Z,45,Hospital_3,121166
2026-03-15T15:12:58Z,46,Hospital_2,121178
2026-03-15T15:12:58Z,46,Hospital_3,121178
2026-03-15T15:12:58Z,46,Hospital_5,138278
2026-03-15T15:12:58Z,46,Hospital_1,121178
2026-03-15T15:12:58Z,46,Hospital_4,121178
2026-03-15T15:13:00Z,47,Hospital_1,121178
2026-03-15T15:13:00Z,47,Hospital_5,121178
2026-03-15T15:13:00Z,47,Hospital_3,121178
2026-03-15T15:13:00Z,47,Hospital_4,138266
2026-03-15T15:13:00Z,47,Hospital_2,121178
2026-03-15T15:13:03Z,48,Hospital_1,121166
2026-03-15T15:13:03Z,48,Hospital_4,121178
2026-03-15T15:13:03Z,48,Hospital_2,121178
2026-03-15T15:13:03Z,48,Hospital_5,138278
2026-03-15T15:13:03Z,48,Hospital_3,121178
2026-03-15T15:13:05Z,49,Hospital_3,138278
2026-03-15T15:13:05Z,49,Hospital_4,121178
2026-03-15T15:13:05Z,49,Hospital_2,121178
2026-03-15T15:13:05Z,49,Hospital_1,121178
2026-03-15T15:13:05Z,49,Hospital_5,121178
2026-03-15T15:13:07Z,50,Hospital_2,121178
2026-03-15T15:13:07Z,50,Hospital_4,138278
2026-03-15T15:13:07Z,50,Hospital_1,121154
2026-03-15T15:13:07Z,50,Hospital_3,121178
2026-03-15T15:13:07Z,50,Hospital_5,121166
2026-03-15T15:13:28Z,1,Hospital_4,138278
2026-03-15T15:13:28Z,1,Hospital_5,121178
2026-03-15T15:13:35Z,2,Hospital_3,121178
2026-03-15T15:13:35Z,2,Hospital_5,121178
2026-03-15T15:13:35Z,2,Hospital_4,121178
2026-03-15T15:13:35Z,2,Hospital_2,121178
2026-03-15T15:13:35Z,2,Hospital_1,138278
2026-03-15T15:13:37Z,3,Hospital_2,121178
2026-03-15T15:13:37Z,3,Hospital_5,121178
2026-03-15T15:13:37Z,3,Hospital_4,138278
2026-03-15T15:13:37Z,3,Hospital_3,121178
2026-03-15T15:13:37Z,3,Hospital_1,121178
2026-03-15T15:13:39Z,4,Hospital_1,121178
2026-03-15T15:13:39Z,4,Hospital_3,121178
2026-03-15T15:13:39Z,4,Hospital_2,121178
2026-03-15T15:13:39Z,4,Hospital_4,138278
2026-03-15T15:13:39Z,4,Hospital_5,121178
2026-03-15T15:13:41Z,5,Hospital_2,121178
2026-03-15T15:13:41Z,5,Hospital_3,121178
2026-03-15T15:13:41Z,5,Hospital_1,121178
2026-03-15T15:13:41Z,5,Hospital_5,138278
2026-03-15T15:13:41Z,5,Hospital_4,121178
2026-03-15T15:13:43Z,6,Hospital_2,121178
2026-03-15T15:13:43Z,6,Hospital_3,121178
2026-03-15T15:13:43Z,6,Hospital_5,121178
2026-03-15T15:13:43Z,6,Hospital_1,121178
2026-03-15T15:13:43Z,6,Hospital_4,138278
2026-03-15T15:13:45Z,7,Hospital_4,121178
2026-03-15T15:13:45Z,7,Hospital_5,138278
2026-03-15T15:13:45Z,7,Hospital_3,121178
2026-03-15T15:13:45Z,7,Hospital_1,121178
2026-03-15T15:13:45Z,7,Hospital_2,121178
2026-03-15T15:13:47Z,8,Hospital_2,121178
2026-03-15T15:13:47Z,8,Hospital_1,121178
2026-03-15T15:13:47Z,8,Hospital_5,138278
2026-03-15T15:13:47Z,8,Hospital_4,121178
2026-03-15T15:13:47Z,8,Hospital_3,121178
2026-03-15T15:13:49Z,9,Hospital_4,138278
2026-03-15T15:13:49Z,9,Hospital_2,121178
2026-03-15T15:13:49Z,9,Hospital_3,121178
2026-03-15T15:13:49Z,9,Hospital_1,121178
2026-03-15T15:13:49Z,9,Hospital_5,121178
2026-03-15T15:13:52Z,10,Hospital_1,121178
2026-03-15T15:13:52Z,10,Hospital_5,138278
2026-03-15T15:13:52Z,10,Hospital_4,121178
2026-03-15T15:13:52Z,10,Hospital_2,121178
2026-03-15T15:13:52Z,10,Hospital_3,121178
2026-03-15T15:13:54Z,11,Hospital_5,121178
2026-03-15T15:13:54Z,11,Hospital_3,121178
2026-03-15T15:13:54Z,11,Hospital_4,138278
2026-03-15T15:13:54Z,11,Hospital_2,121178
2026-03-15T15:13:54Z,11,Hospital_1,121178
2026-03-15T15:13:56Z,12,Hospital_4,121178
2026-03-15T15:13:56Z,12,Hospital_3,121178
2026-03-15T15:13:56Z,12,Hospital_5,138278
2026-03-15T15:13:56Z,12,Hospital_2,121178
2026-03-15T15:13:56Z,12,Hospital_1,121178
2026-03-15T15:15:33Z,1,Hospital_5,138278
2026-03-15T15:15:33Z,1,Hospital_3,121178
2026-03-15T15:15:40Z,2,Hospital_2,121166
2026-03-15T15:15:40Z,2,Hospital_1,138278
2026-03-15T15:15:40Z,2,Hospital_4,121178
2026-03-15T15:15:40Z,2,Hospital_5,121166
2026-03-15T15:15:40Z,2,Hospital_3,121178
2026-03-15T15:15:42Z,3,Hospital_1,121178
2026-03-15T15:15:42Z,3,Hospital_4,138278
2026-03-15T15:15:42Z,3,Hospital_2,121178
2026-03-15T15:15:42Z,3,Hospital_3,121178
2026-03-15T15:15:42Z,3,Hospital_5,121178
2026-03-15T15:15:45Z,4,Hospital_4,121178
2026-03-15T15:15:45Z,4,Hospital_1,121178
2026-03-15T15:15:45Z,4,Hospital_2,121178
2026-03-15T15:15:45Z,4,Hospital_3,138278
2026-03-15T15:15:45Z,4,Hospital_5,121178
2026-03-15T15:15:47Z,5,Hospital_1,121178
2026-03-15T15:15:47Z,5,Hospital_5,138278
2026-03-15T15:15:47Z,5,Hospital_3,121178
2026-03-15T15:15:47Z,5,Hospital_4,121178
2026-03-15T15:15:47Z,5,Hospital_2,121178
2026-03-15T15:15:49Z,6,Hospital_4,121178
2026-03-15T15:15:49Z,6,Hospital_2,121178
2026-03-15T15:15:49Z,6,Hospital_1,121178
2026-03-15T15:15:49Z,6,Hospital_3,121178
2026-03-15T15:15:49Z,6,Hospital_5,138278
2026-03-15T15:15:52Z,7,Hospital_3,121178
2026-03-15T15:15:52Z,7,Hospital_4,121178
2026-03-15T15:15:52Z,7,Hospital_5,121178
2026-03-15T15:15:52Z,7,Hospital_2,121178
2026-03-15T15:15:52Z,7,Hospital_1,138278
2026-03-15T15:15:54Z,8,Hospital_3,138278
2026-03-15T15:15:54Z,8,Hospital_5,121178
2026-03-15T15:15:54Z,8,Hospital_4,121178
2026-03-15T15:15:54Z,8,Hospital_2,121178
2026-03-15T15:15:54Z,8,Hospital_1,121178
2026-03-15T15:15:57Z,9,Hospital_4,138266
2026-03-15T15:15:57Z,9,Hospital_1,121166
2026-03-15T15:15:57Z,9,Hospital_5,121166
2026-03-15T15:15:57Z,9,Hospital_2,121166
2026-03-15T15:15:57Z,9,Hospital_3,121166
2026-03-15T15:15:59Z,10,Hospital_2,121178
2026-03-15T15:15:59Z,10,Hospital_3,121178
2026-03-15T15:15:59Z,10,Hospital_4,121178
2026-03-15T15:15:59Z,10,Hospital_5,121178
2026-03-15T15:15:59Z,10,Hospital_1,138278
2026-03-15T15:16:01Z,11,Hospital_3,138278
2026-03-15T15:16:01Z,11,Hospital_5,121178
2026-03-15T15:16:01Z,11,Hospital_2,121178
2026-03-15T15:16:01Z,11,Hospital_1,121178
2026-03-15T15:16:01Z,11,Hospital_4,121178
2026-03-15T15:16:03Z,12,Hospital_3,121178
2026-03-15T15:16:03Z,12,Hospital_4,138278
2026-03-15T15:16:03Z,12,Hospital_1,121178
2026-03-15T15:16:03Z,12,Hospital_5,121178
2026-03-15T15:16:03Z,12,Hospital_2,121178
2026-03-15T15:16:06Z,13,Hospital_2,121178
2026-03-15T15:16:06Z,13,Hospital_5,121178
2026-03-15T15:16:06Z,13,Hospital_3,138278
2026-03-15T15:16:06Z,13,Hospital_1,121178
2026-03-15T15:16:06Z,13,Hospital_4,121178
2026-03-15T15:16:08Z,14,Hospital_1,121178
2026-03-15T15:16:08Z,14,Hospital_3,121178
2026-03-15T15:16:08Z,14,Hospital_4,121178
2026-03-15T15:16:08Z,14,Hospital_2,121178
2026-03-15T15:16:08Z,14,Hospital_5,138278
2026-03-15T15:16:10Z,15,Hospital_1,121178
2026-03-15T15:16:10Z,15,Hospital_5,138278
2026-03-15T15:16:10Z,15,Hospital_2,121178
2026-03-15T15:16:10Z,15,Hospital_4,121178
2026-03-15T15:16:10Z,15,Hospital_3,121178
2026-03-15T15:16:13Z,16,Hospital_4,121178
2026-03-15T15:16:13Z,16,Hospital_1,121178
2026-03-15T15:16:13Z,16,Hospital_2,138278
2026-03-15T15:16:13Z,16,Hospital_5,121178
2026-03-15T15:16:13Z,16,Hospital_3,121178
2026-03-15T15:16:15Z,17,Hospital_4,121178
2026-03-15T15:16:15Z,17,Hospital_1,121178
2026-03-15T15:16:15Z,17,Hospital_2,121178
2026-03-15T15:16:15Z,17,Hospital_5,121178
2026-03-15T15:16:15Z,17,Hospital_3,138278
2026-03-15T15:16:17Z,18,Hospital_1,138278
2026-03-15T15:16:17Z,18,Hospital_2,121178
2026-03-15T15:16:17Z,18,Hospital_4,121178
2026-03-15T15:16:17Z,18,Hospital_5,121178
2026-03-15T15:16:17Z,18,Hospital_3,121178
2026-03-15T15:16:20Z,19,Hospital_2,121166
2026-03-15T15:16:20Z,19,Hospital_4,121166
2026-03-15T15:16:20Z,19,Hospital_5,138266
2026-03-15T15:16:20Z,19,Hospital_3,121166
2026-03-15T15:16:20Z,19,Hospital_1,121166
2026-03-15T15:16:22Z,20,Hospital_2,138278
2026-03-15T15:16:22Z,20,Hospital_4,121178
2026-03-15T15:16:22Z,20,Hospital_5,121178
2026-03-15T15:16:22Z,20,Hospital_1,121178
2026-03-15T15:16:22Z,20,Hospital_3,121178
2026-03-15T15:16:24Z,21,Hospital_2,121178
2026-03-15T15:16:24Z,21,Hospital_5,138278
2026-03-15T15:16:24Z,21,Hospital_4,121178
2026-03-15T15:16:24Z,21,Hospital_3,121178
2026-03-15T15:16:24Z,21,Hospital_1,121178
2026-03-15T15:16:27Z,22,Hospital_2,121178
2026-03-15T15:16:27Z,22,Hospital_4,121178
2026-03-15T15:16:27Z,22,Hospital_5,121178
2026-03-15T15:16:27Z,22,Hospital_1,138278
2026-03-15T15:16:27Z,22,Hospital_3,121178
2026-03-15T15:16:29Z,23,Hospital_2,121178
2026-03-15T15:16:29Z,23,Hospital_3,121178
2026-03-15T15:16:29Z,23,Hospital_5,121178
2026-03-15T15:16:29Z,23,Hospital_4,121178
2026-03-15T15:16:29Z,23,Hospital_1,138278
2026-03-15T15:16:31Z,24,Hospital_2,121178
2026-03-15T15:16:31Z,24,Hospital_5,138278
2026-03-15T15:16:31Z,24,Hospital_3,121178
2026-03-15T15:16:31Z,24,Hospital_4,121178
2026-03-15T15:16:31Z,24,Hospital_1,121178
2026-03-15T15:16:34Z,25,Hospital_4,121178
2026-03-15T15:16:34Z,25,Hospital_5,121178
2026-03-15T15:16:34Z,25,Hospital_1,121178
2026-03-15T15:16:34Z,25,Hospital_3,121178
2026-03-15T15:16:34Z,25,Hospital_2,138278
2026-03-15T15:16:36Z,26,Hospital_1,121166
2026-03-15T15:16:36Z,26,Hospital_5,121166
2026-03-15T15:16:36Z,26,Hospital_2,121166
2026-03-15T15:16:36Z,26,Hospital_4,121166
2026-03-15T15:16:36Z,26,Hospital_3,138266
2026-03-15T15:16:38Z,27,Hospital_1,121178
2026-03-15T15:16:38Z,27,Hospital_3,121178
2026-03-15T15:16:38Z,27,Hospital_5,121178
2026-03-15T15:16:38Z,27,Hospital_4,121178
2026-03-15T15:16:38Z,27,Hospital_2,138278
2026-03-15T15:16:41Z,28,Hospital_2,121178
2026-03-15T15:16:41Z,28,Hospital_5,121178
2026-03-15T15:16:41Z,28,Hospital_3,121178
2026-03-15T15:16:41Z,28,Hospital_4,121178
2026-03-15T15:16:41Z,28,Hospital_1,138278
2026-03-15T15:16:43Z,29,Hospital_4,121178
2026-03-15T15:16:43Z,29,Hospital_5,138278
2026-03-15T15:16:43Z,29,Hospital_1,121178
2026-03-15T15:16:43Z,29,Hospital_3,121178
2026-03-15T15:16:43Z,29,Hospital_2,121178
2026-03-15T15:16:45Z,30,Hospital_2,121178
2026-03-15T15:16:45Z,30,Hospital_1,121178
2026-03-15T15:16:45Z,30,Hospital_5,138278
2026-03-15T15:16:45Z,30,Hospital_4,121178
2026-03-15T15:16:45Z,30,Hospital_3,121178
2026-03-15T15:16:48Z,31,Hospital_3,121178
2026-03-15T15:16:48Z,31,Hospital_2,121178
2026-03-15T15:16:48Z,31,Hospital_5,138278
2026-03-15T15:16:48Z,31,Hospital_1,121178
2026-03-15T15:16:48Z,31,Hospital_4,121178
2026-03-15T15:16:50Z,32,Hospital_2,138278
2026-03-15T15:16:50Z,32,Hospital_3,121178
2026-03-15T15:16:50Z,32,Hospital_1,121178
2026-03-15T15:16:50Z,32,Hospital_5,121178
2026-03-15T15:16:50Z,32,Hospital_4,121178
2026-03-15T15:16:52Z,33,Hospital_5,121178
2026-03-15T15:16:52Z,33,Hospital_2,121178
2026-03-15T15:16:52Z,33,Hospital_1,121178
2026-03-15T15:16:52Z,33,Hospital_3,121178
2026-03-15T15:16:52Z,33,Hospital_4,138278
2026-03-15T15:16:55Z,34,Hospital_5,121178
2026-03-15T15:16:55Z,34,Hospital_3,121178
2026-03-15T15:16:55Z,34,Hospital_1,121178
2026-03-15T15:16:55Z,34,Hospital_4,121178
2026-03-15T15:16:55Z,34,Hospital_2,138278
2026-03-15T15:16:57Z,35,Hospital_4,138278
2026-03-15T15:16:57Z,35,Hospital_2,121178
2026-03-15T15:16:57Z,35,Hospital_3,121178
2026-03-15T15:16:57Z,35,Hospital_5,121178
2026-03-15T15:16:57Z,35,Hospital_1,121178
2026-03-15T15:16:59Z,36,Hospital_1,121178
2026-03-15T15:16:59Z,36,Hospital_2,121178
2026-03-15T15:16:59Z,36,Hospital_5,121178
2026-03-15T15:16:59Z,36,Hospital_4,138278
2026-03-15T15:16:59Z,36,Hospital_3,121178
2026-03-15T15:17:02Z,37,Hospital_4,121178
2026-03-15T15:17:02Z,37,Hospital_3,121178
2026-03-15T15:17:02Z,37,Hospital_2,121178
2026-03-15T15:17:02Z,37,Hospital_5,121178
2026-03-15T15:17:02Z,37,Hospital_1,138278
2026-03-15T15:17:04Z,38,Hospital_4,121178
2026-03-15T15:17:04Z,38,Hospital_2,138278
2026-03-15T15:17:04Z,38,Hospital_3,121178
2026-03-15T15:17:04Z,38,Hospital_5,121178
2026-03-15T15:17:04Z,38,Hospital_1,121178
2026-03-15T15:17:06Z,39,Hospital_5,121178
2026-03-15T15:17:06Z,39,Hospital_1,121178
2026-03-15T15:17:06Z,39,Hospital_2,121178
2026-03-15T15:17:06Z,39,Hospital_4,121178
2026-03-15T15:17:06Z,39,Hospital_3,138278
2026-03-15T15:17:09Z,40,Hospital_1,121178
2026-03-15T15:17:09Z,40,Hospital_3,138278
2026-03-15T15:17:09Z,40,Hospital_2,121178
2026-03-15T15:17:09Z,40,Hospital_4,121178
2026-03-15T15:17:09Z,40,Hospital_5,121178
2026-03-15T15:17:11Z,41,Hospital_2,121178
2026-03-15T15:17:11Z,41,Hospital_3,121178
2026-03-15T15:17:11Z,41,Hospital_1,121178
2026-03-15T15:17:11Z,41,Hospital_4,138278
2026-03-15T15:17:11Z,41,Hospital_5,121178
2026-03-15T15:17:13Z,42,Hospital_1,121178
2026-03-15T15:17:13Z,42,Hospital_3,121178
2026-03-15T15:17:13Z,42,Hospital_2,121178
2026-03-15T15:17:13Z,42,Hospital_4,138278
2026-03-15T15:17:13Z,42,Hospital_5,121178
2026-03-15T15:17:16Z,43,Hospital_4,138278
2026-03-15T15:17:16Z,43,Hospital_5,121178
2026-03-15T15:17:16Z,43,Hospital_2,121178
2026-03-15T15:17:16Z,43,Hospital_3,121178
2026-03-15T15:17:16Z,43,Hospital_1,121178
2026-03-15T15:17:18Z,44,Hospital_1,121178
2026-03-15T15:17:18Z,44,Hospital_2,138278
2026-03-15T15:17:18Z,44,Hospital_5,121178
2026-03-15T15:17:18Z,44,Hospital_4,121178
2026-03-15T15:17:18Z,44,Hospital_3,121178
2026-03-15T15:17:20Z,45,Hospital_2,121178
2026-03-15T15:17:20Z,45,Hospital_3,121178
2026-03-15T15:17:20Z,45,Hospital_1,121178
2026-03-15T15:17:20Z,45,Hospital_4,121178
2026-03-15T15:17:20Z,45,Hospital_5,138278
2026-03-15T15:17:23Z,46,Hospital_5,121178
2026-03-15T15:17:23Z,46,Hospital_3,121178
2026-03-15T15:17:23Z,46,Hospital_1,121178
2026-03-15T15:17:23Z,46,Hospital_4,138278
2026-03-15T15:17:23Z,46,Hospital_2,121178
2026-03-15T15:17:25Z,47,Hospital_4,121178
2026-03-15T15:17:25Z,47,Hospital_3,121178
2026-03-15T15:17:25Z,47,Hospital_2,121178
2026-03-15T15:17:25Z,47,Hospital_5,138278
2026-03-15T15:17:25Z,47,Hospital_1,121178
2026-03-15T15:17:27Z,48,Hospital_1,121178
2026-03-15T15:17:27Z,48,Hospital_5,138278
2026-03-15T15:17:27Z,48,Hospital_2,121178
2026-03-15T15:17:27Z,48,Hospital_4,121178
2026-03-15T15:17:27Z,48,Hospital_3,121178
2026-03-15T15:17:30Z,49,Hospital_5,121178
2026-03-15T15:17:30Z,49,Hospital_3,121178
2026-03-15T15:17:30Z,49,Hospital_1,121178
2026-03-15T15:17:30Z,49,Hospital_2,138278
2026-03-15T15:17:30Z,49,Hospital_4,121178
2026-03-15T15:17:32Z,50,Hospital_1,121166
2026-03-15T15:17:32Z,50,Hospital_3,121166
2026-03-15T15:17:32Z,50,Hospital_2,121166
2026-03-15T15:17:32Z,50,Hospital_5,138266
2026-03-15T15:17:32Z,50,Hospital_4,121166
2026-03-15T15:17:57Z,1,Hospital_3,138278
2026-03-15T15:17:57Z,1,Hospital_1,121178
2026-03-15T15:18:03Z,2,Hospital_3,138266
2026-03-15T15:18:03Z,2,Hospital_2,121178
2026-03-15T15:18:03Z,2,Hospital_1,121178
2026-03-15T15:18:03Z,2,Hospital_4,121178
2026-03-15T15:18:05Z,3,Hospital_1,121166
2026-03-15T15:18:05Z,3,Hospital_2,121178
2026-03-15T15:18:05Z,3,Hospital_3,121154
2026-03-15T15:18:05Z,3,Hospital_4,138278
