timestamp_utc,Round,Client,GasUsed
2026-03-18T18:37:23Z,1,Hospital_5,121138
2026-03-18T18:37:23Z,1,Hospital_3,138238
2026-03-18T18:37:23Z,1,Hospital_2,121138
2026-03-18T18:37:23Z,1,Hospital_4,121138
2026-03-18T18:37:23Z,1,Hospital_1,121138
2026-03-18T18:37:28Z,2,Hospital_3,121138
2026-03-18T18:37:28Z,2,Hospital_2,121138
2026-03-18T18:37:28Z,2,Hospital_5,121138
2026-03-18T18:37:28Z,2,Hospital_1,138214
2026-03-18T18:37:28Z,2,Hospital_4,121138
2026-03-18T18:37:33Z,3,Hospital_5,138238
2026-03-18T18:37:33Z,3,Hospital_2,121138
2026-03-18T18:37:33Z,3,Hospital_4,121138
2026-03-18T18:37:33Z,3,Hospital_1,121138
2026-03-18T18:37:33Z,3,Hospital_3,121138
2026-03-18T18:37:38Z,4,Hospital_1,121138
2026-03-18T18:37:38Z,4,Hospital_3,121138
2026-03-18T18:37:38Z,4,Hospital_2,121138
2026-03-18T18:37:38Z,4,Hospital_4,121138
2026-03-18T18:37:38Z,4,Hospital_5,138238
2026-03-18T18:37:42Z,5,Hospital_5,138238
2026-03-18T18:37:42Z,5,Hospital_2,121138
2026-03-18T18:37:42Z,5,Hospital_3,121138
2026-03-18T18:37:42Z,5,Hospital_1,121138
2026-03-18T18:37:42Z,5,Hospital_4,121138
2026-03-18T18:37:46Z,6,Hospital_4,138238
2026-03-18T18:37:46Z,6,Hospital_1,121114
2026-03-18T18:37:46Z,6,Hospital_5,121138
2026-03-18T18:37:46Z,6,Hospital_2,121138
2026-03-18T18:37:46Z,6,Hospital_3,121138
2026-03-18T18:37:51Z,7,Hospital_2,121138
2026-03-18T18:37:51Z,7,Hospital_3,121138
2026-03-18T18:37:51Z,7,Hospital_5,121138
2026-03-18T18:37:51Z,7,Hospital_4,121138
2026-03-18T18:37:51Z,7,Hospital_1,138238
2026-03-18T18:37:54Z,8,Hospital_5,121138
2026-03-18T18:37:54Z,8,Hospital_2,121138
2026-03-18T18:37:54Z,8,Hospital_3,121138
2026-03-18T18:37:54Z,8,Hospital_1,138238
2026-03-18T18:37:54Z,8,Hospital_4,121138
2026-03-18T18:37:58Z,9,Hospital_2,121138
2026-03-18T18:37:58Z,9,Hospital_1,121126
2026-03-18T18:37:58Z,9,Hospital_5,121138
2026-03-18T18:37:58Z,9,Hospital_3,121138
2026-03-18T18:37:58Z,9,Hospital_4,138238
2026-03-18T18:38:03Z,10,Hospital_2,121138
2026-03-18T18:38:03Z,10,Hospital_1,121138
2026-03-18T18:38:03Z,10,Hospital_5,121138
2026-03-18T18:38:03Z,10,Hospital_3,138238
2026-03-18T18:38:03Z,10,Hospital_4,121138
2026-03-18T18:38:37Z,11,Hospital_5,121138
2026-03-18T18:38:37Z,11,Hospital_3,121138
2026-03-18T18:38:37Z,11,Hospital_1,121138
2026-03-18T18:38:37Z,11,Hospital_2,138238
2026-03-18T18:38:37Z,11,Hospital_4,121138
2026-03-18T18:38:41Z,12,Hospital_2,121138
2026-03-18T18:38:41Z,12,Hospital_3,138238
2026-03-18T18:38:41Z,12,Hospital_5,121138
2026-03-18T18:38:41Z,12,Hospital_4,121138
2026-03-18T18:38:41Z,12,Hospital_1,121138
2026-03-18T18:38:44Z,13,Hospital_4,121138
2026-03-18T18:38:44Z,13,Hospital_3,121138
2026-03-18T18:38:44Z,13,Hospital_1,138238
2026-03-18T18:38:44Z,13,Hospital_5,121138
2026-03-18T18:38:44Z,13,Hospital_2,121138
2026-03-18T18:38:50Z,14,Hospital_4,121138
2026-03-18T18:38:50Z,14,Hospital_1,138238
2026-03-18T18:38:50Z,14,Hospital_3,121138
2026-03-18T18:38:50Z,14,Hospital_2,121138
2026-03-18T18:38:50Z,14,Hospital_5,121138
2026-03-18T18:38:54Z,15,Hospital_3,138238
2026-03-18T18:38:54Z,15,Hospital_2,121138
2026-03-18T18:38:54Z,15,Hospital_4,121138
2026-03-18T18:38:54Z,15,Hospital_5,121138
2026-03-18T18:38:54Z,15,Hospital_1,121138
2026-03-18T18:38:57Z,16,Hospital_3,121138
2026-03-18T18:38:57Z,16,Hospital_2,121138
2026-03-18T18:38:57Z,16,Hospital_4,121138
2026-03-18T18:38:57Z,16,Hospital_1,121138
2026-03-18T18:38:57Z,16,Hospital_5,138238
2026-03-18T18:39:01Z,17,Hospital_2,138238
2026-03-18T18:39:01Z,17,Hospital_4,121138
2026-03-18T18:39:01Z,17,Hospital_1,121138
2026-03-18T18:39:01Z,17,Hospital_3,121138
2026-03-18T18:39:01Z,17,Hospital_5,121138
2026-03-18T18:39:06Z,18,Hospital_3,138238
2026-03-18T18:39:06Z,18,Hospital_2,121138
2026-03-18T18:39:06Z,18,Hospital_1,121138
2026-03-18T18:39:06Z,18,Hospital_5,121138
2026-03-18T18:39:06Z,18,Hospital_4,121126
2026-03-18T18:39:10Z,19,Hospital_3,121138
2026-03-18T18:39:10Z,19,Hospital_4,121138
2026-03-18T18:39:10Z,19,Hospital_2,121138
2026-03-18T18:39:10Z,19,Hospital_5,121138
2026-03-18T18:39:10Z,19,Hospital_1,138238
2026-03-18T18:39:14Z,20,Hospital_2,121138
2026-03-18T18:39:14Z,20,Hospital_1,121138
2026-03-18T18:39:14Z,20,Hospital_5,121126
2026-03-18T18:39:14Z,20,Hospital_3,121126
2026-03-18T18:39:14Z,20,Hospital_4,138238
2026-03-18T18:39:18Z,21,Hospital_3,138238
2026-03-18T18:39:18Z,21,Hospital_2,121138
2026-03-18T18:39:18Z,21,Hospital_4,121138
2026-03-18T18:39:18Z,21,Hospital_5,121138
2026-03-18T18:39:18Z,21,Hospital_1,121138
2026-03-18T18:39:23Z,22,Hospital_4,121138
2026-03-18T18:39:23Z,22,Hospital_3,121138
2026-03-18T18:39:23Z,22,Hospital_5,121138
2026-03-18T18:39:23Z,22,Hospital_2,138238
2026-03-18T18:39:23Z,22,Hospital_1,121138
2026-03-18T18:39:27Z,23,Hospital_5,121138
2026-03-18T18:39:27Z,23,Hospital_3,121138
2026-03-18T18:39:27Z,23,Hospital_2,121138
2026-03-18T18:39:27Z,23,Hospital_4,138238
2026-03-18T18:39:27Z,23,Hospital_1,121138
2026-03-18T18:39:30Z,24,Hospital_3,121138
2026-03-18T18:39:30Z,24,Hospital_4,121138
2026-03-18T18:39:30Z,24,Hospital_2,138238
2026-03-18T18:39:30Z,24,Hospital_5,121138
2026-03-18T18:39:30Z,24,Hospital_1,121138
2026-03-18T18:39:34Z,25,Hospital_5,121138
2026-03-18T18:39:34Z,25,Hospital_3,138238
2026-03-18T18:39:34Z,25,Hospital_1,121138
2026-03-18T18:39:34Z,25,Hospital_4,121138
2026-03-18T18:39:34Z,25,Hospital_2,121138
2026-03-18T18:39:40Z,26,Hospital_5,121126
2026-03-18T18:39:40Z,26,Hospital_1,121138
2026-03-18T18:39:40Z,26,Hospital_2,121138
2026-03-18T18:39:40Z,26,Hospital_3,138238
2026-03-18T18:39:40Z,26,Hospital_4,121138
2026-03-18T18:39:43Z,27,Hospital_3,121138
2026-03-18T18:39:43Z,27,Hospital_4,121138
2026-03-18T18:39:43Z,27,Hospital_5,121138
2026-03-18T18:39:43Z,27,Hospital_2,138238
2026-03-18T18:39:43Z,27,Hospital_1,121138
2026-03-18T18:39:47Z,28,Hospital_2,121138
2026-03-18T18:39:47Z,28,Hospital_3,121138
2026-03-18T18:39:47Z,28,Hospital_1,138238
2026-03-18T18:39:47Z,28,Hospital_4,121138
2026-03-18T18:39:47Z,28,Hospital_5,121138
2026-03-18T18:39:51Z,29,Hospital_1,138238
2026-03-18T18:39:51Z,29,Hospital_2,121138
2026-03-18T18:39:51Z,29,Hospital_5,121138
2026-03-18T18:39:51Z,29,Hospital_3,121126
2026-03-18T18:39:51Z,29,Hospital_4,121126
2026-03-18T18:39:56Z,30,Hospital_1,121138
2026-03-18T18:39:56Z,30,Hospital_5,121138
2026-03-18T18:39:56Z,30,Hospital_3,121138
2026-03-18T18:39:56Z,30,Hospital_2,121138
2026-03-18T18:39:56Z,30,Hospital_4,138238
2026-03-18T18:41:40Z,1,Hospital_1,121150
2026-03-18T18:41:40Z,1,Hospital_5,138250
2026-03-18T18:41:57Z,2,Hospital_2,121150
2026-03-18T18:41:57Z,2,Hospital_1,121150
2026-03-18T18:41:57Z,2,Hospital_5,138250
2026-03-18T18:41:57Z,2,Hospital_3,121150
2026-03-18T18:41:57Z,2,Hospital_4,121150
2026-03-18T18:42:02Z,3,Hospital_5,121150
2026-03-18T18:42:02Z,3,Hospital_3,121150
2026-03-18T18:42:02Z,3,Hospital_1,121150
2026-03-18T18:42:02Z,3,Hospital_4,121150
2026-03-18T18:42:02Z,3,Hospital_2,138250
2026-03-18T18:42:06Z,4,Hospital_1,121150
2026-03-18T18:42:06Z,4,Hospital_5,121150
2026-03-18T18:42:06Z,4,Hospital_4,121150
2026-03-18T18:42:06Z,4,Hospital_2,138250
2026-03-18T18:42:06Z,4,Hospital_3,121150
2026-03-18T18:42:10Z,5,Hospital_5,121150
2026-03-18T18:42:10Z,5,Hospital_4,121150
2026-03-18T18:42:10Z,5,Hospital_2,121150
2026-03-18T18:42:10Z,5,Hospital_3,121150
2026-03-18T18:42:10Z,5,Hospital_1,138250
2026-03-18T18:42:15Z,6,Hospital_5,121150
2026-03-18T18:42:15Z,6,Hospital_4,121138
2026-03-18T18:42:15Z,6,Hospital_2,138250
2026-03-18T18:42:15Z,6,Hospital_1,121150
2026-03-18T18:42:15Z,6,Hospital_3,121150
2026-03-18T18:42:19Z,7,Hospital_1,121150
2026-03-18T18:42:19Z,7,Hospital_2,121150
2026-03-18T18:42:19Z,7,Hospital_4,138250
2026-03-18T18:42:19Z,7,Hospital_5,121150
2026-03-18T18:42:19Z,7,Hospital_3,121138
2026-03-18T18:42:23Z,8,Hospital_2,121138
2026-03-18T18:42:23Z,8,Hospital_4,121150
2026-03-18T18:42:23Z,8,Hospital_5,138250
2026-03-18T18:42:23Z,8,Hospital_3,121150
2026-03-18T18:42:23Z,8,Hospital_1,121150
2026-03-18T18:42:26Z,9,Hospital_3,121150
2026-03-18T18:42:26Z,9,Hospital_4,121150
2026-03-18T18:42:26Z,9,Hospital_2,138250
2026-03-18T18:42:26Z,9,Hospital_5,121150
2026-03-18T18:42:26Z,9,Hospital_1,121150
2026-03-18T18:42:32Z,10,Hospital_4,121150
2026-03-18T18:42:32Z,10,Hospital_3,121150
2026-03-18T18:42:32Z,10,Hospital_1,121150
2026-03-18T18:42:32Z,10,Hospital_5,138250
2026-03-18T18:42:32Z,10,Hospital_2,121150
2026-03-18T18:42:36Z,11,Hospital_3,121150
2026-03-18T18:42:36Z,11,Hospital_4,138250
2026-03-18T18:42:36Z,11,Hospital_1,121150
2026-03-18T18:42:36Z,11,Hospital_5,121150
2026-03-18T18:42:36Z,11,Hospital_2,121150
2026-03-18T18:42:39Z,12,Hospital_5,121138
2026-03-18T18:42:39Z,12,Hospital_2,121150
2026-03-18T18:42:39Z,12,Hospital_1,138238
2026-03-18T18:42:39Z,12,Hospital_3,121150
2026-03-18T18:42:39Z,12,Hospital_4,121150
2026-03-18T18:42:43Z,13,Hospital_4,138250
2026-03-18T18:42:43Z,13,Hospital_2,121150
2026-03-18T18:42:43Z,13,Hospital_5,121150
2026-03-18T18:42:43Z,13,Hospital_3,121150
2026-03-18T18:42:43Z,13,Hospital_1,121150
2026-03-18T18:43:18Z,14,Hospital_2,138250
2026-03-18T18:43:18Z,14,Hospital_4,121150
2026-03-18T18:43:18Z,14,Hospital_1,121150
2026-03-18T18:43:18Z,14,Hospital_5,121150
2026-03-18T18:43:18Z,14,Hospital_3,121150
2026-03-18T18:43:22Z,15,Hospital_5,121150
2026-03-18T18:43:22Z,15,Hospital_3,121150
2026-03-18T18:43:22Z,15,Hospital_1,121150
2026-03-18T18:43:22Z,15,Hospital_4,138250
2026-03-18T18:43:22Z,15,Hospital_2,121150
2026-03-18T18:43:55Z,16,Hospital_2,138250
2026-03-18T18:43:55Z,16,Hospital_3,121150
2026-03-18T18:43:55Z,16,Hospital_1,121150
2026-03-18T18:43:55Z,16,Hospital_4,121150
2026-03-18T18:43:55Z,16,Hospital_5,121150
2026-03-18T18:43:59Z,17,Hospital_5,121150
2026-03-18T18:43:59Z,17,Hospital_2,121150
2026-03-18T18:43:59Z,17,Hospital_4,121150
2026-03-18T18:43:59Z,17,Hospital_3,138250
2026-03-18T18:43:59Z,17,Hospital_1,121150
2026-03-18T18:44:02Z,18,Hospital_3,121150
2026-03-18T18:44:02Z,18,Hospital_5,121150
2026-03-18T18:44:02Z,18,Hospital_4,121150
2026-03-18T18:44:02Z,18,Hospital_1,121150
2026-03-18T18:44:02Z,18,Hospital_2,138250
2026-03-18T18:44:05Z,19,Hospital_1,121150
2026-03-18T18:44:05Z,19,Hospital_4,121150
2026-03-18T18:44:05Z,19,Hospital_3,121150
2026-03-18T18:44:05Z,19,Hospital_5,121150
2026-03-18T18:44:05Z,19,Hospital_2,138250
2026-03-18T18:44:10Z,20,Hospital_2,121150
2026-03-18T18:44:10Z,20,Hospital_4,121150
2026-03-18T18:44:10Z,20,Hospital_1,121150
2026-03-18T18:44:10Z,20,Hospital_3,121150
2026-03-18T18:44:10Z,20,Hospital_5,138250
2026-03-18T18:44:15Z,21,Hospital_5,121150
2026-03-18T18:44:15Z,21,Hospital_1,138250
2026-03-18T18:44:15Z,21,Hospital_3,121150
2026-03-18T18:44:15Z,21,Hospital_4,121138
2026-03-18T18:44:15Z,21,Hospital_2,121150
2026-03-18T18:44:19Z,22,Hospital_4,121150
2026-03-18T18:44:19Z,22,Hospital_1,138250
2026-03-18T18:44:19Z,22,Hospital_2,121150
2026-03-18T18:44:19Z,22,Hospital_3,121150
2026-03-18T18:44:19Z,22,Hospital_5,121150
2026-03-18T18:44:22Z,23,Hospital_3,121150
2026-03-18T18:44:22Z,23,Hospital_2,121150
2026-03-18T18:44:22Z,23,Hospital_1,121150
2026-03-18T18:44:22Z,23,Hospital_4,138250
2026-03-18T18:44:22Z,23,Hospital_5,121150
2026-03-18T18:44:27Z,24,Hospital_4,121150
2026-03-18T18:44:27Z,24,Hospital_1,138238
2026-03-18T18:44:27Z,24,Hospital_5,121150
2026-03-18T18:44:27Z,24,Hospital_3,121150
2026-03-18T18:44:27Z,24,Hospital_2,121150
2026-03-18T18:44:31Z,25,Hospital_4,121150
2026-03-18T18:44:31Z,25,Hospital_2,121150
2026-03-18T18:44:31Z,25,Hospital_1,121150
2026-03-18T18:44:31Z,25,Hospital_3,121150
2026-03-18T18:44:31Z,25,Hospital_5,138250
2026-03-18T18:44:35Z,26,Hospital_4,121150
2026-03-18T18:44:35Z,26,Hospital_1,121150
2026-03-18T18:44:35Z,26,Hospital_3,121150
2026-03-18T18:44:35Z,26,Hospital_5,121150
2026-03-18T18:44:35Z,26,Hospital_2,138250
2026-03-18T18:45:09Z,27,Hospital_1,121150
2026-03-18T18:45:09Z,27,Hospital_5,121150
2026-03-18T18:45:09Z,27,Hospital_4,121138
2026-03-18T18:45:09Z,27,Hospital_2,138238
2026-03-18T18:45:09Z,27,Hospital_3,121150
2026-03-18T18:45:12Z,28,Hospital_5,121150
2026-03-18T18:45:12Z,28,Hospital_1,138250
2026-03-18T18:45:12Z,28,Hospital_3,121150
2026-03-18T18:45:12Z,28,Hospital_2,121150
2026-03-18T18:45:12Z,28,Hospital_4,121150
2026-03-18T18:45:16Z,29,Hospital_4,121150
2026-03-18T18:45:16Z,29,Hospital_5,121150
2026-03-18T18:45:16Z,29,Hospital_2,121150
2026-03-18T18:45:16Z,29,Hospital_3,138250
2026-03-18T18:45:16Z,29,Hospital_1,121150
2026-03-18T18:45:20Z,30,Hospital_5,121150
2026-03-18T18:45:20Z,30,Hospital_4,138250
2026-03-18T18:45:20Z,30,Hospital_3,121150
2026-03-18T18:45:20Z,30,Hospital_1,121150
2026-03-18T18:45:20Z,30,Hospital_2,121150
2026-03-18T18:47:06Z,1,Hospital_2,121138
2026-03-18T18:47:06Z,1,Hospital_4,138250
2026-03-18T18:47:24Z,2,Hospital_2,121150
2026-03-18T18:47:24Z,2,Hospital_4,138250
2026-03-18T18:47:24Z,2,Hospital_1,121150
2026-03-18T18:47:24Z,2,Hospital_5,121150
2026-03-18T18:47:24Z,2,Hospital_3,121150
2026-03-18T18:47:30Z,3,Hospital_4,121150
2026-03-18T18:47:30Z,3,Hospital_5,121150
2026-03-18T18:47:30Z,3,Hospital_3,138250
2026-03-18T18:47:30Z,3,Hospital_1,121150
2026-03-18T18:47:30Z,3,Hospital_2,121150
2026-03-18T18:47:35Z,4,Hospital_3,138250
2026-03-18T18:47:35Z,4,Hospital_4,121138
2026-03-18T18:47:35Z,4,Hospital_1,121150
2026-03-18T18:47:35Z,4,Hospital_2,121150
2026-03-18T18:47:35Z,4,Hospital_5,121150
2026-03-18T18:47:39Z,5,Hospital_3,121150
2026-03-18T18:47:39Z,5,Hospital_4,121150
2026-03-18T18:47:39Z,5,Hospital_2,121150
2026-03-18T18:47:39Z,5,Hospital_5,121150
2026-03-18T18:47:39Z,5,Hospital_1,138250
2026-03-18T18:47:45Z,6,Hospital_3,121150
2026-03-18T18:47:45Z,6,Hospital_2,138250
2026-03-18T18:47:45Z,6,Hospital_5,121150
2026-03-18T18:47:45Z,6,Hospital_1,121150
2026-03-18T18:47:45Z,6,Hospital_4,121150
2026-03-18T18:48:19Z,7,Hospital_1,121150
2026-03-18T18:48:19Z,7,Hospital_5,121150
2026-03-18T18:48:19Z,7,Hospital_3,121150
2026-03-18T18:48:19Z,7,Hospital_4,138250
2026-03-18T18:48:19Z,7,Hospital_2,121138
2026-03-18T18:48:23Z,8,Hospital_4,121150
2026-03-18T18:48:23Z,8,Hospital_5,138250
2026-03-18T18:48:23Z,8,Hospital_3,121150
2026-03-18T18:48:23Z,8,Hospital_2,121150
2026-03-18T18:48:23Z,8,Hospital_1,121138
2026-03-18T18:48:28Z,9,Hospital_5,121150
2026-03-18T18:48:28Z,9,Hospital_1,138250
2026-03-18T18:48:28Z,9,Hospital_2,121150
2026-03-18T18:48:28Z,9,Hospital_3,121150
2026-03-18T18:48:28Z,9,Hospital_4,121150
2026-03-18T18:48:33Z,10,Hospital_5,121150
2026-03-18T18:48:33Z,10,Hospital_3,121150
2026-03-18T18:48:33Z,10,Hospital_4,121150
2026-03-18T18:48:33Z,10,Hospital_1,138250
2026-03-18T18:48:33Z,10,Hospital_2,121150
2026-03-18T18:49:08Z,11,Hospital_5,138250
2026-03-18T18:49:08Z,11,Hospital_1,121150
2026-03-18T18:49:08Z,11,Hospital_3,121150
2026-03-18T18:49:08Z,11,Hospital_4,121150
2026-03-18T18:49:08Z,11,Hospital_2,121150
2026-03-18T18:49:14Z,12,Hospital_4,121150
2026-03-18T18:49:14Z,12,Hospital_3,138250
2026-03-18T18:49:14Z,12,Hospital_1,121150
2026-03-18T18:49:14Z,12,Hospital_5,121138
2026-03-18T18:49:14Z,12,Hospital_2,121150
2026-03-18T18:49:18Z,13,Hospital_5,121150
2026-03-18T18:49:18Z,13,Hospital_2,121138
2026-03-18T18:49:18Z,13,Hospital_3,121150
2026-03-18T18:49:18Z,13,Hospital_1,138250
2026-03-18T18:49:18Z,13,Hospital_4,121150
2026-03-18T18:49:22Z,14,Hospital_3,121150
2026-03-18T18:49:22Z,14,Hospital_2,121150
2026-03-18T18:49:22Z,14,Hospital_4,121150
2026-03-18T18:49:22Z,14,Hospital_5,138250
2026-03-18T18:49:22Z,14,Hospital_1,121150
2026-03-18T18:49:28Z,15,Hospital_3,121150
2026-03-18T18:49:28Z,15,Hospital_1,121150
2026-03-18T18:49:28Z,15,Hospital_2,121150
2026-03-18T18:49:28Z,15,Hospital_4,138250
2026-03-18T18:49:28Z,15,Hospital_5,121150
2026-03-18T18:49:33Z,16,Hospital_3,121150
2026-03-18T18:49:33Z,16,Hospital_4,121150
2026-03-18T18:49:33Z,16,Hospital_2,138250
2026-03-18T18:49:33Z,16,Hospital_5,121150
2026-03-18T18:49:33Z,16,Hospital_1,121150
2026-03-18T18:49:37Z,17,Hospital_4,121150
2026-03-18T18:49:37Z,17,Hospital_3,138250
2026-03-18T18:49:37Z,17,Hospital_1,121150
2026-03-18T18:49:37Z,17,Hospital_5,121150
2026-03-18T18:49:37Z,17,Hospital_2,121138
2026-03-18T18:49:41Z,18,Hospital_2,121150
2026-03-18T18:49:41Z,18,Hospital_3,121138
2026-03-18T18:49:41Z,18,Hospital_4,138250
2026-03-18T18:49:41Z,18,Hospital_5,121150
2026-03-18T18:49:41Z,18,Hospital_1,121138
2026-03-18T18:49:47Z,19,Hospital_5,121138
2026-03-18T18:49:47Z,19,Hospital_3,121150
2026-03-18T18:49:47Z,19,Hospital_4,121150
2026-03-18T18:49:47Z,19,Hospital_2,138250
2026-03-18T18:49:47Z,19,Hospital_1,121150
2026-03-18T18:49:51Z,20,Hospital_1,138238
2026-03-18T18:49:51Z,20,Hospital_4,121150
2026-03-18T18:49:51Z,20,Hospital_3,121150
2026-03-18T18:49:51Z,20,Hospital_5,121150
2026-03-18T18:49:51Z,20,Hospital_2,121150
2026-03-18T18:49:55Z,21,Hospital_2,121150
2026-03-18T18:49:55Z,21,Hospital_1,121150
2026-03-18T18:49:55Z,21,Hospital_3,138250
2026-03-18T18:49:55Z,21,Hospital_4,121150
2026-03-18T18:49:55Z,21,Hospital_5,121138
2026-03-18T18:50:01Z,22,Hospital_2,138250
2026-03-18T18:50:01Z,22,Hospital_5,121150
2026-03-18T18:50:01Z,22,Hospital_3,121150
2026-03-18T18:50:01Z,22,Hospital_1,121138
2026-03-18T18:50:01Z,22,Hospital_4,121150
2026-03-18T18:50:05Z,23,Hospital_1,138250
2026-03-18T18:50:05Z,23,Hospital_2,121150
2026-03-18T18:50:05Z,23,Hospital_4,121150
2026-03-18T18:50:05Z,23,Hospital_3,121138
2026-03-18T18:50:05Z,23,Hospital_5,121138
2026-03-18T18:50:09Z,24,Hospital_3,121150
2026-03-18T18:50:09Z,24,Hospital_1,121150
2026-03-18T18:50:09Z,24,Hospital_4,121150
2026-03-18T18:50:09Z,24,Hospital_2,121150
2026-03-18T18:50:09Z,24,Hospital_5,138250
2026-03-18T18:50:14Z,25,Hospital_1,138250
2026-03-18T18:50:14Z,25,Hospital_5,121150
2026-03-18T18:50:14Z,25,Hospital_3,121138
2026-03-18T18:50:14Z,25,Hospital_2,121150
2026-03-18T18:50:14Z,25,Hospital_4,121150
2026-03-18T18:50:20Z,26,Hospital_4,121150
2026-03-18T18:50:20Z,26,Hospital_2,121150
2026-03-18T18:50:20Z,26,Hospital_3,138250
2026-03-18T18:50:20Z,26,Hospital_1,121150
2026-03-18T18:50:20Z,26,Hospital_5,121150
2026-03-18T18:50:24Z,27,Hospital_3,121150
2026-03-18T18:50:24Z,27,Hospital_2,121138
2026-03-18T18:50:24Z,27,Hospital_1,138250
2026-03-18T18:50:24Z,27,Hospital_5,121150
2026-03-18T18:50:24Z,27,Hospital_4,121150
2026-03-18T18:50:28Z,28,Hospital_2,121150
2026-03-18T18:50:28Z,28,Hospital_4,121150
2026-03-18T18:50:28Z,28,Hospital_3,138238
2026-03-18T18:50:28Z,28,Hospital_5,121150
2026-03-18T18:50:28Z,28,Hospital_1,121150
2026-03-18T18:50:34Z,29,Hospital_2,121150
2026-03-18T18:50:34Z,29,Hospital_5,121150
2026-03-18T18:50:34Z,29,Hospital_1,121150
2026-03-18T18:50:34Z,29,Hospital_4,138250
2026-03-18T18:50:34Z,29,Hospital_3,121150
2026-03-18T18:50:38Z,30,Hospital_1,121150
2026-03-18T18:50:38Z,30,Hospital_5,121150
2026-03-18T18:50:38Z,30,Hospital_4,121150
2026-03-18T18:50:38Z,30,Hospital_3,138250
2026-03-18T18:50:38Z,30,Hospital_2,121150
2026-03-18T18:52:39Z,1,Hospital_2,121150
2026-03-18T18:52:39Z,1,Hospital_4,121150
2026-03-18T18:52:39Z,1,Hospital_3,121150
2026-03-18T18:52:39Z,1,Hospital_1,121150
2026-03-18T18:52:39Z,1,Hospital_5,138250
2026-03-18T18:52:44Z,2,Hospital_2,121150
2026-03-18T18:52:44Z,2,Hospital_5,121150
2026-03-18T18:52:44Z,2,Hospital_4,121150
2026-03-18T18:52:44Z,2,Hospital_3,138250
2026-03-18T18:52:44Z,2,Hospital_1,121150
2026-03-18T18:53:18Z,3,Hospital_2,121150
2026-03-18T18:53:18Z,3,Hospital_5,138250
2026-03-18T18:53:18Z,3,Hospital_1,121150
2026-03-18T18:53:18Z,3,Hospital_3,121150
2026-03-18T18:53:18Z,3,Hospital_4,121150
2026-03-18T18:53:25Z,4,Hospital_5,138250
2026-03-18T18:53:25Z,4,Hospital_1,121150
2026-03-18T18:53:25Z,4,Hospital_2,121138
2026-03-18T18:53:25Z,4,Hospital_4,121150
2026-03-18T18:53:25Z,4,Hospital_3,121150
2026-03-18T18:53:29Z,5,Hospital_2,121150
2026-03-18T18:53:29Z,5,Hospital_3,121150
2026-03-18T18:53:29Z,5,Hospital_1,121150
2026-03-18T18:53:29Z,5,Hospital_5,121150
2026-03-18T18:53:29Z,5,Hospital_4,138250
2026-03-18T18:53:34Z,6,Hospital_2,121150
2026-03-18T18:53:34Z,6,Hospital_3,121150
2026-03-18T18:53:34Z,6,Hospital_4,121150
2026-03-18T18:53:34Z,6,Hospital_5,121150
2026-03-18T18:53:34Z,6,Hospital_1,138250
2026-03-18T18:53:40Z,7,Hospital_1,121150
2026-03-18T18:53:40Z,7,Hospital_4,138250
2026-03-18T18:53:40Z,7,Hospital_3,121150
2026-03-18T18:53:40Z,7,Hospital_2,121150
2026-03-18T18:53:40Z,7,Hospital_5,121150
2026-03-18T18:53:44Z,8,Hospital_2,121150
2026-03-18T18:53:44Z,8,Hospital_3,121150
2026-03-18T18:53:44Z,8,Hospital_5,138250
2026-03-18T18:53:44Z,8,Hospital_4,121150
2026-03-18T18:53:44Z,8,Hospital_1,121150
2026-03-18T18:53:48Z,9,Hospital_4,138250
2026-03-18T18:53:48Z,9,Hospital_5,121138
2026-03-18T18:53:48Z,9,Hospital_3,121150
2026-03-18T18:53:48Z,9,Hospital_1,121150
2026-03-18T18:53:48Z,9,Hospital_2,121150
2026-03-18T18:53:56Z,10,Hospital_2,121150
2026-03-18T18:53:56Z,10,Hospital_5,121150
2026-03-18T18:53:56Z,10,Hospital_3,138250
2026-03-18T18:53:56Z,10,Hospital_4,121150
2026-03-18T18:53:56Z,10,Hospital_1,121150
2026-03-18T18:54:00Z,11,Hospital_2,121150
2026-03-18T18:54:00Z,11,Hospital_4,138250
2026-03-18T18:54:00Z,11,Hospital_5,121150
2026-03-18T18:54:00Z,11,Hospital_3,121150
2026-03-18T18:54:00Z,11,Hospital_1,121150
2026-03-18T18:54:04Z,12,Hospital_2,121150
2026-03-18T18:54:04Z,12,Hospital_3,121150
2026-03-18T18:54:04Z,12,Hospital_4,138250
2026-03-18T18:54:04Z,12,Hospital_1,121138
2026-03-18T18:54:04Z,12,Hospital_5,121150
2026-03-18T18:54:10Z,13,Hospital_4,121150
2026-03-18T18:54:10Z,13,Hospital_1,121150
2026-03-18T18:54:10Z,13,Hospital_5,121150
2026-03-18T18:54:10Z,13,Hospital_2,138250
2026-03-18T18:54:10Z,13,Hospital_3,121150
2026-03-18T18:54:15Z,14,Hospital_4,121150
2026-03-18T18:54:15Z,14,Hospital_2,121150
2026-03-18T18:54:15Z,14,Hospital_5,121150
2026-03-18T18:54:15Z,14,Hospital_3,138250
2026-03-18T18:54:15Z,14,Hospital_1,121150
2026-03-18T18:54:19Z,15,Hospital_5,121138
2026-03-18T18:54:19Z,15,Hospital_1,121150
2026-03-18T18:54:19Z,15,Hospital_2,121150
2026-03-18T18:54:19Z,15,Hospital_3,121150
2026-03-18T18:54:19Z,15,Hospital_4,138250
2026-03-18T18:54:26Z,16,Hospital_4,121150
2026-03-18T18:54:26Z,16,Hospital_1,121150
2026-03-18T18:54:26Z,16,Hospital_5,121138
2026-03-18T18:54:26Z,16,Hospital_3,138250
2026-03-18T18:54:26Z,16,Hospital_2,121150
2026-03-18T18:54:31Z,17,Hospital_3,121150
2026-03-18T18:54:31Z,17,Hospital_1,121138
2026-03-18T18:54:31Z,17,Hospital_4,121150
2026-03-18T18:54:31Z,17,Hospital_5,121138
2026-03-18T18:54:31Z,17,Hospital_2,138250
2026-03-18T18:54:35Z,18,Hospital_2,138250
2026-03-18T18:54:35Z,18,Hospital_1,121150
2026-03-18T18:54:35Z,18,Hospital_5,121150
2026-03-18T18:54:35Z,18,Hospital_4,121150
2026-03-18T18:54:35Z,18,Hospital_3,121138
2026-03-18T18:54:40Z,19,Hospital_2,121150
2026-03-18T18:54:40Z,19,Hospital_3,138250
2026-03-18T18:54:40Z,19,Hospital_5,121150
2026-03-18T18:54:40Z,19,Hospital_4,121150
2026-03-18T18:54:40Z,19,Hospital_1,121150
2026-03-18T18:54:46Z,20,Hospital_3,121150
2026-03-18T18:54:46Z,20,Hospital_5,121150
2026-03-18T18:54:46Z,20,Hospital_4,138250
2026-03-18T18:54:46Z,20,Hospital_2,121150
2026-03-18T18:54:46Z,20,Hospital_1,121150
2026-03-18T18:54:50Z,21,Hospital_5,138250
2026-03-18T18:54:50Z,21,Hospital_3,121150
2026-03-18T18:54:50Z,21,Hospital_4,121150
2026-03-18T18:54:50Z,21,Hospital_2,121150
2026-03-18T18:54:50Z,21,Hospital_1,121150
2026-03-18T18:54:55Z,22,Hospital_3,121150
2026-03-18T18:54:55Z,22,Hospital_2,121150
2026-03-18T18:54:55Z,22,Hospital_4,121150
2026-03-18T18:54:55Z,22,Hospital_1,121150
2026-03-18T18:54:55Z,22,Hospital_5,138238
2026-03-18T18:55:02Z,23,Hospital_3,121150
2026-03-18T18:55:02Z,23,Hospital_4,121150
2026-03-18T18:55:02Z,23,Hospital_2,121150
2026-03-18T18:55:02Z,23,Hospital_1,121138
2026-03-18T18:55:02Z,23,Hospital_5,138250
2026-03-18T18:55:06Z,24,Hospital_1,121150
2026-03-18T18:55:06Z,24,Hospital_3,121150
2026-03-18T18:55:06Z,24,Hospital_4,121150
2026-03-18T18:55:06Z,24,Hospital_2,121150
2026-03-18T18:55:06Z,24,Hospital_5,138250
2026-03-18T18:55:10Z,25,Hospital_4,138238
2026-03-18T18:55:10Z,25,Hospital_5,121138
2026-03-18T18:55:10Z,25,Hospital_2,121150
2026-03-18T18:55:10Z,25,Hospital_1,121150
2026-03-18T18:55:10Z,25,Hospital_3,121150
2026-03-18T18:55:15Z,26,Hospital_3,121150
2026-03-18T18:55:15Z,26,Hospital_4,121150
2026-03-18T18:55:15Z,26,Hospital_5,121150
2026-03-18T18:55:15Z,26,Hospital_2,138250
2026-03-18T18:55:15Z,26,Hospital_1,121150
2026-03-18T18:55:22Z,27,Hospital_2,121138
2026-03-18T18:55:22Z,27,Hospital_3,121150
2026-03-18T18:55:22Z,27,Hospital_5,121150
2026-03-18T18:55:22Z,27,Hospital_4,121150
2026-03-18T18:55:22Z,27,Hospital_1,138250
2026-03-18T18:55:26Z,28,Hospital_3,121138
2026-03-18T18:55:26Z,28,Hospital_2,121150
2026-03-18T18:55:26Z,28,Hospital_5,121150
2026-03-18T18:55:26Z,28,Hospital_4,138250
2026-03-18T18:55:26Z,28,Hospital_1,121150
2026-03-18T18:56:01Z,29,Hospital_3,121150
2026-03-18T18:56:01Z,29,Hospital_2,138250
2026-03-18T18:56:01Z,29,Hospital_4,121150
2026-03-18T18:56:01Z,29,Hospital_5,121150
2026-03-18T18:56:01Z,29,Hospital_1,121150
2026-03-18T18:56:05Z,30,Hospital_3,121150
2026-03-18T18:56:05Z,30,Hospital_2,138238
2026-03-18T18:56:05Z,30,Hospital_5,121150
2026-03-18T18:56:05Z,30,Hospital_4,121150
2026-03-18T18:56:05Z,30,Hospital_1,121150
2026-03-18T18:58:07Z,1,Hospital_1,121150
2026-03-18T18:58:07Z,1,Hospital_4,121150
2026-03-18T18:58:07Z,1,Hospital_5,138238
2026-03-18T18:58:07Z,1,Hospital_2,121150
2026-03-18T18:58:07Z,1,Hospital_3,121150
2026-03-18T18:58:11Z,2,Hospital_2,121150
2026-03-18T18:58:11Z,2,Hospital_5,121138
2026-03-18T18:58:11Z,2,Hospital_1,138250
2026-03-18T18:58:11Z,2,Hospital_4,121150
2026-03-18T18:58:11Z,2,Hospital_3,121150
2026-03-18T18:58:16Z,3,Hospital_3,138250
2026-03-18T18:58:16Z,3,Hospital_4,121150
2026-03-18T18:58:16Z,3,Hospital_2,121150
2026-03-18T18:58:16Z,3,Hospital_5,121138
2026-03-18T18:58:16Z,3,Hospital_1,121150
2026-03-18T18:58:24Z,4,Hospital_5,121150
2026-03-18T18:58:24Z,4,Hospital_1,138250
2026-03-18T18:58:24Z,4,Hospital_2,121150
2026-03-18T18:58:24Z,4,Hospital_4,121150
2026-03-18T18:58:24Z,4,Hospital_3,121138
2026-03-18T18:58:29Z,5,Hospital_1,121150
2026-03-18T18:58:29Z,5,Hospital_2,121150
2026-03-18T18:58:29Z,5,Hospital_4,121138
2026-03-18T18:58:29Z,5,Hospital_3,121150
2026-03-18T18:58:29Z,5,Hospital_5,138250
2026-03-18T18:58:33Z,6,Hospital_2,121138
2026-03-18T18:58:33Z,6,Hospital_1,121150
2026-03-18T18:58:33Z,6,Hospital_5,121150
2026-03-18T18:58:33Z,6,Hospital_3,121150
2026-03-18T18:58:33Z,6,Hospital_4,138250
2026-03-18T18:58:40Z,7,Hospital_3,121138
2026-03-18T18:58:40Z,7,Hospital_1,121150
2026-03-18T18:58:40Z,7,Hospital_4,121150
2026-03-18T18:58:40Z,7,Hospital_2,138250
2026-03-18T18:58:40Z,7,Hospital_5,121126
2026-03-18T18:58:44Z,8,Hospital_2,121150
2026-03-18T18:58:44Z,8,Hospital_4,138250
2026-03-18T18:58:44Z,8,Hospital_3,121150
2026-03-18T18:58:44Z,8,Hospital_5,121150
2026-03-18T18:58:44Z,8,Hospital_1,121150
2026-03-18T18:58:49Z,9,Hospital_1,121150
2026-03-18T18:58:49Z,9,Hospital_2,121150
2026-03-18T18:58:49Z,9,Hospital_3,138250
2026-03-18T18:58:49Z,9,Hospital_4,121150
2026-03-18T18:58:49Z,9,Hospital_5,121150
2026-03-18T18:58:56Z,10,Hospital_5,121150
2026-03-18T18:58:56Z,10,Hospital_3,121150
2026-03-18T18:58:56Z,10,Hospital_1,121150
2026-03-18T18:58:56Z,10,Hospital_4,121138
2026-03-18T18:58:56Z,10,Hospital_2,138250
2026-03-18T18:59:01Z,11,Hospital_5,121150
2026-03-18T18:59:01Z,11,Hospital_4,138250
2026-03-18T18:59:01Z,11,Hospital_1,121150
2026-03-18T18:59:01Z,11,Hospital_3,121150
2026-03-18T18:59:01Z,11,Hospital_2,121150
2026-03-18T18:59:05Z,12,Hospital_3,121150
2026-03-18T18:59:05Z,12,Hospital_1,121150
2026-03-18T18:59:05Z,12,Hospital_5,121138
2026-03-18T18:59:05Z,12,Hospital_2,121138
2026-03-18T18:59:05Z,12,Hospital_4,138250
2026-03-18T18:59:12Z,13,Hospital_3,121150
2026-03-18T18:59:12Z,13,Hospital_5,121150
2026-03-18T18:59:12Z,13,Hospital_2,121150
2026-03-18T18:59:12Z,13,Hospital_4,138250
2026-03-18T18:59:12Z,13,Hospital_1,121150
2026-03-18T18:59:17Z,14,Hospital_1,138250
2026-03-18T18:59:17Z,14,Hospital_2,121150
2026-03-18T18:59:17Z,14,Hospital_4,121150
2026-03-18T18:59:17Z,14,Hospital_3,121150
2026-03-18T18:59:17Z,14,Hospital_5,121150
2026-03-18T18:59:52Z,15,Hospital_5,138250
2026-03-18T18:59:52Z,15,Hospital_1,121150
2026-03-18T18:59:52Z,15,Hospital_3,121150
2026-03-18T18:59:52Z,15,Hospital_4,121150
2026-03-18T18:59:52Z,15,Hospital_2,121150
2026-03-18T18:59:56Z,16,Hospital_1,121150
2026-03-18T18:59:56Z,16,Hospital_3,121150
2026-03-18T18:59:56Z,16,Hospital_5,138250
2026-03-18T18:59:56Z,16,Hospital_2,121150
2026-03-18T18:59:56Z,16,Hospital_4,121150
2026-03-18T19:00:01Z,17,Hospital_3,121150
2026-03-18T19:00:01Z,17,Hospital_4,121150
2026-03-18T19:00:01Z,17,Hospital_5,138226
2026-03-18T19:00:01Z,17,Hospital_1,121150
2026-03-18T19:00:01Z,17,Hospital_2,121150
2026-03-18T19:00:37Z,18,Hospital_1,121138
2026-03-18T19:00:37Z,18,Hospital_2,138250
2026-03-18T19:00:37Z,18,Hospital_5,121150
2026-03-18T19:00:37Z,18,Hospital_4,121138
2026-03-18T19:00:37Z,18,Hospital_3,121150
2026-03-18T19:00:41Z,19,Hospital_2,121150
2026-03-18T19:00:41Z,19,Hospital_5,121150
2026-03-18T19:00:41Z,19,Hospital_4,121150
2026-03-18T19:00:41Z,19,Hospital_3,138250
2026-03-18T19:00:41Z,19,Hospital_1,121150
2026-03-18T19:00:46Z,20,Hospital_2,121150
2026-03-18T19:00:46Z,20,Hospital_5,121150
2026-03-18T19:00:46Z,20,Hospital_4,121150
2026-03-18T19:00:46Z,20,Hospital_1,138250
2026-03-18T19:00:46Z,20,Hospital_3,121150
2026-03-18T19:00:53Z,21,Hospital_4,138250
2026-03-18T19:00:53Z,21,Hospital_3,121138
2026-03-18T19:00:53Z,21,Hospital_5,121150
2026-03-18T19:00:53Z,21,Hospital_2,121126
2026-03-18T19:00:53Z,21,Hospital_1,121150
2026-03-18T19:00:57Z,22,Hospital_3,121138
2026-03-18T19:00:57Z,22,Hospital_4,121150
2026-03-18T19:00:57Z,22,Hospital_2,121150
2026-03-18T19:00:57Z,22,Hospital_1,138238
2026-03-18T19:00:57Z,22,Hospital_5,121150
2026-03-18T19:01:02Z,23,Hospital_2,121150
2026-03-18T19:01:02Z,23,Hospital_3,121150
2026-03-18T19:01:02Z,23,Hospital_5,138250
2026-03-18T19:01:02Z,23,Hospital_1,121150
2026-03-18T19:01:02Z,23,Hospital_4,121150
2026-03-18T19:01:09Z,24,Hospital_4,121150
2026-03-18T19:01:09Z,24,Hospital_2,121150
2026-03-18T19:01:09Z,24,Hospital_3,138250
2026-03-18T19:01:09Z,24,Hospital_1,121150
2026-03-18T19:01:09Z,24,Hospital_5,121150
2026-03-18T19:01:43Z,25,Hospital_2,121150
2026-03-18T19:01:43Z,25,Hospital_1,121150
2026-03-18T19:01:43Z,25,Hospital_5,138250
2026-03-18T19:01:43Z,25,Hospital_3,121150
2026-03-18T19:01:43Z,25,Hospital_4,121150
2026-03-18T19:01:51Z,26,Hospital_3,138250
2026-03-18T19:01:51Z,26,Hospital_2,121150
2026-03-18T19:01:51Z,26,Hospital_4,121150
2026-03-18T19:01:51Z,26,Hospital_1,121150
2026-03-18T19:01:51Z,26,Hospital_5,121150
2026-03-18T19:01:55Z,27,Hospital_2,121138
2026-03-18T19:01:55Z,27,Hospital_5,121150
2026-03-18T19:01:55Z,27,Hospital_1,138250
2026-03-18T19:01:55Z,27,Hospital_4,121150
2026-03-18T19:01:55Z,27,Hospital_3,121150
2026-03-18T19:02:00Z,28,Hospital_4,138250
2026-03-18T19:02:00Z,28,Hospital_2,121150
2026-03-18T19:02:00Z,28,Hospital_1,121150
2026-03-18T19:02:00Z,28,Hospital_3,121150
2026-03-18T19:02:00Z,28,Hospital_5,121150
2026-03-18T19:02:07Z,29,Hospital_4,138238
2026-03-18T19:02:07Z,29,Hospital_1,121150
2026-03-18T19:02:07Z,29,Hospital_5,121150
2026-03-18T19:02:07Z,29,Hospital_3,121138
2026-03-18T19:02:07Z,29,Hospital_2,121150
2026-03-18T19:02:11Z,30,Hospital_3,121150
2026-03-18T19:02:11Z,30,Hospital_2,121150
2026-03-18T19:02:11Z,30,Hospital_5,121150
2026-03-18T19:02:11Z,30,Hospital_4,138250
2026-03-18T19:02:11Z,30,Hospital_1,121150
2026-03-18T19:04:15Z,1,Hospital_5,121150
2026-03-18T19:04:15Z,1,Hospital_3,121150
2026-03-18T19:04:15Z,1,Hospital_2,121138
2026-03-18T19:04:15Z,1,Hospital_1,138250
2026-03-18T19:04:15Z,1,Hospital_4,121150
2026-03-18T19:04:20Z,2,Hospital_5,121150
2026-03-18T19:04:20Z,2,Hospital_3,121150
2026-03-18T19:04:20Z,2,Hospital_4,121150
2026-03-18T19:04:20Z,2,Hospital_1,121150
2026-03-18T19:04:20Z,2,Hospital_2,138250
2026-03-18T19:04:25Z,3,Hospital_3,121150
2026-03-18T19:04:25Z,3,Hospital_2,138250
2026-03-18T19:04:25Z,3,Hospital_1,121150
2026-03-18T19:04:25Z,3,Hospital_4,121150
2026-03-18T19:04:25Z,3,Hospital_5,121150
2026-03-18T19:04:33Z,4,Hospital_2,121150
2026-03-18T19:04:33Z,4,Hospital_5,121150
2026-03-18T19:04:33Z,4,Hospital_3,138250
2026-03-18T19:04:33Z,4,Hospital_4,121150
2026-03-18T19:04:33Z,4,Hospital_1,121150
2026-03-18T19:04:37Z,5,Hospital_4,121150
2026-03-18T19:04:37Z,5,Hospital_2,121138
2026-03-18T19:04:37Z,5,Hospital_3,121150
2026-03-18T19:04:37Z,5,Hospital_5,121150
2026-03-18T19:04:37Z,5,Hospital_1,138250
2026-03-18T19:04:42Z,6,Hospital_1,121150
2026-03-18T19:04:42Z,6,Hospital_2,121150
2026-03-18T19:04:42Z,6,Hospital_3,121150
2026-03-18T19:04:42Z,6,Hospital_5,138250
2026-03-18T19:04:42Z,6,Hospital_4,121150
2026-03-18T19:04:49Z,7,Hospital_3,121150
2026-03-18T19:04:49Z,7,Hospital_5,121150
2026-03-18T19:04:49Z,7,Hospital_2,138250
2026-03-18T19:04:49Z,7,Hospital_4,121150
2026-03-18T19:04:49Z,7,Hospital_1,121150
2026-03-18T19:04:53Z,8,Hospital_1,121150
2026-03-18T19:04:53Z,8,Hospital_2,138238
2026-03-18T19:04:53Z,8,Hospital_4,121150
2026-03-18T19:04:53Z,8,Hospital_5,121150
2026-03-18T19:04:53Z,8,Hospital_3,121138
2026-03-18T19:04:58Z,9,Hospital_4,121150
2026-03-18T19:04:58Z,9,Hospital_3,138250
2026-03-18T19:04:58Z,9,Hospital_1,121150
2026-03-18T19:04:58Z,9,Hospital_5,121150
2026-03-18T19:04:58Z,9,Hospital_2,121150
2026-03-18T19:05:06Z,10,Hospital_5,138250
2026-03-18T19:05:06Z,10,Hospital_3,121150
2026-03-18T19:05:06Z,10,Hospital_1,121150
2026-03-18T19:05:06Z,10,Hospital_2,121150
2026-03-18T19:05:06Z,10,Hospital_4,121150
2026-03-18T19:05:10Z,11,Hospital_2,121150
2026-03-18T19:05:10Z,11,Hospital_5,121126
2026-03-18T19:05:10Z,11,Hospital_1,121114
2026-03-18T19:05:10Z,11,Hospital_4,121138
2026-03-18T19:05:10Z,11,Hospital_3,138250
2026-03-18T19:05:15Z,12,Hospital_1,121150
2026-03-18T19:05:15Z,12,Hospital_4,121150
2026-03-18T19:05:15Z,12,Hospital_5,121150
2026-03-18T19:05:15Z,12,Hospital_2,121150
2026-03-18T19:05:15Z,12,Hospital_3,138250
2026-03-18T19:05:21Z,13,Hospital_2,121150
2026-03-18T19:05:21Z,13,Hospital_1,121150
2026-03-18T19:05:21Z,13,Hospital_3,121150
2026-03-18T19:05:21Z,13,Hospital_4,121150
2026-03-18T19:05:21Z,13,Hospital_5,138250
2026-03-18T19:05:26Z,14,Hospital_5,121150
2026-03-18T19:05:26Z,14,Hospital_4,121150
2026-03-18T19:05:26Z,14,Hospital_2,121138
2026-03-18T19:05:26Z,14,Hospital_3,121150
2026-03-18T19:05:26Z,14,Hospital_1,138250
2026-03-18T19:05:31Z,15,Hospital_4,121150
2026-03-18T19:05:31Z,15,Hospital_1,138250
2026-03-18T19:05:31Z,15,Hospital_5,121138
2026-03-18T19:05:31Z,15,Hospital_2,121150
2026-03-18T19:05:31Z,15,Hospital_3,121150
2026-03-18T19:05:38Z,16,Hospital_1,121150
2026-03-18T19:05:38Z,16,Hospital_4,121150
2026-03-18T19:05:38Z,16,Hospital_5,138250
2026-03-18T19:05:38Z,16,Hospital_3,121150
2026-03-18T19:05:38Z,16,Hospital_2,121150
2026-03-18T19:05:43Z,17,Hospital_1,121138
2026-03-18T19:05:43Z,17,Hospital_2,121150
2026-03-18T19:05:43Z,17,Hospital_3,138250
2026-03-18T19:05:43Z,17,Hospital_4,121150
2026-03-18T19:05:43Z,17,Hospital_5,121150
2026-03-18T19:05:47Z,18,Hospital_5,121150
2026-03-18T19:05:47Z,18,Hospital_4,121150
2026-03-18T19:05:47Z,18,Hospital_3,121150
2026-03-18T19:05:47Z,18,Hospital_2,121150
2026-03-18T19:05:47Z,18,Hospital_1,138250
2026-03-18T19:05:54Z,19,Hospital_4,138250
2026-03-18T19:05:54Z,19,Hospital_5,121150
2026-03-18T19:05:54Z,19,Hospital_3,121150
2026-03-18T19:05:54Z,19,Hospital_1,121150
2026-03-18T19:05:54Z,19,Hospital_2,121150
2026-03-18T19:05:59Z,20,Hospital_2,138250
2026-03-18T19:05:59Z,20,Hospital_1,121150
2026-03-18T19:05:59Z,20,Hospital_4,121150
2026-03-18T19:05:59Z,20,Hospital_3,121150
2026-03-18T19:05:59Z,20,Hospital_5,121150
2026-03-18T19:06:04Z,21,Hospital_4,121150
2026-03-18T19:06:04Z,21,Hospital_1,121150
2026-03-18T19:06:04Z,21,Hospital_3,121150
2026-03-18T19:06:04Z,21,Hospital_2,138238
2026-03-18T19:06:04Z,21,Hospital_5,121150
2026-03-18T19:06:11Z,22,Hospital_2,121150
2026-03-18T19:06:11Z,22,Hospital_3,121150
2026-03-18T19:06:11Z,22,Hospital_1,138226
2026-03-18T19:06:11Z,22,Hospital_4,121150
2026-03-18T19:06:11Z,22,Hospital_5,121150
2026-03-18T19:06:16Z,23,Hospital_3,138250
2026-03-18T19:06:16Z,23,Hospital_1,121138
2026-03-18T19:06:16Z,23,Hospital_2,121150
2026-03-18T19:06:16Z,23,Hospital_5,121150
2026-03-18T19:06:16Z,23,Hospital_4,121150
2026-03-18T19:06:20Z,24,Hospital_1,138250
2026-03-18T19:06:20Z,24,Hospital_3,121150
2026-03-18T19:06:20Z,24,Hospital_5,121138
2026-03-18T19:06:20Z,24,Hospital_2,121150
2026-03-18T19:06:20Z,24,Hospital_4,121138
2026-03-18T19:06:27Z,25,Hospital_1,121150
2026-03-18T19:06:27Z,25,Hospital_3,121150
2026-03-18T19:06:27Z,25,Hospital_4,138250
2026-03-18T19:06:27Z,25,Hospital_5,121150
2026-03-18T19:06:27Z,25,Hospital_2,121150
2026-03-18T19:06:31Z,26,Hospital_5,121150
2026-03-18T19:06:31Z,26,Hospital_3,121150
2026-03-18T19:06:31Z,26,Hospital_2,121150
2026-03-18T19:06:31Z,26,Hospital_1,121150
2026-03-18T19:06:31Z,26,Hospital_4,138238
2026-03-18T19:06:37Z,27,Hospital_1,121150
2026-03-18T19:06:37Z,27,Hospital_5,121150
2026-03-18T19:06:37Z,27,Hospital_3,121150
2026-03-18T19:06:37Z,27,Hospital_2,138250
2026-03-18T19:06:37Z,27,Hospital_4,121150
2026-03-18T19:06:43Z,28,Hospital_5,121150
2026-03-18T19:06:43Z,28,Hospital_2,121150
2026-03-18T19:06:43Z,28,Hospital_3,121150
2026-03-18T19:06:43Z,28,Hospital_4,121150
2026-03-18T19:06:43Z,28,Hospital_1,138250
2026-03-18T19:06:48Z,29,Hospital_3,138250
2026-03-18T19:06:48Z,29,Hospital_2,121150
2026-03-18T19:06:48Z,29,Hospital_1,121150
2026-03-18T19:06:48Z,29,Hospital_4,121150
2026-03-18T19:06:48Z,29,Hospital_5,121150
2026-03-18T19:06:53Z,30,Hospital_4,121150
2026-03-18T19:06:53Z,30,Hospital_1,121150
2026-03-18T19:06:53Z,30,Hospital_3,121150
2026-03-18T19:06:53Z,30,Hospital_2,121150
2026-03-18T19:06:53Z,30,Hospital_5,138250
2026-03-18T19:08:55Z,1,Hospital_3,121150
2026-03-18T19:08:55Z,1,Hospital_4,138250
2026-03-18T19:08:55Z,1,Hospital_2,121150
2026-03-18T19:08:55Z,1,Hospital_1,121150
2026-03-18T19:08:55Z,1,Hospital_5,121150
2026-03-18T19:09:00Z,2,Hospital_4,121150
2026-03-18T19:09:00Z,2,Hospital_5,121150
2026-03-18T19:09:00Z,2,Hospital_1,121150
2026-03-18T19:09:00Z,2,Hospital_2,121150
2026-03-18T19:09:00Z,2,Hospital_3,138250
2026-03-18T19:09:07Z,3,Hospital_2,138250
2026-03-18T19:09:07Z,3,Hospital_5,121138
2026-03-18T19:09:07Z,3,Hospital_3,121150
2026-03-18T19:09:07Z,3,Hospital_1,121150
2026-03-18T19:09:07Z,3,Hospital_4,121150
2026-03-18T19:09:13Z,4,Hospital_3,121150
2026-03-18T19:09:13Z,4,Hospital_2,121150
2026-03-18T19:09:13Z,4,Hospital_5,121150
2026-03-18T19:09:13Z,4,Hospital_1,138250
2026-03-18T19:09:13Z,4,Hospital_4,121150
2026-03-18T19:09:18Z,5,Hospital_4,121138
2026-03-18T19:09:18Z,5,Hospital_3,121150
2026-03-18T19:09:18Z,5,Hospital_1,121150
2026-03-18T19:09:18Z,5,Hospital_5,121150
2026-03-18T19:09:18Z,5,Hospital_2,138250
2026-03-18T19:09:24Z,6,Hospital_3,121150
2026-03-18T19:09:24Z,6,Hospital_1,121138
2026-03-18T19:09:24Z,6,Hospital_4,138238
2026-03-18T19:09:24Z,6,Hospital_5,121150
2026-03-18T19:09:24Z,6,Hospital_2,121138
2026-03-18T19:09:29Z,7,Hospital_3,121150
2026-03-18T19:09:29Z,7,Hospital_4,121150
2026-03-18T19:09:29Z,7,Hospital_5,121150
2026-03-18T19:09:29Z,7,Hospital_2,138250
2026-03-18T19:09:29Z,7,Hospital_1,121150
2026-03-18T19:09:34Z,8,Hospital_2,121150
2026-03-18T19:09:34Z,8,Hospital_1,121150
2026-03-18T19:09:34Z,8,Hospital_5,121150
2026-03-18T19:09:34Z,8,Hospital_4,121150
2026-03-18T19:09:34Z,8,Hospital_3,138238
2026-03-18T19:09:40Z,9,Hospital_5,121150
2026-03-18T19:09:40Z,9,Hospital_2,138250
2026-03-18T19:09:40Z,9,Hospital_1,121138
2026-03-18T19:09:40Z,9,Hospital_4,121150
2026-03-18T19:09:40Z,9,Hospital_3,121150
2026-03-18T19:09:46Z,10,Hospital_2,121150
2026-03-18T19:09:46Z,10,Hospital_4,138250
2026-03-18T19:09:46Z,10,Hospital_5,121150
2026-03-18T19:09:46Z,10,Hospital_3,121150
2026-03-18T19:09:46Z,10,Hospital_1,121150
2026-03-18T19:09:52Z,11,Hospital_3,121150
2026-03-18T19:09:52Z,11,Hospital_5,121150
2026-03-18T19:09:52Z,11,Hospital_2,138250
2026-03-18T19:09:52Z,11,Hospital_4,121138
2026-03-18T19:09:52Z,11,Hospital_1,121150
2026-03-18T19:10:28Z,12,Hospital_2,121150
2026-03-18T19:10:28Z,12,Hospital_5,138250
2026-03-18T19:10:28Z,12,Hospital_4,121150
2026-03-18T19:10:28Z,12,Hospital_3,121138
2026-03-18T19:10:28Z,12,Hospital_1,121138
2026-03-18T19:10:32Z,13,Hospital_2,121150
2026-03-18T19:10:32Z,13,Hospital_1,121150
2026-03-18T19:10:32Z,13,Hospital_5,121150
2026-03-18T19:10:32Z,13,Hospital_3,121150
2026-03-18T19:10:32Z,13,Hospital_4,138250
2026-03-18T19:10:39Z,14,Hospital_2,121150
2026-03-18T19:10:39Z,14,Hospital_4,121150
2026-03-18T19:10:39Z,14,Hospital_1,121138
2026-03-18T19:10:39Z,14,Hospital_5,121150
2026-03-18T19:10:39Z,14,Hospital_3,138238
2026-03-18T19:10:44Z,15,Hospital_4,121150
2026-03-18T19:10:44Z,15,Hospital_2,121150
2026-03-18T19:10:44Z,15,Hospital_5,121150
2026-03-18T19:10:44Z,15,Hospital_1,121138
2026-03-18T19:10:44Z,15,Hospital_3,138250
2026-03-18T19:10:50Z,16,Hospital_1,121150
2026-03-18T19:10:50Z,16,Hospital_4,121150
2026-03-18T19:10:50Z,16,Hospital_2,121150
2026-03-18T19:10:50Z,16,Hospital_5,138250
2026-03-18T19:10:50Z,16,Hospital_3,121150
2026-03-18T19:10:56Z,17,Hospital_4,121150
2026-03-18T19:10:56Z,17,Hospital_5,121150
2026-03-18T19:10:56Z,17,Hospital_2,121150
2026-03-18T19:10:56Z,17,Hospital_1,121150
2026-03-18T19:10:56Z,17,Hospital_3,138250
2026-03-18T19:11:31Z,18,Hospital_2,138250
2026-03-18T19:11:31Z,18,Hospital_3,121138
2026-03-18T19:11:31Z,18,Hospital_5,121150
2026-03-18T19:11:31Z,18,Hospital_1,121150
2026-03-18T19:11:31Z,18,Hospital_4,121150
2026-03-18T19:12:07Z,19,Hospital_2,121138
2026-03-18T19:12:07Z,19,Hospital_3,121138
2026-03-18T19:12:07Z,19,Hospital_4,121150
2026-03-18T19:12:07Z,19,Hospital_5,138250
2026-03-18T19:12:07Z,19,Hospital_1,121150
2026-03-18T19:12:12Z,20,Hospital_1,121150
2026-03-18T19:12:12Z,20,Hospital_2,121138
2026-03-18T19:12:12Z,20,Hospital_3,138250
2026-03-18T19:12:12Z,20,Hospital_5,121150
2026-03-18T19:12:12Z,20,Hospital_4,121150
2026-03-18T19:12:19Z,21,Hospital_3,121138
2026-03-18T19:12:19Z,21,Hospital_2,121150
2026-03-18T19:12:19Z,21,Hospital_5,121150
2026-03-18T19:12:19Z,21,Hospital_1,138238
2026-03-18T19:12:19Z,21,Hospital_4,121150
2026-03-18T19:12:24Z,22,Hospital_2,121150
2026-03-18T19:12:24Z,22,Hospital_4,121150
2026-03-18T19:12:24Z,22,Hospital_5,138250
2026-03-18T19:12:24Z,22,Hospital_3,121150
2026-03-18T19:12:24Z,22,Hospital_1,121150
2026-03-18T19:12:29Z,23,Hospital_5,121150
2026-03-18T19:12:29Z,23,Hospital_3,121150
2026-03-18T19:12:29Z,23,Hospital_4,121150
2026-03-18T19:12:29Z,23,Hospital_1,121138
2026-03-18T19:12:29Z,23,Hospital_2,138250
2026-03-18T19:12:34Z,24,Hospital_4,121138
2026-03-18T19:12:34Z,24,Hospital_1,121150
2026-03-18T19:12:34Z,24,Hospital_5,121150
2026-03-18T19:12:34Z,24,Hospital_2,121150
2026-03-18T19:12:34Z,24,Hospital_3,138238
2026-03-18T19:12:40Z,25,Hospital_1,121150
2026-03-18T19:12:40Z,25,Hospital_2,121150
2026-03-18T19:12:40Z,25,Hospital_3,121150
2026-03-18T19:12:40Z,25,Hospital_4,138250
2026-03-18T19:12:40Z,25,Hospital_5,121150
2026-03-18T19:12:46Z,26,Hospital_1,138238
2026-03-18T19:12:46Z,26,Hospital_3,121138
2026-03-18T19:12:46Z,26,Hospital_5,121150
2026-03-18T19:12:46Z,26,Hospital_2,121150
2026-03-18T19:12:46Z,26,Hospital_4,121150
2026-03-18T19:12:52Z,27,Hospital_4,121150
2026-03-18T19:12:52Z,27,Hospital_3,121138
2026-03-18T19:12:52Z,27,Hospital_5,138250
2026-03-18T19:12:52Z,27,Hospital_2,121138
2026-03-18T19:12:52Z,27,Hospital_1,121150
2026-03-18T19:12:57Z,28,Hospital_5,121150
2026-03-18T19:12:57Z,28,Hospital_4,121150
2026-03-18T19:12:57Z,28,Hospital_3,138250
2026-03-18T19:12:57Z,28,Hospital_1,121150
2026-03-18T19:12:57Z,28,Hospital_2,121138
2026-03-18T19:13:02Z,29,Hospital_3,121150
2026-03-18T19:13:02Z,29,Hospital_5,121150
2026-03-18T19:13:02Z,29,Hospital_1,121150
2026-03-18T19:13:02Z,29,Hospital_2,121150
2026-03-18T19:13:02Z,29,Hospital_4,138250
2026-03-18T19:13:08Z,30,Hospital_4,121150
2026-03-18T19:13:08Z,30,Hospital_3,121150
2026-03-18T19:13:08Z,30,Hospital_2,121150
2026-03-18T19:13:08Z,30,Hospital_1,138250
2026-03-18T19:13:08Z,30,Hospital_5,121150
2026-03-18T19:15:09Z,1,Hospital_5,138250
2026-03-18T19:15:09Z,1,Hospital_2,121150
2026-03-18T19:15:09Z,1,Hospital_3,121150
2026-03-18T19:15:09Z,1,Hospital_1,121126
2026-03-18T19:15:09Z,1,Hospital_4,121150
2026-03-18T19:15:44Z,2,Hospital_2,121150
2026-03-18T19:15:44Z,2,Hospital_3,138250
2026-03-18T19:15:44Z,2,Hospital_1,121150
2026-03-18T19:15:44Z,2,Hospital_5,121150
2026-03-18T19:15:44Z,2,Hospital_4,121138
2026-03-18T19:15:49Z,3,Hospital_3,138250
2026-03-18T19:15:49Z,3,Hospital_5,121150
2026-03-18T19:15:49Z,3,Hospital_4,121150
2026-03-18T19:15:49Z,3,Hospital_1,121150
2026-03-18T19:15:49Z,3,Hospital_2,121138
2026-03-18T19:15:55Z,4,Hospital_1,121150
2026-03-18T19:15:55Z,4,Hospital_4,121150
2026-03-18T19:15:55Z,4,Hospital_5,121150
2026-03-18T19:15:55Z,4,Hospital_3,138250
2026-03-18T19:15:55Z,4,Hospital_2,121150
2026-03-18T19:16:02Z,5,Hospital_2,121138
2026-03-18T19:16:02Z,5,Hospital_5,121150
2026-03-18T19:16:02Z,5,Hospital_1,138250
2026-03-18T19:16:02Z,5,Hospital_3,121150
2026-03-18T19:16:02Z,5,Hospital_4,121150
2026-03-18T19:16:06Z,6,Hospital_2,121150
2026-03-18T19:16:06Z,6,Hospital_1,138250
2026-03-18T19:16:06Z,6,Hospital_5,121138
2026-03-18T19:16:06Z,6,Hospital_4,121150
2026-03-18T19:16:06Z,6,Hospital_3,121150
2026-03-18T19:16:11Z,7,Hospital_1,138250
2026-03-18T19:16:11Z,7,Hospital_2,121138
2026-03-18T19:16:11Z,7,Hospital_5,121138
2026-03-18T19:16:11Z,7,Hospital_4,121150
2026-03-18T19:16:11Z,7,Hospital_3,121150
2026-03-18T19:16:18Z,8,Hospital_3,121150
2026-03-18T19:16:18Z,8,Hospital_4,121150
2026-03-18T19:16:18Z,8,Hospital_2,121150
2026-03-18T19:16:18Z,8,Hospital_1,121150
2026-03-18T19:16:18Z,8,Hospital_5,138250
2026-03-18T19:16:22Z,9,Hospital_3,121138
2026-03-18T19:16:22Z,9,Hospital_5,121150
2026-03-18T19:16:22Z,9,Hospital_1,121150
2026-03-18T19:16:22Z,9,Hospital_4,138250
2026-03-18T19:16:22Z,9,Hospital_2,121150
2026-03-18T19:16:29Z,10,Hospital_4,138250
2026-03-18T19:16:29Z,10,Hospital_1,121150
2026-03-18T19:16:29Z,10,Hospital_3,121150
2026-03-18T19:16:29Z,10,Hospital_2,121150
2026-03-18T19:16:29Z,10,Hospital_5,121150
2026-03-18T19:16:35Z,11,Hospital_1,121138
2026-03-18T19:16:35Z,11,Hospital_5,121150
2026-03-18T19:16:35Z,11,Hospital_4,138250
2026-03-18T19:16:35Z,11,Hospital_3,121150
2026-03-18T19:16:35Z,11,Hospital_2,121150
2026-03-18T19:16:39Z,12,Hospital_5,138250
2026-03-18T19:16:39Z,12,Hospital_3,121150
2026-03-18T19:16:39Z,12,Hospital_4,121150
2026-03-18T19:16:39Z,12,Hospital_1,121150
2026-03-18T19:16:39Z,12,Hospital_2,121150
2026-03-18T19:16:44Z,13,Hospital_4,121150
2026-03-18T19:16:44Z,13,Hospital_2,121150
2026-03-18T19:16:44Z,13,Hospital_5,138250
2026-03-18T19:16:44Z,13,Hospital_3,121150
2026-03-18T19:16:44Z,13,Hospital_1,121138
2026-03-18T19:16:51Z,14,Hospital_1,121150
2026-03-18T19:16:51Z,14,Hospital_3,121150
2026-03-18T19:16:51Z,14,Hospital_4,138250
2026-03-18T19:16:51Z,14,Hospital_2,121150
2026-03-18T19:16:51Z,14,Hospital_5,121150
2026-03-18T19:16:56Z,15,Hospital_1,121138
2026-03-18T19:16:56Z,15,Hospital_5,121150
2026-03-18T19:16:56Z,15,Hospital_3,121150
2026-03-18T19:16:56Z,15,Hospital_4,121138
2026-03-18T19:16:56Z,15,Hospital_2,138250
2026-03-18T19:17:02Z,16,Hospital_5,121150
2026-03-18T19:17:02Z,16,Hospital_4,121150
2026-03-18T19:17:02Z,16,Hospital_1,121150
2026-03-18T19:17:02Z,16,Hospital_2,121138
2026-03-18T19:17:02Z,16,Hospital_3,138250
2026-03-18T19:17:08Z,17,Hospital_4,121150
2026-03-18T19:17:08Z,17,Hospital_3,121150
2026-03-18T19:17:08Z,17,Hospital_1,121150
2026-03-18T19:17:08Z,17,Hospital_2,121150
2026-03-18T19:17:08Z,17,Hospital_5,138250
2026-03-18T19:17:12Z,18,Hospital_1,121150
2026-03-18T19:17:12Z,18,Hospital_4,121150
2026-03-18T19:17:12Z,18,Hospital_5,121150
2026-03-18T19:17:12Z,18,Hospital_2,138250
2026-03-18T19:17:12Z,18,Hospital_3,121138
2026-03-18T19:17:17Z,19,Hospital_3,138250
2026-03-18T19:17:17Z,19,Hospital_2,121150
2026-03-18T19:17:17Z,19,Hospital_5,121150
2026-03-18T19:17:17Z,19,Hospital_4,121150
2026-03-18T19:17:17Z,19,Hospital_1,121150
2026-03-18T19:17:24Z,20,Hospital_5,138250
2026-03-18T19:17:24Z,20,Hospital_4,121138
2026-03-18T19:17:24Z,20,Hospital_1,121150
2026-03-18T19:17:24Z,20,Hospital_3,121150
2026-03-18T19:17:24Z,20,Hospital_2,121150
2026-03-18T19:17:29Z,21,Hospital_2,121150
2026-03-18T19:17:29Z,21,Hospital_4,138250
2026-03-18T19:17:29Z,21,Hospital_3,121150
2026-03-18T19:17:29Z,21,Hospital_5,121150
2026-03-18T19:17:29Z,21,Hospital_1,121150
2026-03-18T19:17:35Z,22,Hospital_2,121138
2026-03-18T19:17:35Z,22,Hospital_4,121150
2026-03-18T19:17:35Z,22,Hospital_1,121150
2026-03-18T19:17:35Z,22,Hospital_3,138250
2026-03-18T19:17:35Z,22,Hospital_5,121150
2026-03-18T19:17:41Z,23,Hospital_4,121150
2026-03-18T19:17:41Z,23,Hospital_5,121150
2026-03-18T19:17:41Z,23,Hospital_1,121150
2026-03-18T19:17:41Z,23,Hospital_2,138238
2026-03-18T19:17:41Z,23,Hospital_3,121150
2026-03-18T19:17:45Z,24,Hospital_5,121150
2026-03-18T19:17:45Z,24,Hospital_4,121150
2026-03-18T19:17:45Z,24,Hospital_3,138250
2026-03-18T19:17:45Z,24,Hospital_2,121150
2026-03-18T19:17:45Z,24,Hospital_1,121150
2026-03-18T19:17:50Z,25,Hospital_2,121150
2026-03-18T19:17:50Z,25,Hospital_1,121150
2026-03-18T19:17:50Z,25,Hospital_5,138250
2026-03-18T19:17:50Z,25,Hospital_3,121150
2026-03-18T19:17:50Z,25,Hospital_4,121150
2026-03-18T19:18:27Z,26,Hospital_2,121150
2026-03-18T19:18:27Z,26,Hospital_4,121150
2026-03-18T19:18:27Z,26,Hospital_3,121150
2026-03-18T19:18:27Z,26,Hospital_5,121138
2026-03-18T19:18:27Z,26,Hospital_1,138250
2026-03-18T19:18:33Z,27,Hospital_4,138250
2026-03-18T19:18:33Z,27,Hospital_2,121150
2026-03-18T19:18:33Z,27,Hospital_5,121150
2026-03-18T19:18:33Z,27,Hospital_3,121150
2026-03-18T19:18:33Z,27,Hospital_1,121138
2026-03-18T19:18:39Z,28,Hospital_3,121150
2026-03-18T19:18:39Z,28,Hospital_2,121150
2026-03-18T19:18:39Z,28,Hospital_1,121138
2026-03-18T19:18:39Z,28,Hospital_5,138250
2026-03-18T19:18:39Z,28,Hospital_4,121150
2026-03-18T19:18:44Z,29,Hospital_5,121150
2026-03-18T19:18:44Z,29,Hospital_4,121150
2026-03-18T19:18:44Z,29,Hospital_1,121150
2026-03-18T19:18:44Z,29,Hospital_2,121150
2026-03-18T19:18:44Z,29,Hospital_3,138250
2026-03-18T19:19:18Z,30,Hospital_2,138250
2026-03-18T19:19:18Z,30,Hospital_5,121138
2026-03-18T19:19:18Z,30,Hospital_3,121150
2026-03-18T19:19:18Z,30,Hospital_1,121150
2026-03-18T19:19:18Z,30,Hospital_4,121150
2026-03-18T19:21:14Z,1,Hospital_1,121150
2026-03-18T19:21:14Z,1,Hospital_4,138250
2026-03-18T19:21:14Z,1,Hospital_5,121150
2026-03-18T19:21:14Z,1,Hospital_3,121150
2026-03-18T19:21:14Z,1,Hospital_2,121150
2026-03-18T19:21:16Z,2,Hospital_4,138250
2026-03-18T19:21:16Z,2,Hospital_5,121150
2026-03-18T19:21:16Z,2,Hospital_1,121150
2026-03-18T19:21:16Z,2,Hospital_2,121150
2026-03-18T19:21:16Z,2,Hospital_3,121150
2026-03-18T19:21:18Z,3,Hospital_4,138250
2026-03-18T19:21:18Z,3,Hospital_1,121150
2026-03-18T19:21:18Z,3,Hospital_3,121150
2026-03-18T19:21:18Z,3,Hospital_5,121150
2026-03-18T19:21:18Z,3,Hospital_2,121150
2026-03-18T19:21:19Z,4,Hospital_2,121150
2026-03-18T19:21:19Z,4,Hospital_5,121150
2026-03-18T19:21:19Z,4,Hospital_4,138250
2026-03-18T19:21:19Z,4,Hospital_3,121138
2026-03-18T19:21:19Z,4,Hospital_1,121150
2026-03-18T19:21:21Z,5,Hospital_3,121150
2026-03-18T19:21:21Z,5,Hospital_5,121150
2026-03-18T19:21:21Z,5,Hospital_1,121150
2026-03-18T19:21:21Z,5,Hospital_2,121150
2026-03-18T19:21:21Z,5,Hospital_4,138250
2026-03-18T19:21:53Z,6,Hospital_2,121150
2026-03-18T19:21:53Z,6,Hospital_1,121138
2026-03-18T19:21:53Z,6,Hospital_3,121138
2026-03-18T19:21:53Z,6,Hospital_5,121150
2026-03-18T19:21:53Z,6,Hospital_4,138250
2026-03-18T19:21:55Z,7,Hospital_2,121150
2026-03-18T19:21:55Z,7,Hospital_3,121150
2026-03-18T19:21:55Z,7,Hospital_1,121138
2026-03-18T19:21:55Z,7,Hospital_5,121150
2026-03-18T19:21:55Z,7,Hospital_4,138250
2026-03-18T19:21:56Z,8,Hospital_4,121150
2026-03-18T19:21:56Z,8,Hospital_3,121150
2026-03-18T19:21:56Z,8,Hospital_1,121150
2026-03-18T19:21:56Z,8,Hospital_5,121150
2026-03-18T19:21:56Z,8,Hospital_2,138250
2026-03-18T19:21:58Z,9,Hospital_5,121150
2026-03-18T19:21:58Z,9,Hospital_3,121150
2026-03-18T19:21:58Z,9,Hospital_4,121150
2026-03-18T19:21:58Z,9,Hospital_1,121150
2026-03-18T19:21:58Z,9,Hospital_2,138238
2026-03-18T19:22:00Z,10,Hospital_3,121138
2026-03-18T19:22:00Z,10,Hospital_5,121150
2026-03-18T19:22:00Z,10,Hospital_4,138250
2026-03-18T19:22:00Z,10,Hospital_2,121150
2026-03-18T19:22:00Z,10,Hospital_1,121138
2026-03-18T19:22:32Z,11,Hospital_1,121138
2026-03-18T19:22:32Z,11,Hospital_4,138250
2026-03-18T19:22:32Z,11,Hospital_5,121150
2026-03-18T19:22:32Z,11,Hospital_2,121150
2026-03-18T19:22:32Z,11,Hospital_3,121150
2026-03-18T19:22:34Z,12,Hospital_1,121150
2026-03-18T19:22:34Z,12,Hospital_3,121150
2026-03-18T19:22:34Z,12,Hospital_2,121150
2026-03-18T19:22:34Z,12,Hospital_4,138238
2026-03-18T19:22:34Z,12,Hospital_5,121150
2026-03-18T19:22:36Z,13,Hospital_3,121138
2026-03-18T19:22:36Z,13,Hospital_2,121150
2026-03-18T19:22:36Z,13,Hospital_5,138238
2026-03-18T19:22:36Z,13,Hospital_4,121150
2026-03-18T19:22:36Z,13,Hospital_1,121150
2026-03-18T19:22:38Z,14,Hospital_3,121150
2026-03-18T19:22:38Z,14,Hospital_5,121138
2026-03-18T19:22:38Z,14,Hospital_1,121150
2026-03-18T19:22:38Z,14,Hospital_4,138250
2026-03-18T19:22:38Z,14,Hospital_2,121150
2026-03-18T19:23:09Z,15,Hospital_2,121150
2026-03-18T19:23:09Z,15,Hospital_3,121150
2026-03-18T19:23:09Z,15,Hospital_1,121150
2026-03-18T19:23:09Z,15,Hospital_4,138250
2026-03-18T19:23:09Z,15,Hospital_5,121150
2026-03-18T19:23:42Z,16,Hospital_3,121150
2026-03-18T19:23:42Z,16,Hospital_5,121150
2026-03-18T19:23:42Z,16,Hospital_1,121138
2026-03-18T19:23:42Z,16,Hospital_2,121150
2026-03-18T19:23:42Z,16,Hospital_4,138250
2026-03-18T19:23:44Z,17,Hospital_4,138250
2026-03-18T19:23:44Z,17,Hospital_5,121150
2026-03-18T19:23:44Z,17,Hospital_3,121150
2026-03-18T19:23:44Z,17,Hospital_1,121150
2026-03-18T19:23:44Z,17,Hospital_2,121150
2026-03-18T19:23:45Z,18,Hospital_5,121138
2026-03-18T19:23:45Z,18,Hospital_2,121150
2026-03-18T19:23:45Z,18,Hospital_4,138250
2026-03-18T19:23:45Z,18,Hospital_1,121150
2026-03-18T19:23:45Z,18,Hospital_3,121150
2026-03-18T19:23:47Z,19,Hospital_2,121150
2026-03-18T19:23:47Z,19,Hospital_4,121138
2026-03-18T19:23:47Z,19,Hospital_1,121150
2026-03-18T19:23:47Z,19,Hospital_5,138250
2026-03-18T19:23:47Z,19,Hospital_3,121150
2026-03-18T19:23:48Z,20,Hospital_5,121150
2026-03-18T19:23:48Z,20,Hospital_3,121138
2026-03-18T19:23:48Z,20,Hospital_4,138250
2026-03-18T19:23:48Z,20,Hospital_2,121150
2026-03-18T19:23:48Z,20,Hospital_1,121150
2026-03-18T19:24:20Z,21,Hospital_2,121150
2026-03-18T19:24:20Z,21,Hospital_3,121138
2026-03-18T19:24:20Z,21,Hospital_1,121150
2026-03-18T19:24:20Z,21,Hospital_5,121150
2026-03-18T19:24:20Z,21,Hospital_4,138238
2026-03-18T19:24:22Z,22,Hospital_5,121150
2026-03-18T19:24:22Z,22,Hospital_1,121150
2026-03-18T19:24:22Z,22,Hospital_2,138250
2026-03-18T19:24:22Z,22,Hospital_3,121150
2026-03-18T19:24:22Z,22,Hospital_4,121150
2026-03-18T19:24:23Z,23,Hospital_2,121150
2026-03-18T19:24:23Z,23,Hospital_3,121150
2026-03-18T19:24:23Z,23,Hospital_4,138250
2026-03-18T19:24:23Z,23,Hospital_1,121150
2026-03-18T19:24:23Z,23,Hospital_5,121150
2026-03-18T19:24:25Z,24,Hospital_1,138250
2026-03-18T19:24:25Z,24,Hospital_3,121150
2026-03-18T19:24:25Z,24,Hospital_5,121150
2026-03-18T19:24:25Z,24,Hospital_4,121150
2026-03-18T19:24:25Z,24,Hospital_2,121150
2026-03-18T19:24:27Z,25,Hospital_4,121150
2026-03-18T19:24:27Z,25,Hospital_1,121150
2026-03-18T19:24:27Z,25,Hospital_3,138250
2026-03-18T19:24:27Z,25,Hospital_5,121150
2026-03-18T19:24:27Z,25,Hospital_2,121150
2026-03-18T19:24:28Z,26,Hospital_3,121150
2026-03-18T19:24:28Z,26,Hospital_4,138250
2026-03-18T19:24:28Z,26,Hospital_5,121150
2026-03-18T19:24:28Z,26,Hospital_1,121150
2026-03-18T19:24:28Z,26,Hospital_2,121150
2026-03-18T19:24:32Z,27,Hospital_2,121150
2026-03-18T19:24:32Z,27,Hospital_4,138250
2026-03-18T19:24:32Z,27,Hospital_1,121150
2026-03-18T19:24:32Z,27,Hospital_5,121150
2026-03-18T19:24:35Z,28,Hospital_3,121150
2026-03-18T19:24:35Z,28,Hospital_4,138250
2026-03-18T19:24:35Z,28,Hospital_1,121150
2026-03-18T19:24:35Z,28,Hospital_2,121150
2026-03-18T19:24:35Z,28,Hospital_5,121150
2026-03-18T19:24:37Z,29,Hospital_4,121150
2026-03-18T19:24:37Z,29,Hospital_5,138250
2026-03-18T19:24:37Z,29,Hospital_3,121150
2026-03-18T19:24:37Z,29,Hospital_2,121150
2026-03-18T19:24:37Z,29,Hospital_1,121150
2026-03-18T19:24:39Z,30,Hospital_3,121150
2026-03-18T19:24:39Z,30,Hospital_2,121150
2026-03-18T19:24:39Z,30,Hospital_1,138250
2026-03-18T19:24:39Z,30,Hospital_4,121150
2026-03-18T19:24:39Z,30,Hospital_5,121150
2026-03-18T19:24:40Z,31,Hospital_1,121150
2026-03-18T19:24:40Z,31,Hospital_4,138238
2026-03-18T19:24:40Z,31,Hospital_5,121138
2026-03-18T19:24:40Z,31,Hospital_3,121150
2026-03-18T19:24:40Z,31,Hospital_2,121150
2026-03-18T19:24:42Z,32,Hospital_1,121138
2026-03-18T19:24:42Z,32,Hospital_3,121150
2026-03-18T19:24:42Z,32,Hospital_2,121150
2026-03-18T19:24:42Z,32,Hospital_4,138250
2026-03-18T19:24:42Z,32,Hospital_5,121150
2026-03-18T19:24:43Z,33,Hospital_1,121150
2026-03-18T19:24:43Z,33,Hospital_4,138250
2026-03-18T19:24:43Z,33,Hospital_2,121150
2026-03-18T19:24:43Z,33,Hospital_5,121150
2026-03-18T19:24:43Z,33,Hospital_3,121150
2026-03-18T19:24:45Z,34,Hospital_4,138250
2026-03-18T19:24:45Z,34,Hospital_1,121150
2026-03-18T19:24:45Z,34,Hospital_2,121150
2026-03-18T19:24:45Z,34,Hospital_5,121150
2026-03-18T19:24:45Z,34,Hospital_3,121150
2026-03-18T19:24:48Z,35,Hospital_4,138250
2026-03-18T19:24:48Z,35,Hospital_5,121150
2026-03-18T19:24:48Z,35,Hospital_3,121150
2026-03-18T19:24:48Z,35,Hospital_1,121150
2026-03-18T19:24:48Z,35,Hospital_2,121150
2026-03-18T19:24:50Z,36,Hospital_3,121150
2026-03-18T19:24:50Z,36,Hospital_4,138250
2026-03-18T19:24:50Z,36,Hospital_1,121150
2026-03-18T19:24:50Z,36,Hospital_2,121150
2026-03-18T19:24:50Z,36,Hospital_5,121150
2026-03-18T19:24:52Z,37,Hospital_1,121150
2026-03-18T19:24:52Z,37,Hospital_2,121150
2026-03-18T19:24:52Z,37,Hospital_3,121138
2026-03-18T19:24:52Z,37,Hospital_4,138250
2026-03-18T19:24:52Z,37,Hospital_5,121150
2026-03-18T19:24:53Z,38,Hospital_1,121150
2026-03-18T19:24:53Z,38,Hospital_5,138250
2026-03-18T19:24:53Z,38,Hospital_3,121150
2026-03-18T19:24:53Z,38,Hospital_4,121150
2026-03-18T19:24:53Z,38,Hospital_2,121150
2026-03-18T19:24:55Z,39,Hospital_1,121150
2026-03-18T19:24:55Z,39,Hospital_4,121150
2026-03-18T19:24:55Z,39,Hospital_2,121150
2026-03-18T19:24:55Z,39,Hospital_3,138250
2026-03-18T19:24:55Z,39,Hospital_5,121150
2026-03-18T19:24:57Z,40,Hospital_5,121150
2026-03-18T19:24:57Z,40,Hospital_3,121150
2026-03-18T19:24:57Z,40,Hospital_2,121150
2026-03-18T19:24:57Z,40,Hospital_1,121150
2026-03-18T19:24:57Z,40,Hospital_4,138250
2026-03-18T19:24:58Z,41,Hospital_2,121150
2026-03-18T19:24:58Z,41,Hospital_3,121150
2026-03-18T19:24:58Z,41,Hospital_4,138250
2026-03-18T19:24:58Z,41,Hospital_1,121150
2026-03-18T19:24:58Z,41,Hospital_5,121150
2026-03-18T19:25:00Z,42,Hospital_4,121150
2026-03-18T19:25:00Z,42,Hospital_3,121150
2026-03-18T19:25:00Z,42,Hospital_1,121150
2026-03-18T19:25:00Z,42,Hospital_2,121150
2026-03-18T19:25:00Z,42,Hospital_5,138250
2026-03-18T19:25:02Z,43,Hospital_2,121150
2026-03-18T19:25:02Z,43,Hospital_1,121150
2026-03-18T19:25:02Z,43,Hospital_5,121150
2026-03-18T19:25:02Z,43,Hospital_3,121150
2026-03-18T19:25:02Z,43,Hospital_4,138250
2026-03-18T19:25:05Z,44,Hospital_5,121150
2026-03-18T19:25:05Z,44,Hospital_3,121150
2026-03-18T19:25:05Z,44,Hospital_1,121150
2026-03-18T19:25:05Z,44,Hospital_4,138250
2026-03-18T19:25:05Z,44,Hospital_2,121150
2026-03-18T19:25:07Z,45,Hospital_1,121150
2026-03-18T19:25:07Z,45,Hospital_3,121150
2026-03-18T19:25:07Z,45,Hospital_5,121150
2026-03-18T19:25:07Z,45,Hospital_2,121138
2026-03-18T19:25:07Z,45,Hospital_4,138250
2026-03-18T19:25:09Z,46,Hospital_5,121150
2026-03-18T19:25:09Z,46,Hospital_2,121150
2026-03-18T19:25:09Z,46,Hospital_4,138250
2026-03-18T19:25:09Z,46,Hospital_1,121150
2026-03-18T19:25:09Z,46,Hospital_3,121150
2026-03-18T19:25:11Z,47,Hospital_2,121138
2026-03-18T19:25:11Z,47,Hospital_4,138250
2026-03-18T19:25:11Z,47,Hospital_3,121150
2026-03-18T19:25:11Z,47,Hospital_1,121150
2026-03-18T19:25:11Z,47,Hospital_5,121150
2026-03-18T19:25:13Z,48,Hospital_5,121150
2026-03-18T19:25:13Z,48,Hospital_2,121150
2026-03-18T19:25:13Z,48,Hospital_3,121150
2026-03-18T19:25:13Z,48,Hospital_1,121150
2026-03-18T19:25:13Z,48,Hospital_4,138250
2026-03-18T19:25:14Z,49,Hospital_2,121150
2026-03-18T19:25:14Z,49,Hospital_5,121150
2026-03-18T19:25:14Z,49,Hospital_4,138250
2026-03-18T19:25:14Z,49,Hospital_1,121150
2026-03-18T19:25:14Z,49,Hospital_3,121150
2026-03-18T19:25:16Z,50,Hospital_1,121138
2026-03-18T19:25:16Z,50,Hospital_5,121150
2026-03-18T19:25:16Z,50,Hospital_3,121150
2026-03-18T19:25:16Z,50,Hospital_2,121150
2026-03-18T19:25:16Z,50,Hospital_4,138250
2026-03-18T19:25:17Z,51,Hospital_5,138250
2026-03-18T19:25:17Z,51,Hospital_1,121150
2026-03-18T19:25:17Z,51,Hospital_4,121150
2026-03-18T19:25:17Z,51,Hospital_2,121138
2026-03-18T19:25:17Z,51,Hospital_3,121138
2026-03-18T19:25:20Z,52,Hospital_4,138250
2026-03-18T19:25:20Z,52,Hospital_2,121150
2026-03-18T19:25:20Z,52,Hospital_1,121138
2026-03-18T19:25:20Z,52,Hospital_3,121150
2026-03-18T19:25:20Z,52,Hospital_5,121150
2026-03-18T19:25:22Z,53,Hospital_2,121150
2026-03-18T19:25:22Z,53,Hospital_4,138250
2026-03-18T19:25:22Z,53,Hospital_3,121150
2026-03-18T19:25:22Z,53,Hospital_5,121150
2026-03-18T19:25:22Z,53,Hospital_1,121150
2026-03-18T19:25:24Z,54,Hospital_4,121150
2026-03-18T19:25:24Z,54,Hospital_3,121150
2026-03-18T19:25:24Z,54,Hospital_1,138250
2026-03-18T19:25:24Z,54,Hospital_5,121150
2026-03-18T19:25:24Z,54,Hospital_2,121150
2026-03-18T19:25:26Z,55,Hospital_2,121150
2026-03-18T19:25:26Z,55,Hospital_3,138250
2026-03-18T19:25:26Z,55,Hospital_4,121150
2026-03-18T19:25:26Z,55,Hospital_1,121150
2026-03-18T19:25:26Z,55,Hospital_5,121150
2026-03-18T19:25:58Z,56,Hospital_5,121150
2026-03-18T19:25:58Z,56,Hospital_1,121150
2026-03-18T19:25:58Z,56,Hospital_4,138250
2026-03-18T19:25:58Z,56,Hospital_2,121150
2026-03-18T19:25:58Z,56,Hospital_3,121150
2026-03-18T19:25:59Z,57,Hospital_2,121138
2026-03-18T19:25:59Z,57,Hospital_5,121150
2026-03-18T19:25:59Z,57,Hospital_1,121150
2026-03-18T19:25:59Z,57,Hospital_4,121150
2026-03-18T19:25:59Z,57,Hospital_3,138250
2026-03-18T19:26:02Z,58,Hospital_4,138250
2026-03-18T19:26:02Z,58,Hospital_5,121150
2026-03-18T19:26:02Z,58,Hospital_3,121150
2026-03-18T19:26:02Z,58,Hospital_1,121138
2026-03-18T19:26:02Z,58,Hospital_2,121150
2026-03-18T19:26:05Z,59,Hospital_2,121150
2026-03-18T19:26:05Z,59,Hospital_3,121150
2026-03-18T19:26:05Z,59,Hospital_4,138250
2026-03-18T19:26:05Z,59,Hospital_1,121138
2026-03-18T19:26:05Z,59,Hospital_5,121150
2026-03-18T19:26:07Z,60,Hospital_2,121150
2026-03-18T19:26:07Z,60,Hospital_5,138250
2026-03-18T19:26:07Z,60,Hospital_4,121150
2026-03-18T19:26:07Z,60,Hospital_3,121150
2026-03-18T19:26:07Z,60,Hospital_1,121138
2026-03-18T19:26:08Z,61,Hospital_5,121150
2026-03-18T19:26:08Z,61,Hospital_1,121150
2026-03-18T19:26:08Z,61,Hospital_3,121150
2026-03-18T19:26:08Z,61,Hospital_2,138250
2026-03-18T19:26:08Z,61,Hospital_4,121150
2026-03-18T19:26:10Z,62,Hospital_1,121150
2026-03-18T19:26:10Z,62,Hospital_2,121150
2026-03-18T19:26:10Z,62,Hospital_5,138250
2026-03-18T19:26:10Z,62,Hospital_3,121150
2026-03-18T19:26:10Z,62,Hospital_4,121150
2026-03-18T19:26:12Z,63,Hospital_4,121150
2026-03-18T19:26:12Z,63,Hospital_1,121150
2026-03-18T19:26:12Z,63,Hospital_2,121150
2026-03-18T19:26:12Z,63,Hospital_5,138250
2026-03-18T19:26:12Z,63,Hospital_3,121138
2026-03-18T19:26:13Z,64,Hospital_3,121150
2026-03-18T19:26:13Z,64,Hospital_1,121150
2026-03-18T19:26:13Z,64,Hospital_5,121150
2026-03-18T19:26:13Z,64,Hospital_4,138250
2026-03-18T19:26:13Z,64,Hospital_2,121150
2026-03-18T19:26:15Z,65,Hospital_1,121150
2026-03-18T19:26:15Z,65,Hospital_3,121150
2026-03-18T19:26:15Z,65,Hospital_5,121138
2026-03-18T19:26:15Z,65,Hospital_2,121138
2026-03-18T19:26:15Z,65,Hospital_4,138250
2026-03-18T19:26:17Z,66,Hospital_3,121150
2026-03-18T19:26:17Z,66,Hospital_4,138250
2026-03-18T19:26:17Z,66,Hospital_2,121150
2026-03-18T19:26:17Z,66,Hospital_5,121150
2026-03-18T19:26:17Z,66,Hospital_1,121150
2026-03-18T19:26:19Z,67,Hospital_3,121150
2026-03-18T19:26:19Z,67,Hospital_4,138250
2026-03-18T19:26:19Z,67,Hospital_5,121150
2026-03-18T19:26:19Z,67,Hospital_1,121150
2026-03-18T19:26:19Z,67,Hospital_2,121150
2026-03-18T19:26:22Z,68,Hospital_4,138250
2026-03-18T19:26:22Z,68,Hospital_2,121138
2026-03-18T19:26:22Z,68,Hospital_1,121150
2026-03-18T19:26:22Z,68,Hospital_3,121150
2026-03-18T19:26:22Z,68,Hospital_5,121150
2026-03-18T19:26:23Z,69,Hospital_2,138250
2026-03-18T19:26:23Z,69,Hospital_4,121150
2026-03-18T19:26:23Z,69,Hospital_5,121150
2026-03-18T19:26:23Z,69,Hospital_1,121150
2026-03-18T19:26:23Z,69,Hospital_3,121126
2026-03-18T19:26:25Z,70,Hospital_5,138250
2026-03-18T19:26:25Z,70,Hospital_1,121150
2026-03-18T19:26:25Z,70,Hospital_4,121150
2026-03-18T19:26:25Z,70,Hospital_2,121150
2026-03-18T19:26:25Z,70,Hospital_3,121150
2026-03-18T19:26:56Z,71,Hospital_3,121150
2026-03-18T19:26:56Z,71,Hospital_5,121150
2026-03-18T19:26:56Z,71,Hospital_4,121150
2026-03-18T19:26:56Z,71,Hospital_1,121150
2026-03-18T19:26:56Z,71,Hospital_2,138250
2026-03-18T19:26:58Z,72,Hospital_2,121150
2026-03-18T19:26:58Z,72,Hospital_3,121150
2026-03-18T19:26:58Z,72,Hospital_5,121150
2026-03-18T19:26:58Z,72,Hospital_4,121138
2026-03-18T19:26:58Z,72,Hospital_1,138250
2026-03-18T19:27:01Z,73,Hospital_3,121150
2026-03-18T19:27:01Z,73,Hospital_4,121138
2026-03-18T19:27:01Z,73,Hospital_1,121150
2026-03-18T19:27:01Z,73,Hospital_5,138238
2026-03-18T19:27:01Z,73,Hospital_2,121150
2026-03-18T19:27:03Z,74,Hospital_4,138250
2026-03-18T19:27:03Z,74,Hospital_1,121150
2026-03-18T19:27:03Z,74,Hospital_3,121150
2026-03-18T19:27:03Z,74,Hospital_5,121150
2026-03-18T19:27:03Z,74,Hospital_2,121150
2026-03-18T19:27:06Z,75,Hospital_3,121150
2026-03-18T19:27:06Z,75,Hospital_5,121150
2026-03-18T19:27:06Z,75,Hospital_1,121150
2026-03-18T19:27:06Z,75,Hospital_4,138250
2026-03-18T19:27:06Z,75,Hospital_2,121150
2026-03-18T19:27:07Z,76,Hospital_1,121150
2026-03-18T19:27:07Z,76,Hospital_5,121150
2026-03-18T19:27:07Z,76,Hospital_4,138250
2026-03-18T19:27:07Z,76,Hospital_2,121150
2026-03-18T19:27:07Z,76,Hospital_3,121150
2026-03-18T19:27:09Z,77,Hospital_2,121150
2026-03-18T19:27:09Z,77,Hospital_4,138250
2026-03-18T19:27:09Z,77,Hospital_1,121150
2026-03-18T19:27:09Z,77,Hospital_3,121138
2026-03-18T19:27:09Z,77,Hospital_5,121150
2026-03-18T19:27:11Z,78,Hospital_5,121150
2026-03-18T19:27:11Z,78,Hospital_4,138250
2026-03-18T19:27:11Z,78,Hospital_1,121150
2026-03-18T19:27:11Z,78,Hospital_3,121150
2026-03-18T19:27:11Z,78,Hospital_2,121150
2026-03-18T19:27:12Z,79,Hospital_2,121150
2026-03-18T19:27:12Z,79,Hospital_1,138250
2026-03-18T19:27:12Z,79,Hospital_5,121150
2026-03-18T19:27:12Z,79,Hospital_3,121150
2026-03-18T19:27:12Z,79,Hospital_4,121150
2026-03-18T19:27:14Z,80,Hospital_2,121138
2026-03-18T19:27:14Z,80,Hospital_3,121150
2026-03-18T19:27:14Z,80,Hospital_4,138250
2026-03-18T19:27:14Z,80,Hospital_1,121150
2026-03-18T19:27:14Z,80,Hospital_5,121150
2026-03-18T19:27:16Z,81,Hospital_3,121150
2026-03-18T19:27:16Z,81,Hospital_1,121150
2026-03-18T19:27:16Z,81,Hospital_2,121138
2026-03-18T19:27:16Z,81,Hospital_4,138238
2026-03-18T19:27:16Z,81,Hospital_5,121150
2026-03-18T19:27:18Z,82,Hospital_4,138250
2026-03-18T19:27:18Z,82,Hospital_5,121150
2026-03-18T19:27:18Z,82,Hospital_2,121150
2026-03-18T19:27:18Z,82,Hospital_1,121150
2026-03-18T19:27:18Z,82,Hospital_3,121150
2026-03-18T19:27:20Z,83,Hospital_5,121150
2026-03-18T19:27:20Z,83,Hospital_1,121150
2026-03-18T19:27:20Z,83,Hospital_2,121138
2026-03-18T19:27:20Z,83,Hospital_3,121150
2026-03-18T19:27:20Z,83,Hospital_4,138250
2026-03-18T19:27:22Z,84,Hospital_2,121150
2026-03-18T19:27:22Z,84,Hospital_3,121150
2026-03-18T19:27:22Z,84,Hospital_4,121150
2026-03-18T19:27:22Z,84,Hospital_5,138250
2026-03-18T19:27:22Z,84,Hospital_1,121150
2026-03-18T19:27:24Z,85,Hospital_3,121150
2026-03-18T19:27:24Z,85,Hospital_2,121150
2026-03-18T19:27:24Z,85,Hospital_4,138250
2026-03-18T19:27:24Z,85,Hospital_5,121150
2026-03-18T19:27:24Z,85,Hospital_1,121150
2026-03-18T19:27:26Z,86,Hospital_3,138250
2026-03-18T19:27:26Z,86,Hospital_4,121150
2026-03-18T19:27:26Z,86,Hospital_5,121150
2026-03-18T19:27:26Z,86,Hospital_1,121150
2026-03-18T19:27:26Z,86,Hospital_2,121150
2026-03-18T19:27:28Z,87,Hospital_1,121150
2026-03-18T19:27:28Z,87,Hospital_2,121150
2026-03-18T19:27:28Z,87,Hospital_5,121150
2026-03-18T19:27:28Z,87,Hospital_4,138250
2026-03-18T19:27:28Z,87,Hospital_3,121150
2026-03-18T19:27:29Z,88,Hospital_5,121138
2026-03-18T19:27:29Z,88,Hospital_1,121150
2026-03-18T19:27:29Z,88,Hospital_4,138250
2026-03-18T19:27:29Z,88,Hospital_2,121150
2026-03-18T19:27:29Z,88,Hospital_3,121150
2026-03-18T19:27:31Z,89,Hospital_3,121150
2026-03-18T19:27:31Z,89,Hospital_1,138250
2026-03-18T19:27:31Z,89,Hospital_4,121150
2026-03-18T19:27:31Z,89,Hospital_2,121138
2026-03-18T19:27:31Z,89,Hospital_5,121150
2026-03-18T19:27:33Z,90,Hospital_1,121150
2026-03-18T19:27:33Z,90,Hospital_3,121150
2026-03-18T19:27:33Z,90,Hospital_2,121150
2026-03-18T19:27:33Z,90,Hospital_5,138250
2026-03-18T19:27:33Z,90,Hospital_4,121150
2026-03-18T19:27:35Z,91,Hospital_4,138250
2026-03-18T19:27:35Z,91,Hospital_5,121126
2026-03-18T19:27:35Z,91,Hospital_2,121150
2026-03-18T19:27:35Z,91,Hospital_3,121150
2026-03-18T19:27:35Z,91,Hospital_1,121150
2026-03-18T19:27:37Z,92,Hospital_3,121138
2026-03-18T19:27:37Z,92,Hospital_5,121150
2026-03-18T19:27:37Z,92,Hospital_2,121150
2026-03-18T19:27:37Z,92,Hospital_1,121138
2026-03-18T19:27:37Z,92,Hospital_4,138250
2026-03-18T19:27:39Z,93,Hospital_4,121150
2026-03-18T19:27:39Z,93,Hospital_1,121150
2026-03-18T19:27:39Z,93,Hospital_5,138250
2026-03-18T19:27:39Z,93,Hospital_2,121150
2026-03-18T19:27:39Z,93,Hospital_3,121138
2026-03-18T19:27:41Z,94,Hospital_1,138250
2026-03-18T19:27:41Z,94,Hospital_5,121150
2026-03-18T19:27:41Z,94,Hospital_4,121150
2026-03-18T19:27:41Z,94,Hospital_3,121150
2026-03-18T19:27:41Z,94,Hospital_2,121150
2026-03-18T19:28:12Z,95,Hospital_4,121150
2026-03-18T19:28:12Z,95,Hospital_5,121150
2026-03-18T19:28:12Z,95,Hospital_1,121150
2026-03-18T19:28:12Z,95,Hospital_3,138250
2026-03-18T19:28:12Z,95,Hospital_2,121138
2026-03-18T19:28:14Z,96,Hospital_3,121150
2026-03-18T19:28:14Z,96,Hospital_1,121150
2026-03-18T19:28:14Z,96,Hospital_5,121150
2026-03-18T19:28:14Z,96,Hospital_4,121150
2026-03-18T19:28:14Z,96,Hospital_2,138250
2026-03-18T19:28:16Z,97,Hospital_3,121150
2026-03-18T19:28:16Z,97,Hospital_1,121150
2026-03-18T19:28:16Z,97,Hospital_2,121150
2026-03-18T19:28:16Z,97,Hospital_4,138250
2026-03-18T19:28:16Z,97,Hospital_5,121150
2026-03-18T19:28:19Z,98,Hospital_2,121150
2026-03-18T19:28:19Z,98,Hospital_1,121150
2026-03-18T19:28:19Z,98,Hospital_4,138250
2026-03-18T19:28:19Z,98,Hospital_3,121150
2026-03-18T19:28:19Z,98,Hospital_5,121150
2026-03-18T19:28:21Z,99,Hospital_2,138250
2026-03-18T19:28:21Z,99,Hospital_3,121150
2026-03-18T19:28:21Z,99,Hospital_4,121150
2026-03-18T19:28:21Z,99,Hospital_5,121150
2026-03-18T19:28:21Z,99,Hospital_1,121150
2026-03-18T19:28:23Z,100,Hospital_3,121150
2026-03-18T19:28:23Z,100,Hospital_5,138250
2026-03-18T19:28:23Z,100,Hospital_2,121150
2026-03-18T19:28:23Z,100,Hospital_4,121150
2026-03-18T19:28:23Z,100,Hospital_1,121150
2026-03-18T19:29:59Z,1,Hospital_3,121150
2026-03-18T19:29:59Z,1,Hospital_2,121150
2026-03-18T19:29:59Z,1,Hospital_4,138250
2026-03-18T19:29:59Z,1,Hospital_1,121150
2026-03-18T19:29:59Z,1,Hospital_5,121150
2026-03-18T19:30:31Z,2,Hospital_4,138250
2026-03-18T19:30:31Z,2,Hospital_2,121150
2026-03-18T19:30:31Z,2,Hospital_3,121150
2026-03-18T19:30:31Z,2,Hospital_5,121150
2026-03-18T19:30:31Z,2,Hospital_1,121150
2026-03-18T19:30:33Z,3,Hospital_5,121150
2026-03-18T19:30:33Z,3,Hospital_4,138250
2026-03-18T19:30:33Z,3,Hospital_1,121150
2026-03-18T19:30:33Z,3,Hospital_3,121150
2026-03-18T19:30:33Z,3,Hospital_2,121150
2026-03-18T19:30:35Z,4,Hospital_1,121150
2026-03-18T19:30:35Z,4,Hospital_3,121150
2026-03-18T19:30:35Z,4,Hospital_2,121150
2026-03-18T19:30:35Z,4,Hospital_4,138238
2026-03-18T19:30:35Z,4,Hospital_5,121150
2026-03-18T19:30:38Z,5,Hospital_1,121150
2026-03-18T19:30:38Z,5,Hospital_5,121150
2026-03-18T19:30:38Z,5,Hospital_3,121150
2026-03-18T19:30:38Z,5,Hospital_2,121150
2026-03-18T19:30:38Z,5,Hospital_4,138238
2026-03-18T19:30:41Z,6,Hospital_1,121150
2026-03-18T19:30:41Z,6,Hospital_4,138250
2026-03-18T19:30:41Z,6,Hospital_5,121138
2026-03-18T19:30:41Z,6,Hospital_3,121150
2026-03-18T19:30:41Z,6,Hospital_2,121150
2026-03-18T19:30:43Z,7,Hospital_3,121150
2026-03-18T19:30:43Z,7,Hospital_4,138250
2026-03-18T19:30:43Z,7,Hospital_2,121150
2026-03-18T19:30:43Z,7,Hospital_1,121138
2026-03-18T19:30:43Z,7,Hospital_5,121138
2026-03-18T19:30:45Z,8,Hospital_5,121150
2026-03-18T19:30:45Z,8,Hospital_3,121150
2026-03-18T19:30:45Z,8,Hospital_1,121150
2026-03-18T19:30:45Z,8,Hospital_2,121150
2026-03-18T19:30:45Z,8,Hospital_4,138250
2026-03-18T19:30:47Z,9,Hospital_1,121150
2026-03-18T19:30:47Z,9,Hospital_2,121150
2026-03-18T19:30:47Z,9,Hospital_5,121150
2026-03-18T19:30:47Z,9,Hospital_3,121150
2026-03-18T19:30:47Z,9,Hospital_4,138250
2026-03-18T19:30:50Z,10,Hospital_4,138238
2026-03-18T19:30:50Z,10,Hospital_1,121126
2026-03-18T19:30:50Z,10,Hospital_3,121150
2026-03-18T19:30:50Z,10,Hospital_5,121150
2026-03-18T19:30:50Z,10,Hospital_2,121150
2026-03-18T19:30:52Z,11,Hospital_3,121150
2026-03-18T19:30:52Z,11,Hospital_5,121150
2026-03-18T19:30:52Z,11,Hospital_4,138250
2026-03-18T19:30:52Z,11,Hospital_2,121150
2026-03-18T19:30:52Z,11,Hospital_1,121150
2026-03-18T19:30:56Z,12,Hospital_5,121150
2026-03-18T19:30:56Z,12,Hospital_4,138238
2026-03-18T19:30:56Z,12,Hospital_3,121150
2026-03-18T19:30:56Z,12,Hospital_2,121150
2026-03-18T19:30:56Z,12,Hospital_1,121150
2026-03-18T19:30:59Z,13,Hospital_3,121150
2026-03-18T19:30:59Z,13,Hospital_2,121150
2026-03-18T19:30:59Z,13,Hospital_1,121150
2026-03-18T19:30:59Z,13,Hospital_5,121150
2026-03-18T19:30:59Z,13,Hospital_4,138250
2026-03-18T19:31:00Z,14,Hospital_2,121150
2026-03-18T19:31:00Z,14,Hospital_5,121150
2026-03-18T19:31:00Z,14,Hospital_3,121126
2026-03-18T19:31:00Z,14,Hospital_1,121150
2026-03-18T19:31:00Z,14,Hospital_4,138238
2026-03-18T19:31:02Z,15,Hospital_5,121150
2026-03-18T19:31:02Z,15,Hospital_4,138250
2026-03-18T19:31:02Z,15,Hospital_3,121138
2026-03-18T19:31:02Z,15,Hospital_1,121150
2026-03-18T19:31:02Z,15,Hospital_2,121150
2026-03-18T19:31:04Z,16,Hospital_3,121150
2026-03-18T19:31:04Z,16,Hospital_4,138250
2026-03-18T19:31:04Z,16,Hospital_1,121150
2026-03-18T19:31:04Z,16,Hospital_2,121150
2026-03-18T19:31:04Z,16,Hospital_5,121150
2026-03-18T19:31:06Z,17,Hospital_5,121150
2026-03-18T19:31:06Z,17,Hospital_1,121150
2026-03-18T19:31:06Z,17,Hospital_3,121150
2026-03-18T19:31:06Z,17,Hospital_2,121150
2026-03-18T19:31:06Z,17,Hospital_4,138250
2026-03-18T19:31:08Z,18,Hospital_1,121150
2026-03-18T19:31:08Z,18,Hospital_5,121150
2026-03-18T19:31:08Z,18,Hospital_4,138238
2026-03-18T19:31:08Z,18,Hospital_2,121150
2026-03-18T19:31:08Z,18,Hospital_3,121150
2026-03-18T19:31:11Z,19,Hospital_5,121150
2026-03-18T19:31:11Z,19,Hospital_4,138250
2026-03-18T19:31:11Z,19,Hospital_3,121150
2026-03-18T19:31:11Z,19,Hospital_1,121150
2026-03-18T19:31:11Z,19,Hospital_2,121150
2026-03-18T19:31:14Z,20,Hospital_3,121150
2026-03-18T19:31:14Z,20,Hospital_2,121126
2026-03-18T19:31:14Z,20,Hospital_5,121150
2026-03-18T19:31:14Z,20,Hospital_4,138250
2026-03-18T19:31:14Z,20,Hospital_1,121150
2026-03-18T19:31:16Z,21,Hospital_4,138238
2026-03-18T19:31:16Z,21,Hospital_5,121138
2026-03-18T19:31:16Z,21,Hospital_2,121150
2026-03-18T19:31:16Z,21,Hospital_3,121150
2026-03-18T19:31:16Z,21,Hospital_1,121150
2026-03-18T19:31:18Z,22,Hospital_4,138250
2026-03-18T19:31:18Z,22,Hospital_1,121150
2026-03-18T19:31:18Z,22,Hospital_3,121150
2026-03-18T19:31:18Z,22,Hospital_2,121150
2026-03-18T19:31:18Z,22,Hospital_5,121150
2026-03-18T19:31:19Z,23,Hospital_4,121150
2026-03-18T19:31:19Z,23,Hospital_5,121150
2026-03-18T19:31:19Z,23,Hospital_2,121150
2026-03-18T19:31:19Z,23,Hospital_1,138250
2026-03-18T19:31:19Z,23,Hospital_3,121150
2026-03-18T19:31:21Z,24,Hospital_1,121150
2026-03-18T19:31:21Z,24,Hospital_4,138250
2026-03-18T19:31:21Z,24,Hospital_3,121150
2026-03-18T19:31:21Z,24,Hospital_2,121150
2026-03-18T19:31:21Z,24,Hospital_5,121138
2026-03-18T19:31:23Z,25,Hospital_5,121138
2026-03-18T19:31:23Z,25,Hospital_4,138250
2026-03-18T19:31:23Z,25,Hospital_3,121138
2026-03-18T19:31:23Z,25,Hospital_2,121138
2026-03-18T19:31:23Z,25,Hospital_1,121138
2026-03-18T19:31:26Z,26,Hospital_4,138250
2026-03-18T19:31:26Z,26,Hospital_5,121138
2026-03-18T19:31:26Z,26,Hospital_2,121150
2026-03-18T19:31:26Z,26,Hospital_1,121150
2026-03-18T19:31:26Z,26,Hospital_3,121150
2026-03-18T19:31:29Z,27,Hospital_2,121150
2026-03-18T19:31:29Z,27,Hospital_1,121150
2026-03-18T19:31:29Z,27,Hospital_5,121150
2026-03-18T19:31:29Z,27,Hospital_3,121138
2026-03-18T19:31:29Z,27,Hospital_4,138238
2026-03-18T19:31:31Z,28,Hospital_4,138250
2026-03-18T19:31:31Z,28,Hospital_1,121150
2026-03-18T19:31:31Z,28,Hospital_5,121150
2026-03-18T19:31:31Z,28,Hospital_2,121150
2026-03-18T19:31:31Z,28,Hospital_3,121150
2026-03-18T19:31:33Z,29,Hospital_3,121150
2026-03-18T19:31:33Z,29,Hospital_4,138250
2026-03-18T19:31:33Z,29,Hospital_1,121150
2026-03-18T19:31:33Z,29,Hospital_5,121150
2026-03-18T19:31:33Z,29,Hospital_2,121150
2026-03-18T19:31:35Z,30,Hospital_5,121150
2026-03-18T19:31:35Z,30,Hospital_1,121150
2026-03-18T19:31:35Z,30,Hospital_4,138250
2026-03-18T19:31:35Z,30,Hospital_3,121150
2026-03-18T19:31:35Z,30,Hospital_2,121138
2026-03-18T19:31:37Z,31,Hospital_2,121150
2026-03-18T19:31:37Z,31,Hospital_1,121138
2026-03-18T19:31:37Z,31,Hospital_3,121138
2026-03-18T19:31:37Z,31,Hospital_5,121150
2026-03-18T19:31:37Z,31,Hospital_4,138250
2026-03-18T19:31:39Z,32,Hospital_4,138250
2026-03-18T19:31:39Z,32,Hospital_2,121150
2026-03-18T19:31:39Z,32,Hospital_3,121150
2026-03-18T19:31:39Z,32,Hospital_5,121150
2026-03-18T19:31:39Z,32,Hospital_1,121150
2026-03-18T19:31:41Z,33,Hospital_5,121150
2026-03-18T19:31:41Z,33,Hospital_3,121150
2026-03-18T19:31:41Z,33,Hospital_1,121150
2026-03-18T19:31:41Z,33,Hospital_2,121150
2026-03-18T19:31:41Z,33,Hospital_4,138250
2026-03-18T19:32:14Z,34,Hospital_5,121150
2026-03-18T19:32:14Z,34,Hospital_1,121150
2026-03-18T19:32:14Z,34,Hospital_3,121150
2026-03-18T19:32:14Z,34,Hospital_2,121150
2026-03-18T19:32:14Z,34,Hospital_4,138250
2026-03-18T19:32:16Z,35,Hospital_3,121150
2026-03-18T19:32:16Z,35,Hospital_5,121150
2026-03-18T19:32:16Z,35,Hospital_1,121150
2026-03-18T19:32:16Z,35,Hospital_2,121150
2026-03-18T19:32:16Z,35,Hospital_4,138250
2026-03-18T19:32:18Z,36,Hospital_5,121150
2026-03-18T19:32:18Z,36,Hospital_1,121150
2026-03-18T19:32:18Z,36,Hospital_3,121138
2026-03-18T19:32:18Z,36,Hospital_2,121150
2026-03-18T19:32:18Z,36,Hospital_4,138250
2026-03-18T19:32:20Z,37,Hospital_3,121138
2026-03-18T19:32:20Z,37,Hospital_5,121150
2026-03-18T19:32:20Z,37,Hospital_1,121150
2026-03-18T19:32:20Z,37,Hospital_2,121150
2026-03-18T19:32:20Z,37,Hospital_4,138250
2026-03-18T19:32:21Z,38,Hospital_3,121150
2026-03-18T19:32:21Z,38,Hospital_5,121150
2026-03-18T19:32:21Z,38,Hospital_1,121150
2026-03-18T19:32:21Z,38,Hospital_2,121150
2026-03-18T19:32:21Z,38,Hospital_4,138250
2026-03-18T19:32:24Z,39,Hospital_3,121150
2026-03-18T19:32:24Z,39,Hospital_1,121150
2026-03-18T19:32:24Z,39,Hospital_4,138238
2026-03-18T19:32:24Z,39,Hospital_5,121138
2026-03-18T19:32:24Z,39,Hospital_2,121138
2026-03-18T19:32:28Z,40,Hospital_5,121150
2026-03-18T19:32:28Z,40,Hospital_3,121150
2026-03-18T19:32:28Z,40,Hospital_2,138250
2026-03-18T19:32:28Z,40,Hospital_4,121150
2026-03-18T19:32:28Z,40,Hospital_1,121150
2026-03-18T19:32:30Z,41,Hospital_1,121150
2026-03-18T19:32:30Z,41,Hospital_2,121150
2026-03-18T19:32:30Z,41,Hospital_3,121150
2026-03-18T19:32:30Z,41,Hospital_5,121150
2026-03-18T19:32:30Z,41,Hospital_4,138250
2026-03-18T19:32:32Z,42,Hospital_2,121150
2026-03-18T19:32:32Z,42,Hospital_1,121150
2026-03-18T19:32:32Z,42,Hospital_5,121150
2026-03-18T19:32:32Z,42,Hospital_4,138250
2026-03-18T19:32:32Z,42,Hospital_3,121150
2026-03-18T19:32:34Z,43,Hospital_4,138250
2026-03-18T19:32:34Z,43,Hospital_2,121150
2026-03-18T19:32:34Z,43,Hospital_5,121150
2026-03-18T19:32:34Z,43,Hospital_3,121150
2026-03-18T19:32:34Z,43,Hospital_1,121150
2026-03-18T19:32:36Z,44,Hospital_1,121138
2026-03-18T19:32:36Z,44,Hospital_2,121150
2026-03-18T19:32:36Z,44,Hospital_3,121150
2026-03-18T19:32:36Z,44,Hospital_5,121138
2026-03-18T19:32:36Z,44,Hospital_4,138250
2026-03-18T19:32:38Z,45,Hospital_3,121150
2026-03-18T19:32:38Z,45,Hospital_2,121150
2026-03-18T19:32:38Z,45,Hospital_4,138250
2026-03-18T19:32:38Z,45,Hospital_1,121150
2026-03-18T19:32:38Z,45,Hospital_5,121150
2026-03-18T19:32:41Z,46,Hospital_2,121150
2026-03-18T19:32:41Z,46,Hospital_3,121150
2026-03-18T19:32:41Z,46,Hospital_5,121150
2026-03-18T19:32:41Z,46,Hospital_4,138250
2026-03-18T19:32:41Z,46,Hospital_1,121150
2026-03-18T19:32:44Z,47,Hospital_3,121150
2026-03-18T19:32:44Z,47,Hospital_5,121150
2026-03-18T19:32:44Z,47,Hospital_4,138250
2026-03-18T19:32:44Z,47,Hospital_2,121150
2026-03-18T19:32:44Z,47,Hospital_1,121150
2026-03-18T19:32:46Z,48,Hospital_1,121150
2026-03-18T19:32:46Z,48,Hospital_4,138250
2026-03-18T19:32:46Z,48,Hospital_5,121150
2026-03-18T19:32:46Z,48,Hospital_2,121150
2026-03-18T19:32:46Z,48,Hospital_3,121150
2026-03-18T19:32:48Z,49,Hospital_5,121150
2026-03-18T19:32:48Z,49,Hospital_1,121150
2026-03-18T19:32:48Z,49,Hospital_2,121150
2026-03-18T19:32:48Z,49,Hospital_3,121150
2026-03-18T19:32:48Z,49,Hospital_4,138250
2026-03-18T19:32:50Z,50,Hospital_1,121150
2026-03-18T19:32:50Z,50,Hospital_3,121150
2026-03-18T19:32:50Z,50,Hospital_5,121150
2026-03-18T19:32:50Z,50,Hospital_4,138250
2026-03-18T19:32:50Z,50,Hospital_2,121150
2026-03-18T19:32:52Z,51,Hospital_3,121150
2026-03-18T19:32:52Z,51,Hospital_2,121150
2026-03-18T19:32:52Z,51,Hospital_5,121150
2026-03-18T19:32:52Z,51,Hospital_1,138250
2026-03-18T19:32:52Z,51,Hospital_4,121150
2026-03-18T19:32:53Z,52,Hospital_1,121150
2026-03-18T19:32:53Z,52,Hospital_5,121150
2026-03-18T19:32:53Z,52,Hospital_4,121150
2026-03-18T19:32:53Z,52,Hospital_2,138250
2026-03-18T19:32:53Z,52,Hospital_3,121150
2026-03-18T19:32:56Z,53,Hospital_5,121150
2026-03-18T19:32:56Z,53,Hospital_4,121150
2026-03-18T19:32:56Z,53,Hospital_3,121150
2026-03-18T19:32:56Z,53,Hospital_1,121150
2026-03-18T19:32:56Z,53,Hospital_2,138250
2026-03-18T19:32:58Z,54,Hospital_3,121150
2026-03-18T19:32:58Z,54,Hospital_2,121150
2026-03-18T19:32:58Z,54,Hospital_1,121150
2026-03-18T19:32:58Z,54,Hospital_5,138250
2026-03-18T19:33:01Z,55,Hospital_2,121150
2026-03-18T19:33:01Z,55,Hospital_5,121150
2026-03-18T19:33:01Z,55,Hospital_4,138238
2026-03-18T19:33:01Z,55,Hospital_1,121138
2026-03-18T19:33:01Z,55,Hospital_3,121150
2026-03-18T19:33:03Z,56,Hospital_4,121150
2026-03-18T19:33:03Z,56,Hospital_3,121150
2026-03-18T19:33:03Z,56,Hospital_1,138250
2026-03-18T19:33:03Z,56,Hospital_5,121150
2026-03-18T19:33:03Z,56,Hospital_2,121150
2026-03-18T19:33:05Z,57,Hospital_5,121138
2026-03-18T19:33:05Z,57,Hospital_2,121150
2026-03-18T19:33:05Z,57,Hospital_1,121150
2026-03-18T19:33:05Z,57,Hospital_4,138250
2026-03-18T19:33:05Z,57,Hospital_3,121138
2026-03-18T19:33:07Z,58,Hospital_2,121150
2026-03-18T19:33:07Z,58,Hospital_5,121150
2026-03-18T19:33:07Z,58,Hospital_3,121150
2026-03-18T19:33:07Z,58,Hospital_4,138250
2026-03-18T19:33:07Z,58,Hospital_1,121150
2026-03-18T19:33:09Z,59,Hospital_4,138250
2026-03-18T19:33:09Z,59,Hospital_2,121150
2026-03-18T19:33:09Z,59,Hospital_5,121150
2026-03-18T19:33:09Z,59,Hospital_3,121150
2026-03-18T19:33:09Z,59,Hospital_1,121150
2026-03-18T19:33:11Z,60,Hospital_2,121150
2026-03-18T19:33:11Z,60,Hospital_3,121150
2026-03-18T19:33:11Z,60,Hospital_4,138250
2026-03-18T19:33:11Z,60,Hospital_5,121150
2026-03-18T19:33:11Z,60,Hospital_1,121150
2026-03-18T19:33:14Z,61,Hospital_4,138238
2026-03-18T19:33:14Z,61,Hospital_1,121150
2026-03-18T19:33:14Z,61,Hospital_2,121150
2026-03-18T19:33:14Z,61,Hospital_5,121138
2026-03-18T19:33:14Z,61,Hospital_3,121138
2026-03-18T19:33:17Z,62,Hospital_2,121150
2026-03-18T19:33:17Z,62,Hospital_1,121150
2026-03-18T19:33:17Z,62,Hospital_3,121150
2026-03-18T19:33:17Z,62,Hospital_5,121150
2026-03-18T19:33:17Z,62,Hospital_4,138250
2026-03-18T19:33:19Z,63,Hospital_4,138250
2026-03-18T19:33:19Z,63,Hospital_3,121138
2026-03-18T19:33:19Z,63,Hospital_2,121150
2026-03-18T19:33:19Z,63,Hospital_1,121150
2026-03-18T19:33:19Z,63,Hospital_5,121150
2026-03-18T19:33:21Z,64,Hospital_3,121150
2026-03-18T19:33:21Z,64,Hospital_1,121150
2026-03-18T19:33:21Z,64,Hospital_5,121138
2026-03-18T19:33:21Z,64,Hospital_2,121150
2026-03-18T19:33:21Z,64,Hospital_4,138250
2026-03-18T19:33:23Z,65,Hospital_3,121150
2026-03-18T19:33:23Z,65,Hospital_5,121138
2026-03-18T19:33:23Z,65,Hospital_2,121138
2026-03-18T19:33:23Z,65,Hospital_1,121150
2026-03-18T19:33:23Z,65,Hospital_4,138250
2026-03-18T19:33:25Z,66,Hospital_2,121138
2026-03-18T19:33:25Z,66,Hospital_3,121150
2026-03-18T19:33:25Z,66,Hospital_4,138238
2026-03-18T19:33:25Z,66,Hospital_1,121138
2026-03-18T19:33:25Z,66,Hospital_5,121150
2026-03-18T19:33:26Z,67,Hospital_5,121150
2026-03-18T19:33:26Z,67,Hospital_2,121150
2026-03-18T19:33:26Z,67,Hospital_4,138250
2026-03-18T19:33:26Z,67,Hospital_1,121150
2026-03-18T19:33:26Z,67,Hospital_3,121150
2026-03-18T19:33:29Z,68,Hospital_3,121150
2026-03-18T19:33:29Z,68,Hospital_1,121150
2026-03-18T19:33:29Z,68,Hospital_4,121150
2026-03-18T19:33:29Z,68,Hospital_5,121150
2026-03-18T19:33:29Z,68,Hospital_2,138250
2026-03-18T19:33:32Z,69,Hospital_5,121150
2026-03-18T19:33:32Z,69,Hospital_1,121150
2026-03-18T19:33:32Z,69,Hospital_2,121150
2026-03-18T19:33:32Z,69,Hospital_4,138250
2026-03-18T19:33:32Z,69,Hospital_3,121150
2026-03-18T19:33:34Z,70,Hospital_1,121150
2026-03-18T19:33:34Z,70,Hospital_5,121150
2026-03-18T19:33:34Z,70,Hospital_3,121150
2026-03-18T19:33:34Z,70,Hospital_4,138250
2026-03-18T19:33:34Z,70,Hospital_2,121150
2026-03-18T19:33:36Z,71,Hospital_4,138250
2026-03-18T19:33:36Z,71,Hospital_5,121150
2026-03-18T19:33:36Z,71,Hospital_1,121150
2026-03-18T19:33:36Z,71,Hospital_3,121150
2026-03-18T19:33:36Z,71,Hospital_2,121150
2026-03-18T19:33:38Z,72,Hospital_5,121138
2026-03-18T19:33:38Z,72,Hospital_3,121150
2026-03-18T19:33:38Z,72,Hospital_4,138238
2026-03-18T19:33:38Z,72,Hospital_1,121150
2026-03-18T19:33:38Z,72,Hospital_2,121150
2026-03-18T19:33:40Z,73,Hospital_2,121150
2026-03-18T19:33:40Z,73,Hospital_3,121150
2026-03-18T19:33:40Z,73,Hospital_5,121150
2026-03-18T19:33:40Z,73,Hospital_1,121150
2026-03-18T19:33:40Z,73,Hospital_4,138250
2026-03-18T19:33:42Z,74,Hospital_3,121150
2026-03-18T19:33:42Z,74,Hospital_1,121150
2026-03-18T19:33:42Z,74,Hospital_4,121150
2026-03-18T19:33:42Z,74,Hospital_5,138250
2026-03-18T19:33:42Z,74,Hospital_2,121150
2026-03-18T19:33:44Z,75,Hospital_3,121150
2026-03-18T19:33:44Z,75,Hospital_5,121150
2026-03-18T19:33:44Z,75,Hospital_4,138250
2026-03-18T19:33:44Z,75,Hospital_1,121150
2026-03-18T19:33:44Z,75,Hospital_2,121150
2026-03-18T19:33:47Z,76,Hospital_4,138250
2026-03-18T19:33:47Z,76,Hospital_5,121138
2026-03-18T19:33:47Z,76,Hospital_3,121150
2026-03-18T19:33:47Z,76,Hospital_2,121150
2026-03-18T19:33:47Z,76,Hospital_1,121150
2026-03-18T19:33:50Z,77,Hospital_3,121150
2026-03-18T19:33:50Z,77,Hospital_4,138250
2026-03-18T19:33:50Z,77,Hospital_5,121150
2026-03-18T19:33:50Z,77,Hospital_2,121150
2026-03-18T19:33:50Z,77,Hospital_1,121150
2026-03-18T19:33:52Z,78,Hospital_1,121138
2026-03-18T19:33:52Z,78,Hospital_4,138250
2026-03-18T19:33:52Z,78,Hospital_3,121150
2026-03-18T19:33:52Z,78,Hospital_5,121150
2026-03-18T19:33:52Z,78,Hospital_2,121150
2026-03-18T19:33:54Z,79,Hospital_5,121150
2026-03-18T19:33:54Z,79,Hospital_3,121150
2026-03-18T19:33:54Z,79,Hospital_4,138250
2026-03-18T19:33:54Z,79,Hospital_2,121150
2026-03-18T19:33:54Z,79,Hospital_1,121150
2026-03-18T19:33:56Z,80,Hospital_2,121150
2026-03-18T19:33:56Z,80,Hospital_5,121150
2026-03-18T19:33:56Z,80,Hospital_1,121150
2026-03-18T19:33:56Z,80,Hospital_4,138250
2026-03-18T19:33:56Z,80,Hospital_3,121150
2026-03-18T19:33:58Z,81,Hospital_5,121150
2026-03-18T19:33:58Z,81,Hospital_1,121150
2026-03-18T19:33:58Z,81,Hospital_2,121150
2026-03-18T19:33:58Z,81,Hospital_4,138250
2026-03-18T19:33:58Z,81,Hospital_3,121150
2026-03-18T19:33:59Z,82,Hospital_1,121150
2026-03-18T19:33:59Z,82,Hospital_4,138250
2026-03-18T19:33:59Z,82,Hospital_5,121150
2026-03-18T19:33:59Z,82,Hospital_2,121150
2026-03-18T19:33:59Z,82,Hospital_3,121150
2026-03-18T19:34:01Z,83,Hospital_1,121150
2026-03-18T19:34:01Z,83,Hospital_4,121150
2026-03-18T19:34:01Z,83,Hospital_2,121150
2026-03-18T19:34:01Z,83,Hospital_5,138250
2026-03-18T19:34:01Z,83,Hospital_3,121150
2026-03-18T19:34:04Z,84,Hospital_4,138250
2026-03-18T19:34:04Z,84,Hospital_2,121150
2026-03-18T19:34:04Z,84,Hospital_3,121150
2026-03-18T19:34:04Z,84,Hospital_5,121150
2026-03-18T19:34:04Z,84,Hospital_1,121150
2026-03-18T19:34:07Z,85,Hospital_3,121150
2026-03-18T19:34:07Z,85,Hospital_5,121150
2026-03-18T19:34:07Z,85,Hospital_1,121150
2026-03-18T19:34:07Z,85,Hospital_2,121150
2026-03-18T19:34:07Z,85,Hospital_4,138250
2026-03-18T19:34:09Z,86,Hospital_2,121150
2026-03-18T19:34:09Z,86,Hospital_1,121150
2026-03-18T19:34:09Z,86,Hospital_4,138250
2026-03-18T19:34:09Z,86,Hospital_3,121150
2026-03-18T19:34:09Z,86,Hospital_5,121150
2026-03-18T19:34:11Z,87,Hospital_2,121150
2026-03-18T19:34:11Z,87,Hospital_3,121150
2026-03-18T19:34:11Z,87,Hospital_1,121150
2026-03-18T19:34:11Z,87,Hospital_5,121150
2026-03-18T19:34:11Z,87,Hospital_4,138250
2026-03-18T19:34:12Z,88,Hospital_4,138250
2026-03-18T19:34:12Z,88,Hospital_3,121150
2026-03-18T19:34:12Z,88,Hospital_1,121150
2026-03-18T19:34:12Z,88,Hospital_2,121150
2026-03-18T19:34:14Z,89,Hospital_4,138238
2026-03-18T19:34:14Z,89,Hospital_1,121150
2026-03-18T19:34:14Z,89,Hospital_3,121150
2026-03-18T19:34:14Z,89,Hospital_5,121150
2026-03-18T19:34:16Z,90,Hospital_4,138250
2026-03-18T19:34:16Z,90,Hospital_5,121150
2026-03-18T19:34:16Z,90,Hospital_2,121150
2026-03-18T19:34:16Z,90,Hospital_1,121138
2026-03-18T19:34:17Z,91,Hospital_2,121138
2026-03-18T19:34:17Z,91,Hospital_4,138250
2026-03-18T19:34:17Z,91,Hospital_1,121150
2026-03-18T19:34:17Z,91,Hospital_5,121138
2026-03-18T19:34:20Z,92,Hospital_2,121138
2026-03-18T19:34:20Z,92,Hospital_4,138250
2026-03-18T19:34:20Z,92,Hospital_5,121150
2026-03-18T19:34:20Z,92,Hospital_3,121150
2026-03-18T19:34:22Z,93,Hospital_5,121150
2026-03-18T19:34:22Z,93,Hospital_1,121150
2026-03-18T19:34:22Z,93,Hospital_4,138250
2026-03-18T19:34:22Z,93,Hospital_3,121150
2026-03-18T19:34:25Z,94,Hospital_2,121150
2026-03-18T19:34:25Z,94,Hospital_4,138250
2026-03-18T19:34:25Z,94,Hospital_5,121150
2026-03-18T19:34:25Z,94,Hospital_1,121150
2026-03-18T19:34:25Z,94,Hospital_3,121150
2026-03-18T19:34:27Z,95,Hospital_3,121150
2026-03-18T19:34:27Z,95,Hospital_2,121150
2026-03-18T19:34:27Z,95,Hospital_5,121150
2026-03-18T19:34:27Z,95,Hospital_4,138250
2026-03-18T19:34:27Z,95,Hospital_1,121150
2026-03-18T19:34:29Z,96,Hospital_2,121138
2026-03-18T19:34:29Z,96,Hospital_5,121150
2026-03-18T19:34:29Z,96,Hospital_3,121150
2026-03-18T19:34:29Z,96,Hospital_4,138250
2026-03-18T19:34:29Z,96,Hospital_1,121150
2026-03-18T19:34:31Z,97,Hospital_4,138250
2026-03-18T19:34:31Z,97,Hospital_2,121150
2026-03-18T19:34:31Z,97,Hospital_5,121150
2026-03-18T19:34:31Z,97,Hospital_3,121150
2026-03-18T19:34:31Z,97,Hospital_1,121150
2026-03-18T19:34:33Z,98,Hospital_1,121150
2026-03-18T19:34:33Z,98,Hospital_5,121150
2026-03-18T19:34:33Z,98,Hospital_4,138250
2026-03-18T19:34:33Z,98,Hospital_2,121150
2026-03-18T19:34:33Z,98,Hospital_3,121150
2026-03-18T19:34:36Z,99,Hospital_1,121150
2026-03-18T19:34:36Z,99,Hospital_4,138250
2026-03-18T19:34:36Z,99,Hospital_3,121150
2026-03-18T19:34:36Z,99,Hospital_2,121150
2026-03-18T19:34:36Z,99,Hospital_5,121150
2026-03-18T19:34:38Z,100,Hospital_4,138238
2026-03-18T19:34:38Z,100,Hospital_2,121150
2026-03-18T19:34:38Z,100,Hospital_5,121150
2026-03-18T19:34:38Z,100,Hospital_1,121150
2026-03-18T19:34:38Z,100,Hospital_3,121150
2026-03-18T19:36:15Z,1,Hospital_1,121150
2026-03-18T19:36:15Z,1,Hospital_3,121150
2026-03-18T19:36:15Z,1,Hospital_2,121150
2026-03-18T19:36:15Z,1,Hospital_4,138250
2026-03-18T19:36:15Z,1,Hospital_5,121150
2026-03-18T19:36:19Z,2,Hospital_5,121150
2026-03-18T19:36:19Z,2,Hospital_1,121150
2026-03-18T19:36:19Z,2,Hospital_4,138250
2026-03-18T19:36:19Z,2,Hospital_3,121150
2026-03-18T19:36:19Z,2,Hospital_2,121150
2026-03-18T19:36:21Z,3,Hospital_4,138250
2026-03-18T19:36:21Z,3,Hospital_2,121150
2026-03-18T19:36:21Z,3,Hospital_5,121150
2026-03-18T19:36:21Z,3,Hospital_1,121150
2026-03-18T19:36:21Z,3,Hospital_3,121150
2026-03-18T19:36:23Z,4,Hospital_5,121150
2026-03-18T19:36:23Z,4,Hospital_2,121150
2026-03-18T19:36:23Z,4,Hospital_4,138250
2026-03-18T19:36:23Z,4,Hospital_3,121150
2026-03-18T19:36:23Z,4,Hospital_1,121150
2026-03-18T19:36:25Z,5,Hospital_2,121150
2026-03-18T19:36:25Z,5,Hospital_1,121150
2026-03-18T19:36:25Z,5,Hospital_5,121150
2026-03-18T19:36:25Z,5,Hospital_4,138250
2026-03-18T19:36:25Z,5,Hospital_3,121138
2026-03-18T19:36:27Z,6,Hospital_2,121150
2026-03-18T19:36:27Z,6,Hospital_1,121150
2026-03-18T19:36:27Z,6,Hospital_5,121150
2026-03-18T19:36:27Z,6,Hospital_3,121150
2026-03-18T19:36:27Z,6,Hospital_4,138250
2026-03-18T19:36:31Z,7,Hospital_3,121150
2026-03-18T19:36:31Z,7,Hospital_4,138250
2026-03-18T19:36:31Z,7,Hospital_1,121150
2026-03-18T19:36:31Z,7,Hospital_2,121150
2026-03-18T19:36:31Z,7,Hospital_5,121150
2026-03-18T19:36:34Z,8,Hospital_4,138250
2026-03-18T19:36:34Z,8,Hospital_2,121150
2026-03-18T19:36:34Z,8,Hospital_5,121150
2026-03-18T19:36:34Z,8,Hospital_3,121126
2026-03-18T19:36:34Z,8,Hospital_1,121150
2026-03-18T19:36:36Z,9,Hospital_3,121150
2026-03-18T19:36:36Z,9,Hospital_2,121150
2026-03-18T19:36:36Z,9,Hospital_5,121138
2026-03-18T19:36:36Z,9,Hospital_4,138250
2026-03-18T19:36:36Z,9,Hospital_1,121150
2026-03-18T19:36:39Z,10,Hospital_2,121150
2026-03-18T19:36:39Z,10,Hospital_3,121150
2026-03-18T19:36:39Z,10,Hospital_1,121150
2026-03-18T19:36:39Z,10,Hospital_5,121150
2026-03-18T19:36:39Z,10,Hospital_4,138250
2026-03-18T19:36:42Z,11,Hospital_4,138238
2026-03-18T19:36:42Z,11,Hospital_1,121150
2026-03-18T19:36:42Z,11,Hospital_5,121150
2026-03-18T19:36:42Z,11,Hospital_2,121150
2026-03-18T19:36:42Z,11,Hospital_3,121150
2026-03-18T19:37:15Z,12,Hospital_3,121138
2026-03-18T19:37:15Z,12,Hospital_1,121150
2026-03-18T19:37:15Z,12,Hospital_2,121150
2026-03-18T19:37:15Z,12,Hospital_4,138250
2026-03-18T19:37:15Z,12,Hospital_5,121150
2026-03-18T19:37:17Z,13,Hospital_3,121150
2026-03-18T19:37:17Z,13,Hospital_5,121150
2026-03-18T19:37:17Z,13,Hospital_2,121150
2026-03-18T19:37:17Z,13,Hospital_4,138250
2026-03-18T19:37:17Z,13,Hospital_1,121150
2026-03-18T19:37:19Z,14,Hospital_1,121150
2026-03-18T19:37:19Z,14,Hospital_3,121138
2026-03-18T19:37:19Z,14,Hospital_4,138250
2026-03-18T19:37:19Z,14,Hospital_2,121150
2026-03-18T19:37:19Z,14,Hospital_5,121150
2026-03-18T19:37:21Z,15,Hospital_4,138250
2026-03-18T19:37:21Z,15,Hospital_2,121150
2026-03-18T19:37:21Z,15,Hospital_1,121150
2026-03-18T19:37:21Z,15,Hospital_3,121150
2026-03-18T19:37:21Z,15,Hospital_5,121150
2026-03-18T19:37:23Z,16,Hospital_1,121150
2026-03-18T19:37:23Z,16,Hospital_5,121150
2026-03-18T19:37:23Z,16,Hospital_4,138250
2026-03-18T19:37:23Z,16,Hospital_2,121150
2026-03-18T19:37:23Z,16,Hospital_3,121138
2026-03-18T19:37:26Z,17,Hospital_2,121150
2026-03-18T19:37:26Z,17,Hospital_3,121150
2026-03-18T19:37:26Z,17,Hospital_1,121150
2026-03-18T19:37:26Z,17,Hospital_5,121150
2026-03-18T19:37:26Z,17,Hospital_4,138250
2026-03-18T19:37:30Z,18,Hospital_1,121150
2026-03-18T19:37:30Z,18,Hospital_3,121150
2026-03-18T19:37:30Z,18,Hospital_2,121150
2026-03-18T19:37:30Z,18,Hospital_4,138250
2026-03-18T19:37:30Z,18,Hospital_5,121150
2026-03-18T19:37:32Z,19,Hospital_2,121150
2026-03-18T19:37:32Z,19,Hospital_3,121150
2026-03-18T19:37:32Z,19,Hospital_5,121150
2026-03-18T19:37:32Z,19,Hospital_4,138250
2026-03-18T19:37:32Z,19,Hospital_1,121138
2026-03-18T19:37:34Z,20,Hospital_1,121150
2026-03-18T19:37:34Z,20,Hospital_2,121150
2026-03-18T19:37:34Z,20,Hospital_4,138250
2026-03-18T19:37:34Z,20,Hospital_5,121150
2026-03-18T19:37:34Z,20,Hospital_3,121150
2026-03-18T19:37:37Z,21,Hospital_5,121126
2026-03-18T19:37:37Z,21,Hospital_2,121150
2026-03-18T19:37:37Z,21,Hospital_1,121150
2026-03-18T19:37:37Z,21,Hospital_3,121150
2026-03-18T19:37:37Z,21,Hospital_4,138250
2026-03-18T19:37:39Z,22,Hospital_3,121150
2026-03-18T19:37:39Z,22,Hospital_2,121150
2026-03-18T19:37:39Z,22,Hospital_1,121150
2026-03-18T19:37:39Z,22,Hospital_4,138250
2026-03-18T19:37:39Z,22,Hospital_5,121150
2026-03-18T19:37:40Z,23,Hospital_5,138250
2026-03-18T19:37:40Z,23,Hospital_4,121150
2026-03-18T19:37:40Z,23,Hospital_2,121150
2026-03-18T19:37:40Z,23,Hospital_3,121150
2026-03-18T19:37:40Z,23,Hospital_1,121150
2026-03-18T19:37:43Z,24,Hospital_2,121138
2026-03-18T19:37:43Z,24,Hospital_4,138238
2026-03-18T19:37:43Z,24,Hospital_1,121138
2026-03-18T19:37:43Z,24,Hospital_3,121138
2026-03-18T19:37:43Z,24,Hospital_5,121150
2026-03-18T19:37:45Z,25,Hospital_3,138250
2026-03-18T19:37:45Z,25,Hospital_2,121150
2026-03-18T19:37:45Z,25,Hospital_1,121150
2026-03-18T19:37:45Z,25,Hospital_5,121150
2026-03-18T19:37:45Z,25,Hospital_4,121150
2026-03-18T19:37:47Z,26,Hospital_3,121138
2026-03-18T19:37:47Z,26,Hospital_1,138238
2026-03-18T19:37:47Z,26,Hospital_5,121138
2026-03-18T19:37:47Z,26,Hospital_4,121150
2026-03-18T19:37:47Z,26,Hospital_2,121138
2026-03-18T19:37:50Z,27,Hospital_4,121150
2026-03-18T19:37:50Z,27,Hospital_5,138250
2026-03-18T19:37:50Z,27,Hospital_3,121150
2026-03-18T19:37:50Z,27,Hospital_1,121150
2026-03-18T19:37:50Z,27,Hospital_2,121150
2026-03-18T19:37:52Z,28,Hospital_3,121150
2026-03-18T19:37:52Z,28,Hospital_1,121150
2026-03-18T19:37:52Z,28,Hospital_4,138250
2026-03-18T19:37:52Z,28,Hospital_2,121150
2026-03-18T19:37:52Z,28,Hospital_5,121150
2026-03-18T19:37:55Z,29,Hospital_3,121138
2026-03-18T19:37:55Z,29,Hospital_1,121150
2026-03-18T19:37:55Z,29,Hospital_4,138250
2026-03-18T19:37:55Z,29,Hospital_5,121150
2026-03-18T19:37:55Z,29,Hospital_2,121150
2026-03-18T19:38:28Z,30,Hospital_3,121150
2026-03-18T19:38:28Z,30,Hospital_2,121150
2026-03-18T19:38:28Z,30,Hospital_4,138250
2026-03-18T19:38:28Z,30,Hospital_5,121150
2026-03-18T19:38:28Z,30,Hospital_1,121138
2026-03-18T19:38:30Z,31,Hospital_1,121150
2026-03-18T19:38:30Z,31,Hospital_4,138238
2026-03-18T19:38:30Z,31,Hospital_2,121150
2026-03-18T19:38:30Z,31,Hospital_3,121150
2026-03-18T19:38:30Z,31,Hospital_5,121150
2026-03-18T19:39:02Z,32,Hospital_1,121138
2026-03-18T19:39:02Z,32,Hospital_2,121150
2026-03-18T19:39:02Z,32,Hospital_5,121150
2026-03-18T19:39:02Z,32,Hospital_4,138250
2026-03-18T19:39:02Z,32,Hospital_3,121150
2026-03-18T19:39:05Z,33,Hospital_3,121150
2026-03-18T19:39:05Z,33,Hospital_4,138250
2026-03-18T19:39:05Z,33,Hospital_1,121150
2026-03-18T19:39:05Z,33,Hospital_5,121150
2026-03-18T19:39:05Z,33,Hospital_2,121150
2026-03-18T19:39:08Z,34,Hospital_5,121150
2026-03-18T19:39:08Z,34,Hospital_3,121150
2026-03-18T19:39:08Z,34,Hospital_1,121150
2026-03-18T19:39:08Z,34,Hospital_4,138238
2026-03-18T19:39:08Z,34,Hospital_2,121150
2026-03-18T19:39:11Z,35,Hospital_3,121150
2026-03-18T19:39:11Z,35,Hospital_5,121138
2026-03-18T19:39:11Z,35,Hospital_1,121150
2026-03-18T19:39:11Z,35,Hospital_4,138250
2026-03-18T19:39:11Z,35,Hospital_2,121150
2026-03-18T19:39:13Z,36,Hospital_5,121138
2026-03-18T19:39:13Z,36,Hospital_4,138250
2026-03-18T19:39:13Z,36,Hospital_2,121150
2026-03-18T19:39:13Z,36,Hospital_1,121150
2026-03-18T19:39:13Z,36,Hospital_3,121150
2026-03-18T19:39:15Z,37,Hospital_4,121150
2026-03-18T19:39:15Z,37,Hospital_2,138250
2026-03-18T19:39:15Z,37,Hospital_3,121150
2026-03-18T19:39:15Z,37,Hospital_1,121150
2026-03-18T19:39:15Z,37,Hospital_5,121150
2026-03-18T19:39:17Z,38,Hospital_1,121150
2026-03-18T19:39:17Z,38,Hospital_4,138250
2026-03-18T19:39:17Z,38,Hospital_2,121138
2026-03-18T19:39:17Z,38,Hospital_3,121150
2026-03-18T19:39:17Z,38,Hospital_5,121150
2026-03-18T19:39:19Z,39,Hospital_4,138250
2026-03-18T19:39:19Z,39,Hospital_1,121150
2026-03-18T19:39:19Z,39,Hospital_5,121150
2026-03-18T19:39:19Z,39,Hospital_3,121150
2026-03-18T19:39:19Z,39,Hospital_2,121150
2026-03-18T19:39:22Z,40,Hospital_4,121150
2026-03-18T19:39:22Z,40,Hospital_3,121150
2026-03-18T19:39:22Z,40,Hospital_2,121150
2026-03-18T19:39:22Z,40,Hospital_5,121150
2026-03-18T19:39:22Z,40,Hospital_1,138250
2026-03-18T19:39:25Z,41,Hospital_5,121150
2026-03-18T19:39:25Z,41,Hospital_1,121150
2026-03-18T19:39:25Z,41,Hospital_2,121150
2026-03-18T19:39:25Z,41,Hospital_3,138250
2026-03-18T19:39:25Z,41,Hospital_4,121150
2026-03-18T19:39:28Z,42,Hospital_4,121138
2026-03-18T19:39:28Z,42,Hospital_5,121138
2026-03-18T19:39:28Z,42,Hospital_3,121138
2026-03-18T19:39:28Z,42,Hospital_2,138238
2026-03-18T19:39:28Z,42,Hospital_1,121150
2026-03-18T19:39:30Z,43,Hospital_4,138250
2026-03-18T19:39:30Z,43,Hospital_3,121150
2026-03-18T19:39:30Z,43,Hospital_2,121150
2026-03-18T19:39:30Z,43,Hospital_5,121150
2026-03-18T19:39:30Z,43,Hospital_1,121150
2026-03-18T19:39:32Z,44,Hospital_5,121150
2026-03-18T19:39:32Z,44,Hospital_1,121150
2026-03-18T19:39:32Z,44,Hospital_4,138250
2026-03-18T19:39:32Z,44,Hospital_2,121150
2026-03-18T19:39:32Z,44,Hospital_3,121150
2026-03-18T19:39:34Z,45,Hospital_3,121138
2026-03-18T19:39:34Z,45,Hospital_1,121138
2026-03-18T19:39:34Z,45,Hospital_4,138238
2026-03-18T19:39:34Z,45,Hospital_5,121150
2026-03-18T19:39:34Z,45,Hospital_2,121150
2026-03-18T19:39:37Z,46,Hospital_4,138250
2026-03-18T19:39:37Z,46,Hospital_2,121150
2026-03-18T19:39:37Z,46,Hospital_5,121150
2026-03-18T19:39:37Z,46,Hospital_3,121138
2026-03-18T19:39:37Z,46,Hospital_1,121150
2026-03-18T19:39:40Z,47,Hospital_3,121150
2026-03-18T19:39:40Z,47,Hospital_5,121150
2026-03-18T19:39:40Z,47,Hospital_4,138238
2026-03-18T19:39:40Z,47,Hospital_2,121150
2026-03-18T19:39:40Z,47,Hospital_1,121150
2026-03-18T19:39:43Z,48,Hospital_5,121150
2026-03-18T19:39:43Z,48,Hospital_1,121138
2026-03-18T19:39:43Z,48,Hospital_4,138250
2026-03-18T19:39:43Z,48,Hospital_2,121150
2026-03-18T19:39:43Z,48,Hospital_3,121150
2026-03-18T19:39:45Z,49,Hospital_3,121150
2026-03-18T19:39:45Z,49,Hospital_2,121150
2026-03-18T19:39:45Z,49,Hospital_1,121150
2026-03-18T19:39:45Z,49,Hospital_5,121150
2026-03-18T19:39:45Z,49,Hospital_4,138238
2026-03-18T19:39:48Z,50,Hospital_1,121138
2026-03-18T19:39:48Z,50,Hospital_3,121150
2026-03-18T19:39:48Z,50,Hospital_4,138238
2026-03-18T19:39:48Z,50,Hospital_2,121126
2026-03-18T19:39:48Z,50,Hospital_5,121150
2026-03-18T19:39:50Z,51,Hospital_2,121138
2026-03-18T19:39:50Z,51,Hospital_3,121150
2026-03-18T19:39:50Z,51,Hospital_4,138250
2026-03-18T19:39:50Z,51,Hospital_5,121150
2026-03-18T19:39:50Z,51,Hospital_1,121150
2026-03-18T19:39:52Z,52,Hospital_4,138250
2026-03-18T19:39:52Z,52,Hospital_1,121150
2026-03-18T19:39:52Z,52,Hospital_5,121150
2026-03-18T19:39:52Z,52,Hospital_2,121150
2026-03-18T19:39:52Z,52,Hospital_3,121150
2026-03-18T19:39:55Z,53,Hospital_2,121138
2026-03-18T19:39:55Z,53,Hospital_4,138250
2026-03-18T19:39:55Z,53,Hospital_5,121150
2026-03-18T19:39:55Z,53,Hospital_3,121150
2026-03-18T19:39:55Z,53,Hospital_1,121150
2026-03-18T19:39:58Z,54,Hospital_5,121150
2026-03-18T19:39:58Z,54,Hospital_4,138250
2026-03-18T19:39:58Z,54,Hospital_3,121150
2026-03-18T19:39:58Z,54,Hospital_1,121150
2026-03-18T19:39:58Z,54,Hospital_2,121150
2026-03-18T19:40:00Z,55,Hospital_5,121150
2026-03-18T19:40:00Z,55,Hospital_3,121150
2026-03-18T19:40:00Z,55,Hospital_1,121150
2026-03-18T19:40:00Z,55,Hospital_4,138250
2026-03-18T19:40:00Z,55,Hospital_2,121150
2026-03-18T19:40:02Z,56,Hospital_5,121150
2026-03-18T19:40:02Z,56,Hospital_4,121150
2026-03-18T19:40:02Z,56,Hospital_2,121150
2026-03-18T19:40:02Z,56,Hospital_3,138238
2026-03-18T19:40:02Z,56,Hospital_1,121138
2026-03-18T19:40:04Z,57,Hospital_5,121150
2026-03-18T19:40:04Z,57,Hospital_1,121150
2026-03-18T19:40:04Z,57,Hospital_4,138250
2026-03-18T19:40:04Z,57,Hospital_2,121150
2026-03-18T19:40:04Z,57,Hospital_3,121150
2026-03-18T19:40:07Z,58,Hospital_3,138250
2026-03-18T19:40:07Z,58,Hospital_4,121150
2026-03-18T19:40:07Z,58,Hospital_5,121150
2026-03-18T19:40:07Z,58,Hospital_2,121150
2026-03-18T19:40:07Z,58,Hospital_1,121150
2026-03-18T19:40:09Z,59,Hospital_1,121150
2026-03-18T19:40:09Z,59,Hospital_2,121150
2026-03-18T19:40:09Z,59,Hospital_4,138250
2026-03-18T19:40:09Z,59,Hospital_5,121150
2026-03-18T19:40:09Z,59,Hospital_3,121150
2026-03-18T19:40:13Z,60,Hospital_4,138250
2026-03-18T19:40:13Z,60,Hospital_1,121150
2026-03-18T19:40:13Z,60,Hospital_3,121150
2026-03-18T19:40:13Z,60,Hospital_2,121150
2026-03-18T19:40:13Z,60,Hospital_5,121150
2026-03-18T19:40:16Z,61,Hospital_2,121150
2026-03-18T19:40:16Z,61,Hospital_5,121150
2026-03-18T19:40:16Z,61,Hospital_3,121150
2026-03-18T19:40:16Z,61,Hospital_4,138250
2026-03-18T19:40:16Z,61,Hospital_1,121150
2026-03-18T19:40:18Z,62,Hospital_5,121138
2026-03-18T19:40:18Z,62,Hospital_3,121150
2026-03-18T19:40:18Z,62,Hospital_4,138250
2026-03-18T19:40:18Z,62,Hospital_1,121150
2026-03-18T19:40:18Z,62,Hospital_2,121150
2026-03-18T19:40:20Z,63,Hospital_2,121138
2026-03-18T19:40:20Z,63,Hospital_4,138238
2026-03-18T19:40:20Z,63,Hospital_1,121150
2026-03-18T19:40:20Z,63,Hospital_5,121150
2026-03-18T19:40:20Z,63,Hospital_3,121150
2026-03-18T19:40:22Z,64,Hospital_1,121150
2026-03-18T19:40:22Z,64,Hospital_2,121150
2026-03-18T19:40:22Z,64,Hospital_5,121150
2026-03-18T19:40:22Z,64,Hospital_3,121150
2026-03-18T19:40:22Z,64,Hospital_4,138250
2026-03-18T19:40:25Z,65,Hospital_5,121138
2026-03-18T19:40:25Z,65,Hospital_3,121150
2026-03-18T19:40:25Z,65,Hospital_4,138250
2026-03-18T19:40:25Z,65,Hospital_2,121150
2026-03-18T19:40:25Z,65,Hospital_1,121150
2026-03-18T19:40:28Z,66,Hospital_3,121150
2026-03-18T19:40:28Z,66,Hospital_1,121150
2026-03-18T19:40:28Z,66,Hospital_5,121150
2026-03-18T19:40:28Z,66,Hospital_2,121150
2026-03-18T19:40:28Z,66,Hospital_4,138250
2026-03-18T19:40:31Z,67,Hospital_3,121150
2026-03-18T19:40:31Z,67,Hospital_2,121150
2026-03-18T19:40:31Z,67,Hospital_1,121150
2026-03-18T19:40:31Z,67,Hospital_5,121150
2026-03-18T19:40:31Z,67,Hospital_4,138250
2026-03-18T19:40:33Z,68,Hospital_2,121150
2026-03-18T19:40:33Z,68,Hospital_1,121150
2026-03-18T19:40:33Z,68,Hospital_5,121150
2026-03-18T19:40:33Z,68,Hospital_4,138250
2026-03-18T19:40:33Z,68,Hospital_3,121150
2026-03-18T19:40:35Z,69,Hospital_4,121150
2026-03-18T19:40:35Z,69,Hospital_1,121150
2026-03-18T19:40:35Z,69,Hospital_3,138250
2026-03-18T19:40:35Z,69,Hospital_5,121150
2026-03-18T19:40:35Z,69,Hospital_2,121138
2026-03-18T19:40:37Z,70,Hospital_2,121150
2026-03-18T19:40:37Z,70,Hospital_3,121138
2026-03-18T19:40:37Z,70,Hospital_5,121150
2026-03-18T19:40:37Z,70,Hospital_1,121138
2026-03-18T19:40:37Z,70,Hospital_4,138238
2026-03-18T19:40:38Z,71,Hospital_4,138250
2026-03-18T19:40:38Z,71,Hospital_2,121150
2026-03-18T19:40:38Z,71,Hospital_1,121150
2026-03-18T19:40:38Z,71,Hospital_5,121150
2026-03-18T19:40:38Z,71,Hospital_3,121150
2026-03-18T19:40:41Z,72,Hospital_4,121150
2026-03-18T19:40:41Z,72,Hospital_3,121150
2026-03-18T19:40:41Z,72,Hospital_1,121150
2026-03-18T19:40:41Z,72,Hospital_2,121150
2026-03-18T19:40:41Z,72,Hospital_5,138250
2026-03-18T19:40:43Z,73,Hospital_1,121150
2026-03-18T19:40:43Z,73,Hospital_3,121150
2026-03-18T19:40:43Z,73,Hospital_2,121150
2026-03-18T19:40:43Z,73,Hospital_5,138250
2026-03-18T19:40:43Z,73,Hospital_4,121150
2026-03-18T19:40:46Z,74,Hospital_4,138250
2026-03-18T19:40:46Z,74,Hospital_1,121150
2026-03-18T19:40:46Z,74,Hospital_2,121150
2026-03-18T19:40:46Z,74,Hospital_3,121150
2026-03-18T19:40:46Z,74,Hospital_5,121138
2026-03-18T19:40:49Z,75,Hospital_1,121150
2026-03-18T19:40:49Z,75,Hospital_4,138250
2026-03-18T19:40:49Z,75,Hospital_5,121150
2026-03-18T19:40:49Z,75,Hospital_3,121150
2026-03-18T19:40:49Z,75,Hospital_2,121150
2026-03-18T19:40:52Z,76,Hospital_2,121150
2026-03-18T19:40:52Z,76,Hospital_4,138250
2026-03-18T19:40:52Z,76,Hospital_1,121150
2026-03-18T19:40:52Z,76,Hospital_3,121150
2026-03-18T19:40:52Z,76,Hospital_5,121138
2026-03-18T19:40:54Z,77,Hospital_5,121150
2026-03-18T19:40:54Z,77,Hospital_2,121126
2026-03-18T19:40:54Z,77,Hospital_1,121138
2026-03-18T19:40:54Z,77,Hospital_3,121138
2026-03-18T19:40:54Z,77,Hospital_4,138250
2026-03-18T19:41:26Z,78,Hospital_4,138250
2026-03-18T19:41:26Z,78,Hospital_2,121138
2026-03-18T19:41:26Z,78,Hospital_3,121150
2026-03-18T19:41:26Z,78,Hospital_5,121150
2026-03-18T19:41:26Z,78,Hospital_1,121150
2026-03-18T19:41:29Z,79,Hospital_3,121150
2026-03-18T19:41:29Z,79,Hospital_4,138250
2026-03-18T19:41:29Z,79,Hospital_1,121150
2026-03-18T19:41:29Z,79,Hospital_2,121150
2026-03-18T19:41:29Z,79,Hospital_5,121150
2026-03-18T19:41:32Z,80,Hospital_2,121150
2026-03-18T19:41:32Z,80,Hospital_1,121150
2026-03-18T19:41:32Z,80,Hospital_5,121150
2026-03-18T19:41:32Z,80,Hospital_4,138250
2026-03-18T19:41:32Z,80,Hospital_3,121150
2026-03-18T19:41:34Z,81,Hospital_1,121150
2026-03-18T19:41:34Z,81,Hospital_2,121150
2026-03-18T19:41:34Z,81,Hospital_3,121150
2026-03-18T19:41:34Z,81,Hospital_5,121150
2026-03-18T19:41:34Z,81,Hospital_4,138250
2026-03-18T19:41:36Z,82,Hospital_4,138250
2026-03-18T19:41:36Z,82,Hospital_1,121150
2026-03-18T19:41:36Z,82,Hospital_5,121150
2026-03-18T19:41:36Z,82,Hospital_3,121150
2026-03-18T19:41:36Z,82,Hospital_2,121150
2026-03-18T19:41:38Z,83,Hospital_5,121150
2026-03-18T19:41:38Z,83,Hospital_1,121150
2026-03-18T19:41:38Z,83,Hospital_2,121150
2026-03-18T19:41:38Z,83,Hospital_4,138238
2026-03-18T19:41:38Z,83,Hospital_3,121150
2026-03-18T19:41:39Z,84,Hospital_4,121150
2026-03-18T19:41:39Z,84,Hospital_5,121150
2026-03-18T19:41:39Z,84,Hospital_3,121150
2026-03-18T19:41:39Z,84,Hospital_2,121150
2026-03-18T19:41:39Z,84,Hospital_1,138250
2026-03-18T19:41:42Z,85,Hospital_3,121150
2026-03-18T19:41:42Z,85,Hospital_2,121150
2026-03-18T19:41:42Z,85,Hospital_4,138238
2026-03-18T19:41:42Z,85,Hospital_1,121150
2026-03-18T19:41:42Z,85,Hospital_5,121150
2026-03-18T19:41:45Z,86,Hospital_4,138250
2026-03-18T19:41:45Z,86,Hospital_5,121150
2026-03-18T19:41:45Z,86,Hospital_1,121150
2026-03-18T19:41:45Z,86,Hospital_3,121150
2026-03-18T19:41:45Z,86,Hospital_2,121150
2026-03-18T19:41:47Z,87,Hospital_4,121150
2026-03-18T19:41:47Z,87,Hospital_3,121150
2026-03-18T19:41:47Z,87,Hospital_2,138250
2026-03-18T19:41:47Z,87,Hospital_1,121150
2026-03-18T19:41:47Z,87,Hospital_5,121150
2026-03-18T19:41:50Z,88,Hospital_1,121150
2026-03-18T19:41:50Z,88,Hospital_5,121150
2026-03-18T19:41:50Z,88,Hospital_2,121150
2026-03-18T19:41:50Z,88,Hospital_3,121150
2026-03-18T19:41:50Z,88,Hospital_4,138250
2026-03-18T19:41:52Z,89,Hospital_5,121150
2026-03-18T19:41:52Z,89,Hospital_1,121150
2026-03-18T19:41:52Z,89,Hospital_4,138250
2026-03-18T19:41:52Z,89,Hospital_2,121150
2026-03-18T19:41:52Z,89,Hospital_3,121150
2026-03-18T19:41:54Z,90,Hospital_4,138250
2026-03-18T19:41:54Z,90,Hospital_5,121150
2026-03-18T19:41:54Z,90,Hospital_2,121150
2026-03-18T19:41:54Z,90,Hospital_3,121150
2026-03-18T19:41:54Z,90,Hospital_1,121150
2026-03-18T19:41:57Z,91,Hospital_1,121150
2026-03-18T19:41:57Z,91,Hospital_3,121138
2026-03-18T19:41:57Z,91,Hospital_5,121150
2026-03-18T19:41:57Z,91,Hospital_4,138250
2026-03-18T19:41:57Z,91,Hospital_2,121150
2026-03-18T19:42:00Z,92,Hospital_4,138250
2026-03-18T19:42:00Z,92,Hospital_3,121150
2026-03-18T19:42:00Z,92,Hospital_5,121138
2026-03-18T19:42:00Z,92,Hospital_2,121150
2026-03-18T19:42:00Z,92,Hospital_1,121150
2026-03-18T19:42:33Z,93,Hospital_1,121150
2026-03-18T19:42:33Z,93,Hospital_5,121138
2026-03-18T19:42:33Z,93,Hospital_2,121138
2026-03-18T19:42:33Z,93,Hospital_3,121150
2026-03-18T19:42:33Z,93,Hospital_4,138250
2026-03-18T19:42:36Z,94,Hospital_4,138250
2026-03-18T19:42:36Z,94,Hospital_2,121150
2026-03-18T19:42:36Z,94,Hospital_5,121150
2026-03-18T19:42:36Z,94,Hospital_3,121150
2026-03-18T19:42:36Z,94,Hospital_1,121150
2026-03-18T19:42:38Z,95,Hospital_3,121150
2026-03-18T19:42:38Z,95,Hospital_5,121150
2026-03-18T19:42:38Z,95,Hospital_2,121150
2026-03-18T19:42:38Z,95,Hospital_4,138250
2026-03-18T19:42:38Z,95,Hospital_1,121150
2026-03-18T19:42:40Z,96,Hospital_3,121126
2026-03-18T19:42:40Z,96,Hospital_1,121150
2026-03-18T19:42:40Z,96,Hospital_4,138250
2026-03-18T19:42:40Z,96,Hospital_5,121150
2026-03-18T19:42:40Z,96,Hospital_2,121150
2026-03-18T19:42:43Z,97,Hospital_5,121150
2026-03-18T19:42:43Z,97,Hospital_2,121150
2026-03-18T19:42:43Z,97,Hospital_1,121150
2026-03-18T19:42:43Z,97,Hospital_4,138250
2026-03-18T19:42:43Z,97,Hospital_3,121150
2026-03-18T19:42:46Z,98,Hospital_2,121150
2026-03-18T19:42:46Z,98,Hospital_1,121150
2026-03-18T19:42:46Z,98,Hospital_3,121138
2026-03-18T19:42:46Z,98,Hospital_5,121150
2026-03-18T19:42:46Z,98,Hospital_4,138250
2026-03-18T19:42:48Z,99,Hospital_5,138250
2026-03-18T19:42:48Z,99,Hospital_3,121138
2026-03-18T19:42:48Z,99,Hospital_1,121150
2026-03-18T19:42:48Z,99,Hospital_4,121150
2026-03-18T19:42:48Z,99,Hospital_2,121150
2026-03-18T19:42:50Z,100,Hospital_5,121150
2026-03-18T19:42:50Z,100,Hospital_3,121150
2026-03-18T19:42:50Z,100,Hospital_1,121150
2026-03-18T19:42:50Z,100,Hospital_4,138238
2026-03-18T19:42:50Z,100,Hospital_2,121150
2026-03-18T19:44:13Z,1,Hospital_3,138250
2026-03-18T19:44:13Z,1,Hospital_5,121150
2026-03-18T19:44:30Z,2,Hospital_1,121150
2026-03-18T19:44:30Z,2,Hospital_4,138250
2026-03-18T19:44:30Z,2,Hospital_2,121150
2026-03-18T19:44:30Z,2,Hospital_5,121150
2026-03-18T19:44:30Z,2,Hospital_3,121150
2026-03-18T19:44:33Z,3,Hospital_4,138250
2026-03-18T19:44:33Z,3,Hospital_3,121150
2026-03-18T19:44:33Z,3,Hospital_1,121138
2026-03-18T19:44:33Z,3,Hospital_2,121150
2026-03-18T19:44:33Z,3,Hospital_5,121150
2026-03-18T19:44:35Z,4,Hospital_4,138238
2026-03-18T19:44:35Z,4,Hospital_1,121138
2026-03-18T19:44:35Z,4,Hospital_3,121150
2026-03-18T19:44:35Z,4,Hospital_5,121150
2026-03-18T19:44:35Z,4,Hospital_2,121150
2026-03-18T19:44:38Z,5,Hospital_2,121150
2026-03-18T19:44:38Z,5,Hospital_1,121138
2026-03-18T19:44:38Z,5,Hospital_4,138250
2026-03-18T19:44:38Z,5,Hospital_3,121150
2026-03-18T19:44:38Z,5,Hospital_5,121150
2026-03-18T19:44:42Z,6,Hospital_3,121150
2026-03-18T19:44:42Z,6,Hospital_4,138250
2026-03-18T19:44:42Z,6,Hospital_5,121150
2026-03-18T19:44:42Z,6,Hospital_1,121150
2026-03-18T19:44:42Z,6,Hospital_2,121150
2026-03-18T19:44:45Z,7,Hospital_5,121138
2026-03-18T19:44:45Z,7,Hospital_2,121138
2026-03-18T19:44:45Z,7,Hospital_4,138250
2026-03-18T19:44:45Z,7,Hospital_1,121150
2026-03-18T19:44:45Z,7,Hospital_3,121150
2026-03-18T19:44:47Z,8,Hospital_3,121150
2026-03-18T19:44:47Z,8,Hospital_4,138250
2026-03-18T19:44:47Z,8,Hospital_2,121150
2026-03-18T19:44:47Z,8,Hospital_5,121150
2026-03-18T19:44:47Z,8,Hospital_1,121150
2026-03-18T19:44:50Z,9,Hospital_4,138250
2026-03-18T19:44:50Z,9,Hospital_3,121150
2026-03-18T19:44:50Z,9,Hospital_5,121150
2026-03-18T19:44:50Z,9,Hospital_1,121150
2026-03-18T19:44:50Z,9,Hospital_2,121150
2026-03-18T19:44:52Z,10,Hospital_1,121150
2026-03-18T19:44:52Z,10,Hospital_3,121150
2026-03-18T19:44:52Z,10,Hospital_4,138250
2026-03-18T19:44:52Z,10,Hospital_2,121150
2026-03-18T19:44:52Z,10,Hospital_5,121150
2026-03-18T19:44:57Z,11,Hospital_5,138250
2026-03-18T19:44:57Z,11,Hospital_2,121150
2026-03-18T19:44:57Z,11,Hospital_4,121150
2026-03-18T19:44:57Z,11,Hospital_1,121150
2026-03-18T19:44:57Z,11,Hospital_3,121150
2026-03-18T19:45:00Z,12,Hospital_2,121150
2026-03-18T19:45:00Z,12,Hospital_1,121150
2026-03-18T19:45:00Z,12,Hospital_5,121150
2026-03-18T19:45:00Z,12,Hospital_3,121150
2026-03-18T19:45:00Z,12,Hospital_4,138250
2026-03-18T19:45:03Z,13,Hospital_1,121150
2026-03-18T19:45:03Z,13,Hospital_3,121150
2026-03-18T19:45:03Z,13,Hospital_5,121150
2026-03-18T19:45:03Z,13,Hospital_4,138250
2026-03-18T19:45:03Z,13,Hospital_2,121150
2026-03-18T19:45:05Z,14,Hospital_4,138250
2026-03-18T19:45:05Z,14,Hospital_3,121150
2026-03-18T19:45:05Z,14,Hospital_5,121126
2026-03-18T19:45:05Z,14,Hospital_1,121150
2026-03-18T19:45:05Z,14,Hospital_2,121150
2026-03-18T19:45:08Z,15,Hospital_4,138250
2026-03-18T19:45:08Z,15,Hospital_3,121150
2026-03-18T19:45:08Z,15,Hospital_2,121150
2026-03-18T19:45:08Z,15,Hospital_1,121150
2026-03-18T19:45:08Z,15,Hospital_5,121150
2026-03-18T19:45:11Z,16,Hospital_1,121150
2026-03-18T19:45:11Z,16,Hospital_5,121150
2026-03-18T19:45:11Z,16,Hospital_3,121150
2026-03-18T19:45:11Z,16,Hospital_4,138250
2026-03-18T19:45:11Z,16,Hospital_2,121150
2026-03-18T19:45:14Z,17,Hospital_5,121150
2026-03-18T19:45:14Z,17,Hospital_4,138250
2026-03-18T19:45:14Z,17,Hospital_2,121138
2026-03-18T19:45:14Z,17,Hospital_1,121150
2026-03-18T19:45:14Z,17,Hospital_3,121150
2026-03-18T19:45:17Z,18,Hospital_4,138250
2026-03-18T19:45:17Z,18,Hospital_2,121150
2026-03-18T19:45:17Z,18,Hospital_3,121150
2026-03-18T19:45:17Z,18,Hospital_1,121150
2026-03-18T19:45:17Z,18,Hospital_5,121150
2026-03-18T19:45:19Z,19,Hospital_1,121150
2026-03-18T19:45:19Z,19,Hospital_5,121138
2026-03-18T19:45:19Z,19,Hospital_3,121138
2026-03-18T19:45:19Z,19,Hospital_2,121150
2026-03-18T19:45:19Z,19,Hospital_4,138250
2026-03-18T19:45:22Z,20,Hospital_2,121150
2026-03-18T19:45:22Z,20,Hospital_4,138250
2026-03-18T19:45:22Z,20,Hospital_3,121150
2026-03-18T19:45:22Z,20,Hospital_1,121150
2026-03-18T19:45:22Z,20,Hospital_5,121150
2026-03-18T19:45:54Z,21,Hospital_3,121150
2026-03-18T19:45:54Z,21,Hospital_1,121150
2026-03-18T19:45:54Z,21,Hospital_2,121150
2026-03-18T19:45:54Z,21,Hospital_4,138250
2026-03-18T19:45:54Z,21,Hospital_5,121150
2026-03-18T19:45:57Z,22,Hospital_4,138250
2026-03-18T19:45:57Z,22,Hospital_5,121150
2026-03-18T19:45:57Z,22,Hospital_2,121138
2026-03-18T19:45:57Z,22,Hospital_3,121150
2026-03-18T19:45:57Z,22,Hospital_1,121150
2026-03-18T19:45:59Z,23,Hospital_4,138250
2026-03-18T19:45:59Z,23,Hospital_5,121150
2026-03-18T19:45:59Z,23,Hospital_3,121150
2026-03-18T19:45:59Z,23,Hospital_2,121150
2026-03-18T19:45:59Z,23,Hospital_1,121150
2026-03-18T19:46:01Z,24,Hospital_5,121138
2026-03-18T19:46:01Z,24,Hospital_4,121138
2026-03-18T19:46:01Z,24,Hospital_1,121138
2026-03-18T19:46:01Z,24,Hospital_2,121138
2026-03-18T19:46:01Z,24,Hospital_3,138238
2026-03-18T19:46:03Z,25,Hospital_4,121150
2026-03-18T19:46:03Z,25,Hospital_1,138250
2026-03-18T19:46:03Z,25,Hospital_2,121150
2026-03-18T19:46:03Z,25,Hospital_3,121150
2026-03-18T19:46:03Z,25,Hospital_5,121150
2026-03-18T19:46:06Z,26,Hospital_5,138238
2026-03-18T19:46:06Z,26,Hospital_1,121150
2026-03-18T19:46:06Z,26,Hospital_4,121150
2026-03-18T19:46:06Z,26,Hospital_2,121150
2026-03-18T19:46:06Z,26,Hospital_3,121138
2026-03-18T19:46:09Z,27,Hospital_5,121150
2026-03-18T19:46:09Z,27,Hospital_1,121150
2026-03-18T19:46:09Z,27,Hospital_3,121138
2026-03-18T19:46:09Z,27,Hospital_2,121150
2026-03-18T19:46:09Z,27,Hospital_4,138250
2026-03-18T19:46:13Z,28,Hospital_1,121150
2026-03-18T19:46:13Z,28,Hospital_2,121150
2026-03-18T19:46:13Z,28,Hospital_4,138250
2026-03-18T19:46:13Z,28,Hospital_5,121150
2026-03-18T19:46:13Z,28,Hospital_3,121150
2026-03-18T19:46:15Z,29,Hospital_1,121150
2026-03-18T19:46:15Z,29,Hospital_2,121150
2026-03-18T19:46:15Z,29,Hospital_5,121150
2026-03-18T19:46:15Z,29,Hospital_3,121138
2026-03-18T19:46:15Z,29,Hospital_4,138250
2026-03-18T19:46:17Z,30,Hospital_3,121150
2026-03-18T19:46:17Z,30,Hospital_4,138250
2026-03-18T19:46:17Z,30,Hospital_1,121150
2026-03-18T19:46:17Z,30,Hospital_2,121150
2026-03-18T19:46:17Z,30,Hospital_5,121150
2026-03-18T19:46:20Z,31,Hospital_4,138250
2026-03-18T19:46:20Z,31,Hospital_3,121150
2026-03-18T19:46:20Z,31,Hospital_1,121150
2026-03-18T19:46:20Z,31,Hospital_2,121150
2026-03-18T19:46:20Z,31,Hospital_5,121150
2026-03-18T19:46:22Z,32,Hospital_1,121150
2026-03-18T19:46:22Z,32,Hospital_5,121150
2026-03-18T19:46:22Z,32,Hospital_4,138250
2026-03-18T19:46:22Z,32,Hospital_2,121150
2026-03-18T19:46:22Z,32,Hospital_3,121150
2026-03-18T19:46:25Z,33,Hospital_4,138238
2026-03-18T19:46:25Z,33,Hospital_2,121150
2026-03-18T19:46:25Z,33,Hospital_5,121150
2026-03-18T19:46:25Z,33,Hospital_3,121150
2026-03-18T19:46:25Z,33,Hospital_1,121150
2026-03-18T19:46:29Z,34,Hospital_4,138238
2026-03-18T19:46:29Z,34,Hospital_2,121150
2026-03-18T19:46:29Z,34,Hospital_3,121150
2026-03-18T19:46:29Z,34,Hospital_1,121138
2026-03-18T19:46:29Z,34,Hospital_5,121150
2026-03-18T19:47:01Z,35,Hospital_4,138238
2026-03-18T19:47:01Z,35,Hospital_5,121138
2026-03-18T19:47:01Z,35,Hospital_3,121150
2026-03-18T19:47:01Z,35,Hospital_1,121150
2026-03-18T19:47:01Z,35,Hospital_2,121150
2026-03-18T19:47:04Z,36,Hospital_2,121150
2026-03-18T19:47:04Z,36,Hospital_4,138250
2026-03-18T19:47:04Z,36,Hospital_5,121150
2026-03-18T19:47:04Z,36,Hospital_3,121150
2026-03-18T19:47:04Z,36,Hospital_1,121150
2026-03-18T19:47:06Z,37,Hospital_4,138250
2026-03-18T19:47:06Z,37,Hospital_1,121150
2026-03-18T19:47:06Z,37,Hospital_5,121150
2026-03-18T19:47:06Z,37,Hospital_2,121138
2026-03-18T19:47:06Z,37,Hospital_3,121150
2026-03-18T19:47:10Z,38,Hospital_2,121150
2026-03-18T19:47:10Z,38,Hospital_5,121150
2026-03-18T19:47:10Z,38,Hospital_4,138250
2026-03-18T19:47:10Z,38,Hospital_3,121150
2026-03-18T19:47:10Z,38,Hospital_1,121150
2026-03-18T19:47:12Z,39,Hospital_4,138250
2026-03-18T19:47:12Z,39,Hospital_1,121138
2026-03-18T19:47:12Z,39,Hospital_5,121150
2026-03-18T19:47:12Z,39,Hospital_2,121150
2026-03-18T19:47:12Z,39,Hospital_3,121150
2026-03-18T19:47:14Z,40,Hospital_5,121150
2026-03-18T19:47:14Z,40,Hospital_4,138250
2026-03-18T19:47:14Z,40,Hospital_2,121150
2026-03-18T19:47:14Z,40,Hospital_3,121150
2026-03-18T19:47:14Z,40,Hospital_1,121150
2026-03-18T19:47:17Z,41,Hospital_4,138250
2026-03-18T19:47:17Z,41,Hospital_5,121138
2026-03-18T19:47:17Z,41,Hospital_1,121150
2026-03-18T19:47:17Z,41,Hospital_3,121150
2026-03-18T19:47:17Z,41,Hospital_2,121150
2026-03-18T19:47:19Z,42,Hospital_1,121150
2026-03-18T19:47:19Z,42,Hospital_5,121150
2026-03-18T19:47:19Z,42,Hospital_2,121150
2026-03-18T19:47:19Z,42,Hospital_4,138250
2026-03-18T19:47:19Z,42,Hospital_3,121150
2026-03-18T19:47:22Z,43,Hospital_1,121150
2026-03-18T19:47:22Z,43,Hospital_4,121150
2026-03-18T19:47:22Z,43,Hospital_5,121150
2026-03-18T19:47:22Z,43,Hospital_3,138250
2026-03-18T19:47:22Z,43,Hospital_2,121150
2026-03-18T19:47:24Z,44,Hospital_4,138250
2026-03-18T19:47:24Z,44,Hospital_5,121150
2026-03-18T19:47:24Z,44,Hospital_2,121150
2026-03-18T19:47:24Z,44,Hospital_1,121150
2026-03-18T19:47:24Z,44,Hospital_3,121150
2026-03-18T19:47:28Z,45,Hospital_1,121150
2026-03-18T19:47:28Z,45,Hospital_3,121150
2026-03-18T19:47:28Z,45,Hospital_2,121150
2026-03-18T19:47:28Z,45,Hospital_5,121150
2026-03-18T19:47:28Z,45,Hospital_4,138250
2026-03-18T19:47:31Z,46,Hospital_5,121138
2026-03-18T19:47:31Z,46,Hospital_3,121150
2026-03-18T19:47:31Z,46,Hospital_1,121150
2026-03-18T19:47:31Z,46,Hospital_2,121150
2026-03-18T19:47:31Z,46,Hospital_4,138250
2026-03-18T19:47:33Z,47,Hospital_4,138250
2026-03-18T19:47:33Z,47,Hospital_5,121150
2026-03-18T19:47:33Z,47,Hospital_2,121150
2026-03-18T19:47:33Z,47,Hospital_3,121150
2026-03-18T19:47:33Z,47,Hospital_1,121150
2026-03-18T19:47:36Z,48,Hospital_4,138250
2026-03-18T19:47:36Z,48,Hospital_2,121138
2026-03-18T19:47:36Z,48,Hospital_3,121150
2026-03-18T19:47:36Z,48,Hospital_5,121150
2026-03-18T19:47:36Z,48,Hospital_1,121150
2026-03-18T19:48:08Z,49,Hospital_3,121150
2026-03-18T19:48:08Z,49,Hospital_4,138250
2026-03-18T19:48:08Z,49,Hospital_2,121150
2026-03-18T19:48:08Z,49,Hospital_5,121150
2026-03-18T19:48:08Z,49,Hospital_1,121150
2026-03-18T19:48:11Z,50,Hospital_1,121150
2026-03-18T19:48:11Z,50,Hospital_5,121150
2026-03-18T19:48:11Z,50,Hospital_4,138250
2026-03-18T19:48:11Z,50,Hospital_3,121138
2026-03-18T19:48:11Z,50,Hospital_2,121150
2026-03-18T19:48:13Z,51,Hospital_4,138250
2026-03-18T19:48:13Z,51,Hospital_2,121138
2026-03-18T19:48:13Z,51,Hospital_3,121150
2026-03-18T19:48:13Z,51,Hospital_5,121150
2026-03-18T19:48:13Z,51,Hospital_1,121150
2026-03-18T19:48:15Z,52,Hospital_5,121150
2026-03-18T19:48:15Z,52,Hospital_4,138250
2026-03-18T19:48:15Z,52,Hospital_2,121150
2026-03-18T19:48:15Z,52,Hospital_1,121150
2026-03-18T19:48:15Z,52,Hospital_3,121150
2026-03-18T19:48:18Z,53,Hospital_3,121150
2026-03-18T19:48:18Z,53,Hospital_1,121150
2026-03-18T19:48:18Z,53,Hospital_4,138250
2026-03-18T19:48:18Z,53,Hospital_5,121138
2026-03-18T19:48:18Z,53,Hospital_2,121150
2026-03-18T19:48:20Z,54,Hospital_1,121150
2026-03-18T19:48:20Z,54,Hospital_3,121150
2026-03-18T19:48:20Z,54,Hospital_4,138250
2026-03-18T19:48:20Z,54,Hospital_2,121150
2026-03-18T19:48:20Z,54,Hospital_5,121150
2026-03-18T19:48:23Z,55,Hospital_2,121150
2026-03-18T19:48:23Z,55,Hospital_3,121150
2026-03-18T19:48:23Z,55,Hospital_4,138250
2026-03-18T19:48:23Z,55,Hospital_1,121150
2026-03-18T19:48:23Z,55,Hospital_5,121150
2026-03-18T19:48:26Z,56,Hospital_5,121150
2026-03-18T19:48:26Z,56,Hospital_3,121150
2026-03-18T19:48:26Z,56,Hospital_2,121150
2026-03-18T19:48:26Z,56,Hospital_4,138250
2026-03-18T19:48:26Z,56,Hospital_1,121150
2026-03-18T19:48:28Z,57,Hospital_2,121150
2026-03-18T19:48:28Z,57,Hospital_1,121150
2026-03-18T19:48:28Z,57,Hospital_5,121150
2026-03-18T19:48:28Z,57,Hospital_3,121150
2026-03-18T19:48:28Z,57,Hospital_4,138250
2026-03-18T19:48:30Z,58,Hospital_2,121150
2026-03-18T19:48:30Z,58,Hospital_3,121150
2026-03-18T19:48:30Z,58,Hospital_5,121150
2026-03-18T19:48:30Z,58,Hospital_1,121150
2026-03-18T19:48:30Z,58,Hospital_4,138250
2026-03-18T19:48:32Z,59,Hospital_5,121150
2026-03-18T19:48:32Z,59,Hospital_3,121150
2026-03-18T19:48:32Z,59,Hospital_2,121150
2026-03-18T19:48:32Z,59,Hospital_1,121150
2026-03-18T19:48:32Z,59,Hospital_4,138250
2026-03-18T19:48:34Z,60,Hospital_1,121150
2026-03-18T19:48:34Z,60,Hospital_3,121150
2026-03-18T19:48:34Z,60,Hospital_5,121150
2026-03-18T19:48:34Z,60,Hospital_4,138250
2026-03-18T19:48:34Z,60,Hospital_2,121150
2026-03-18T19:48:37Z,61,Hospital_4,138250
2026-03-18T19:48:37Z,61,Hospital_1,121150
2026-03-18T19:48:37Z,61,Hospital_3,121150
2026-03-18T19:48:37Z,61,Hospital_5,121150
2026-03-18T19:48:37Z,61,Hospital_2,121150
2026-03-18T19:48:41Z,62,Hospital_1,121150
2026-03-18T19:48:41Z,62,Hospital_5,121150
2026-03-18T19:48:41Z,62,Hospital_4,138250
2026-03-18T19:48:41Z,62,Hospital_2,121150
2026-03-18T19:48:41Z,62,Hospital_3,121150
2026-03-18T19:49:14Z,63,Hospital_1,121150
2026-03-18T19:49:14Z,63,Hospital_5,121150
2026-03-18T19:49:14Z,63,Hospital_3,121150
2026-03-18T19:49:14Z,63,Hospital_4,138250
2026-03-18T19:49:14Z,63,Hospital_2,121150
2026-03-18T19:49:16Z,64,Hospital_4,138250
2026-03-18T19:49:16Z,64,Hospital_1,121150
2026-03-18T19:49:16Z,64,Hospital_5,121138
2026-03-18T19:49:16Z,64,Hospital_3,121150
2026-03-18T19:49:16Z,64,Hospital_2,121150
2026-03-18T19:49:19Z,65,Hospital_3,121150
2026-03-18T19:49:19Z,65,Hospital_2,121150
2026-03-18T19:49:19Z,65,Hospital_1,121150
2026-03-18T19:49:19Z,65,Hospital_5,121150
2026-03-18T19:49:19Z,65,Hospital_4,138250
2026-03-18T19:49:22Z,66,Hospital_3,121150
2026-03-18T19:49:22Z,66,Hospital_1,121150
2026-03-18T19:49:22Z,66,Hospital_4,138250
2026-03-18T19:49:22Z,66,Hospital_2,121150
2026-03-18T19:49:22Z,66,Hospital_5,121150
2026-03-18T19:49:25Z,67,Hospital_2,121150
2026-03-18T19:49:25Z,67,Hospital_3,121150
2026-03-18T19:49:25Z,67,Hospital_4,138250
2026-03-18T19:49:25Z,67,Hospital_1,121150
2026-03-18T19:49:25Z,67,Hospital_5,121150
2026-03-18T19:49:28Z,68,Hospital_2,121150
2026-03-18T19:49:28Z,68,Hospital_3,121150
2026-03-18T19:49:28Z,68,Hospital_4,138250
2026-03-18T19:49:28Z,68,Hospital_5,121150
2026-03-18T19:49:28Z,68,Hospital_1,121150
2026-03-18T19:49:30Z,69,Hospital_1,121150
2026-03-18T19:49:30Z,69,Hospital_3,121150
2026-03-18T19:49:30Z,69,Hospital_4,138250
2026-03-18T19:49:30Z,69,Hospital_2,121150
2026-03-18T19:49:30Z,69,Hospital_5,121150
2026-03-18T19:49:33Z,70,Hospital_2,121150
2026-03-18T19:49:33Z,70,Hospital_1,121150
2026-03-18T19:49:33Z,70,Hospital_5,121138
2026-03-18T19:49:33Z,70,Hospital_3,121150
2026-03-18T19:49:33Z,70,Hospital_4,138250
2026-03-18T19:49:35Z,71,Hospital_2,121150
2026-03-18T19:49:35Z,71,Hospital_3,138238
2026-03-18T19:49:35Z,71,Hospital_5,121150
2026-03-18T19:49:35Z,71,Hospital_1,121150
2026-03-18T19:49:35Z,71,Hospital_4,121138
2026-03-18T19:49:38Z,72,Hospital_3,121138
2026-03-18T19:49:38Z,72,Hospital_4,138238
2026-03-18T19:49:38Z,72,Hospital_2,121150
2026-03-18T19:49:38Z,72,Hospital_5,121150
2026-03-18T19:49:38Z,72,Hospital_1,121138
2026-03-18T19:49:40Z,73,Hospital_4,138238
2026-03-18T19:49:40Z,73,Hospital_5,121150
2026-03-18T19:49:40Z,73,Hospital_2,121150
2026-03-18T19:49:40Z,73,Hospital_1,121150
2026-03-18T19:49:40Z,73,Hospital_3,121150
2026-03-18T19:49:43Z,74,Hospital_1,121150
2026-03-18T19:49:43Z,74,Hospital_5,138250
2026-03-18T19:49:43Z,74,Hospital_4,121150
2026-03-18T19:49:43Z,74,Hospital_2,121150
2026-03-18T19:49:43Z,74,Hospital_3,121138
2026-03-18T19:49:45Z,75,Hospital_5,121150
2026-03-18T19:49:45Z,75,Hospital_1,121150
2026-03-18T19:49:45Z,75,Hospital_2,121150
2026-03-18T19:49:45Z,75,Hospital_3,121150
2026-03-18T19:49:45Z,75,Hospital_4,138250
2026-03-18T19:49:47Z,76,Hospital_4,138250
2026-03-18T19:49:47Z,76,Hospital_5,121150
2026-03-18T19:49:47Z,76,Hospital_2,121150
2026-03-18T19:49:47Z,76,Hospital_3,121150
2026-03-18T19:49:47Z,76,Hospital_1,121150
2026-03-18T19:49:50Z,77,Hospital_1,121150
2026-03-18T19:49:50Z,77,Hospital_2,121150
2026-03-18T19:49:50Z,77,Hospital_4,138250
2026-03-18T19:49:50Z,77,Hospital_5,121150
2026-03-18T19:49:50Z,77,Hospital_3,121150
2026-03-18T19:49:52Z,78,Hospital_2,121150
2026-03-18T19:49:52Z,78,Hospital_3,121150
2026-03-18T19:49:52Z,78,Hospital_1,121150
2026-03-18T19:49:52Z,78,Hospital_4,138250
2026-03-18T19:49:52Z,78,Hospital_5,121150
2026-03-18T19:49:55Z,79,Hospital_5,121150
2026-03-18T19:49:55Z,79,Hospital_3,121150
2026-03-18T19:49:55Z,79,Hospital_1,121150
2026-03-18T19:49:55Z,79,Hospital_4,138250
2026-03-18T19:49:55Z,79,Hospital_2,121138
2026-03-18T19:49:58Z,80,Hospital_2,121150
2026-03-18T19:49:58Z,80,Hospital_3,121150
2026-03-18T19:49:58Z,80,Hospital_4,138250
2026-03-18T19:49:58Z,80,Hospital_1,121150
2026-03-18T19:49:58Z,80,Hospital_5,121150
2026-03-18T19:50:01Z,81,Hospital_3,121138
2026-03-18T19:50:01Z,81,Hospital_5,121150
2026-03-18T19:50:01Z,81,Hospital_2,121150
2026-03-18T19:50:01Z,81,Hospital_1,121150
2026-03-18T19:50:01Z,81,Hospital_4,138250
2026-03-18T19:50:03Z,82,Hospital_5,121150
2026-03-18T19:50:03Z,82,Hospital_2,121150
2026-03-18T19:50:03Z,82,Hospital_3,121150
2026-03-18T19:50:03Z,82,Hospital_1,138250
2026-03-18T19:50:03Z,82,Hospital_4,121150
2026-03-18T19:50:05Z,83,Hospital_4,138250
2026-03-18T19:50:05Z,83,Hospital_1,121150
2026-03-18T19:50:05Z,83,Hospital_5,121150
2026-03-18T19:50:05Z,83,Hospital_3,121150
2026-03-18T19:50:05Z,83,Hospital_2,121150
2026-03-18T19:50:07Z,84,Hospital_4,138238
2026-03-18T19:50:07Z,84,Hospital_1,121150
2026-03-18T19:50:07Z,84,Hospital_3,121150
2026-03-18T19:50:07Z,84,Hospital_5,121150
2026-03-18T19:50:07Z,84,Hospital_2,121150
2026-03-18T19:50:10Z,85,Hospital_5,121150
2026-03-18T19:50:10Z,85,Hospital_2,121150
2026-03-18T19:50:10Z,85,Hospital_4,138250
2026-03-18T19:50:10Z,85,Hospital_1,121150
2026-03-18T19:50:10Z,85,Hospital_3,121150
2026-03-18T19:50:14Z,86,Hospital_5,121150
2026-03-18T19:50:14Z,86,Hospital_2,121150
2026-03-18T19:50:14Z,86,Hospital_3,121150
2026-03-18T19:50:14Z,86,Hospital_1,138250
2026-03-18T19:50:14Z,86,Hospital_4,121150
2026-03-18T19:50:46Z,87,Hospital_3,121150
2026-03-18T19:50:46Z,87,Hospital_5,121150
2026-03-18T19:50:46Z,87,Hospital_1,121138
2026-03-18T19:50:46Z,87,Hospital_4,138238
2026-03-18T19:50:46Z,87,Hospital_2,121150
2026-03-18T19:50:49Z,88,Hospital_4,138250
2026-03-18T19:50:49Z,88,Hospital_5,121150
2026-03-18T19:50:49Z,88,Hospital_2,121150
2026-03-18T19:50:49Z,88,Hospital_3,121150
2026-03-18T19:50:49Z,88,Hospital_1,121150
2026-03-18T19:50:51Z,89,Hospital_5,121150
2026-03-18T19:50:51Z,89,Hospital_3,121150
2026-03-18T19:50:51Z,89,Hospital_4,138250
2026-03-18T19:50:51Z,89,Hospital_2,121150
2026-03-18T19:50:51Z,89,Hospital_1,121150
2026-03-18T19:50:55Z,90,Hospital_2,121150
2026-03-18T19:50:55Z,90,Hospital_1,121150
2026-03-18T19:50:55Z,90,Hospital_5,121150
2026-03-18T19:50:55Z,90,Hospital_3,121150
2026-03-18T19:50:55Z,90,Hospital_4,138250
2026-03-18T19:50:58Z,91,Hospital_2,121150
2026-03-18T19:50:58Z,91,Hospital_3,121150
2026-03-18T19:50:58Z,91,Hospital_5,121150
2026-03-18T19:50:58Z,91,Hospital_1,121150
2026-03-18T19:50:58Z,91,Hospital_4,138250
2026-03-18T19:51:01Z,92,Hospital_4,138250
2026-03-18T19:51:01Z,92,Hospital_1,121150
2026-03-18T19:51:01Z,92,Hospital_2,121150
2026-03-18T19:51:01Z,92,Hospital_3,121150
2026-03-18T19:51:01Z,92,Hospital_5,121150
2026-03-18T19:51:03Z,93,Hospital_1,121150
2026-03-18T19:51:03Z,93,Hospital_3,121150
2026-03-18T19:51:03Z,93,Hospital_4,138238
2026-03-18T19:51:03Z,93,Hospital_5,121150
2026-03-18T19:51:03Z,93,Hospital_2,121150
2026-03-18T19:51:05Z,94,Hospital_3,121150
2026-03-18T19:51:05Z,94,Hospital_2,121150
2026-03-18T19:51:05Z,94,Hospital_1,121150
2026-03-18T19:51:05Z,94,Hospital_4,138250
2026-03-18T19:51:05Z,94,Hospital_5,121150
2026-03-18T19:51:08Z,95,Hospital_5,121150
2026-03-18T19:51:08Z,95,Hospital_4,138250
2026-03-18T19:51:08Z,95,Hospital_3,121150
2026-03-18T19:51:08Z,95,Hospital_1,121150
2026-03-18T19:51:08Z,95,Hospital_2,121150
2026-03-18T19:51:11Z,96,Hospital_4,138238
2026-03-18T19:51:11Z,96,Hospital_3,121150
2026-03-18T19:51:11Z,96,Hospital_1,121150
2026-03-18T19:51:11Z,96,Hospital_5,121150
2026-03-18T19:51:11Z,96,Hospital_2,121150
2026-03-18T19:51:14Z,97,Hospital_2,121150
2026-03-18T19:51:14Z,97,Hospital_3,121150
2026-03-18T19:51:14Z,97,Hospital_4,138250
2026-03-18T19:51:14Z,97,Hospital_1,121150
2026-03-18T19:51:14Z,97,Hospital_5,121138
2026-03-18T19:51:16Z,98,Hospital_1,121150
2026-03-18T19:51:16Z,98,Hospital_5,121150
2026-03-18T19:51:16Z,98,Hospital_2,121150
2026-03-18T19:51:16Z,98,Hospital_4,138250
2026-03-18T19:51:16Z,98,Hospital_3,121150
2026-03-18T19:51:18Z,99,Hospital_2,121138
2026-03-18T19:51:18Z,99,Hospital_1,121150
2026-03-18T19:51:18Z,99,Hospital_5,121138
2026-03-18T19:51:18Z,99,Hospital_3,121150
2026-03-18T19:51:18Z,99,Hospital_4,138250
2026-03-18T19:51:21Z,100,Hospital_1,121138
2026-03-18T19:51:21Z,100,Hospital_2,121138
2026-03-18T19:51:21Z,100,Hospital_3,121150
2026-03-18T19:51:21Z,100,Hospital_5,121150
2026-03-18T19:51:21Z,100,Hospital_4,138250
2026-03-18T19:52:57Z,1,Hospital_1,121150
2026-03-18T19:52:57Z,1,Hospital_2,121150
2026-03-18T19:52:57Z,1,Hospital_3,121150
2026-03-18T19:52:57Z,1,Hospital_4,121150
2026-03-18T19:52:57Z,1,Hospital_5,138250
2026-03-18T19:53:29Z,2,Hospital_4,138250
2026-03-18T19:53:29Z,2,Hospital_2,121150
2026-03-18T19:53:29Z,2,Hospital_5,121150
2026-03-18T19:53:29Z,2,Hospital_3,121150
2026-03-18T19:53:29Z,2,Hospital_1,121150
2026-03-18T19:53:33Z,3,Hospital_3,121150
2026-03-18T19:53:33Z,3,Hospital_1,121138
2026-03-18T19:53:33Z,3,Hospital_5,121138
2026-03-18T19:53:33Z,3,Hospital_2,121150
2026-03-18T19:53:33Z,3,Hospital_4,138250
2026-03-18T19:53:35Z,4,Hospital_5,121150
2026-03-18T19:53:35Z,4,Hospital_3,121150
2026-03-18T19:53:35Z,4,Hospital_4,138250
2026-03-18T19:53:35Z,4,Hospital_2,121138
2026-03-18T19:53:35Z,4,Hospital_1,121150
2026-03-18T19:53:38Z,5,Hospital_5,121150
2026-03-18T19:53:38Z,5,Hospital_4,138250
2026-03-18T19:53:38Z,5,Hospital_3,121150
2026-03-18T19:53:38Z,5,Hospital_2,121150
2026-03-18T19:53:38Z,5,Hospital_1,121150
2026-03-18T19:53:40Z,6,Hospital_5,121150
2026-03-18T19:53:40Z,6,Hospital_4,138250
2026-03-18T19:53:40Z,6,Hospital_1,121138
2026-03-18T19:53:40Z,6,Hospital_2,121138
2026-03-18T19:53:40Z,6,Hospital_3,121150
2026-03-18T19:53:43Z,7,Hospital_4,138250
2026-03-18T19:53:43Z,7,Hospital_1,121138
2026-03-18T19:53:43Z,7,Hospital_5,121150
2026-03-18T19:53:43Z,7,Hospital_2,121138
2026-03-18T19:53:43Z,7,Hospital_3,121150
2026-03-18T19:53:47Z,8,Hospital_5,121138
2026-03-18T19:53:47Z,8,Hospital_4,138250
2026-03-18T19:53:47Z,8,Hospital_2,121150
2026-03-18T19:53:47Z,8,Hospital_3,121150
2026-03-18T19:53:47Z,8,Hospital_1,121150
2026-03-18T19:53:50Z,9,Hospital_1,121150
2026-03-18T19:53:50Z,9,Hospital_2,121150
2026-03-18T19:53:50Z,9,Hospital_4,138250
2026-03-18T19:53:50Z,9,Hospital_5,121150
2026-03-18T19:53:50Z,9,Hospital_3,121150
2026-03-18T19:53:53Z,10,Hospital_4,138238
2026-03-18T19:53:53Z,10,Hospital_3,121138
2026-03-18T19:53:53Z,10,Hospital_1,121138
2026-03-18T19:53:53Z,10,Hospital_2,121150
2026-03-18T19:53:53Z,10,Hospital_5,121150
2026-03-18T19:53:56Z,11,Hospital_2,121150
2026-03-18T19:53:56Z,11,Hospital_1,121150
2026-03-18T19:53:56Z,11,Hospital_3,121150
2026-03-18T19:53:56Z,11,Hospital_5,121150
2026-03-18T19:53:56Z,11,Hospital_4,138250
2026-03-18T19:53:59Z,12,Hospital_1,121150
2026-03-18T19:53:59Z,12,Hospital_5,121150
2026-03-18T19:53:59Z,12,Hospital_2,121150
2026-03-18T19:53:59Z,12,Hospital_4,138250
2026-03-18T19:53:59Z,12,Hospital_3,121150
2026-03-18T19:54:02Z,13,Hospital_1,121150
2026-03-18T19:54:02Z,13,Hospital_5,121150
2026-03-18T19:54:02Z,13,Hospital_2,121150
2026-03-18T19:54:02Z,13,Hospital_3,121150
2026-03-18T19:54:02Z,13,Hospital_4,138250
2026-03-18T19:54:06Z,14,Hospital_2,121150
2026-03-18T19:54:06Z,14,Hospital_1,121150
2026-03-18T19:54:06Z,14,Hospital_5,121150
2026-03-18T19:54:06Z,14,Hospital_3,121150
2026-03-18T19:54:06Z,14,Hospital_4,138250
2026-03-18T19:54:08Z,15,Hospital_1,121150
2026-03-18T19:54:08Z,15,Hospital_2,138250
2026-03-18T19:54:08Z,15,Hospital_4,121150
2026-03-18T19:54:08Z,15,Hospital_5,121150
2026-03-18T19:54:08Z,15,Hospital_3,121150
2026-03-18T19:54:11Z,16,Hospital_2,121150
2026-03-18T19:54:11Z,16,Hospital_3,121150
2026-03-18T19:54:11Z,16,Hospital_1,121150
2026-03-18T19:54:11Z,16,Hospital_4,138250
2026-03-18T19:54:11Z,16,Hospital_5,121150
2026-03-18T19:54:14Z,17,Hospital_1,121150
2026-03-18T19:54:14Z,17,Hospital_5,121150
2026-03-18T19:54:14Z,17,Hospital_2,121150
2026-03-18T19:54:14Z,17,Hospital_4,138250
2026-03-18T19:54:14Z,17,Hospital_3,121150
2026-03-18T19:54:16Z,18,Hospital_2,121150
2026-03-18T19:54:16Z,18,Hospital_4,138250
2026-03-18T19:54:16Z,18,Hospital_5,121150
2026-03-18T19:54:16Z,18,Hospital_3,121150
2026-03-18T19:54:16Z,18,Hospital_1,121150
2026-03-18T19:54:21Z,19,Hospital_1,121150
2026-03-18T19:54:21Z,19,Hospital_4,138250
2026-03-18T19:54:21Z,19,Hospital_5,121150
2026-03-18T19:54:21Z,19,Hospital_3,121150
2026-03-18T19:54:21Z,19,Hospital_2,121150
2026-03-18T19:54:23Z,20,Hospital_1,121138
2026-03-18T19:54:23Z,20,Hospital_2,121150
2026-03-18T19:54:23Z,20,Hospital_3,121138
2026-03-18T19:54:23Z,20,Hospital_5,121150
2026-03-18T19:54:23Z,20,Hospital_4,138250
2026-03-18T19:54:26Z,21,Hospital_3,121150
2026-03-18T19:54:26Z,21,Hospital_5,121150
2026-03-18T19:54:26Z,21,Hospital_1,121150
2026-03-18T19:54:26Z,21,Hospital_4,138250
2026-03-18T19:54:26Z,21,Hospital_2,121150
2026-03-18T19:54:28Z,22,Hospital_1,121150
2026-03-18T19:54:28Z,22,Hospital_3,121150
2026-03-18T19:54:28Z,22,Hospital_4,138250
2026-03-18T19:54:28Z,22,Hospital_5,121150
2026-03-18T19:54:28Z,22,Hospital_2,121150
2026-03-18T19:54:30Z,23,Hospital_1,121150
2026-03-18T19:54:30Z,23,Hospital_5,121150
2026-03-18T19:54:30Z,23,Hospital_3,121150
2026-03-18T19:54:30Z,23,Hospital_2,121150
2026-03-18T19:54:30Z,23,Hospital_4,138250
2026-03-18T19:54:32Z,24,Hospital_1,121150
2026-03-18T19:54:32Z,24,Hospital_3,121150
2026-03-18T19:54:32Z,24,Hospital_2,121150
2026-03-18T19:54:32Z,24,Hospital_5,121150
2026-03-18T19:54:32Z,24,Hospital_4,138250
2026-03-18T19:54:37Z,25,Hospital_5,121138
2026-03-18T19:54:37Z,25,Hospital_1,121150
2026-03-18T19:54:37Z,25,Hospital_2,121150
2026-03-18T19:54:37Z,25,Hospital_3,121150
2026-03-18T19:54:37Z,25,Hospital_4,138250
2026-03-18T19:54:40Z,26,Hospital_3,121150
2026-03-18T19:54:40Z,26,Hospital_5,121150
2026-03-18T19:54:40Z,26,Hospital_2,121138
2026-03-18T19:54:40Z,26,Hospital_1,121150
2026-03-18T19:54:40Z,26,Hospital_4,138250
2026-03-18T19:54:42Z,27,Hospital_5,121150
2026-03-18T19:54:42Z,27,Hospital_2,121150
2026-03-18T19:54:42Z,27,Hospital_4,138250
2026-03-18T19:54:42Z,27,Hospital_1,121150
2026-03-18T19:54:42Z,27,Hospital_3,121150
2026-03-18T19:54:45Z,28,Hospital_2,121150
2026-03-18T19:54:45Z,28,Hospital_1,121150
2026-03-18T19:54:45Z,28,Hospital_4,138238
2026-03-18T19:54:45Z,28,Hospital_5,121138
2026-03-18T19:54:45Z,28,Hospital_3,121150
2026-03-18T19:54:47Z,29,Hospital_4,121150
2026-03-18T19:54:47Z,29,Hospital_2,121150
2026-03-18T19:54:47Z,29,Hospital_5,121150
2026-03-18T19:54:47Z,29,Hospital_1,138238
2026-03-18T19:54:47Z,29,Hospital_3,121150
2026-03-18T19:54:49Z,30,Hospital_2,121150
2026-03-18T19:54:49Z,30,Hospital_3,121150
2026-03-18T19:54:49Z,30,Hospital_4,121150
2026-03-18T19:54:49Z,30,Hospital_1,121138
2026-03-18T19:54:49Z,30,Hospital_5,138250
2026-03-18T19:54:53Z,31,Hospital_1,121150
2026-03-18T19:54:53Z,31,Hospital_4,138250
2026-03-18T19:54:53Z,31,Hospital_3,121150
2026-03-18T19:54:53Z,31,Hospital_5,121150
2026-03-18T19:54:53Z,31,Hospital_2,121138
2026-03-18T19:54:56Z,32,Hospital_2,121150
2026-03-18T19:54:56Z,32,Hospital_3,121150
2026-03-18T19:54:56Z,32,Hospital_4,138238
2026-03-18T19:54:56Z,32,Hospital_5,121150
2026-03-18T19:54:56Z,32,Hospital_1,121150
2026-03-18T19:54:59Z,33,Hospital_4,138250
2026-03-18T19:54:59Z,33,Hospital_5,121150
2026-03-18T19:54:59Z,33,Hospital_1,121138
2026-03-18T19:54:59Z,33,Hospital_2,121138
2026-03-18T19:54:59Z,33,Hospital_3,121150
2026-03-18T19:55:01Z,34,Hospital_2,121150
2026-03-18T19:55:01Z,34,Hospital_3,121150
2026-03-18T19:55:01Z,34,Hospital_5,121138
2026-03-18T19:55:01Z,34,Hospital_4,138250
2026-03-18T19:55:01Z,34,Hospital_1,121150
2026-03-18T19:55:04Z,35,Hospital_1,121150
2026-03-18T19:55:04Z,35,Hospital_5,121150
2026-03-18T19:55:04Z,35,Hospital_3,121138
2026-03-18T19:55:04Z,35,Hospital_4,138250
2026-03-18T19:55:04Z,35,Hospital_2,121150
2026-03-18T19:55:06Z,36,Hospital_3,121150
2026-03-18T19:55:06Z,36,Hospital_5,121150
2026-03-18T19:55:06Z,36,Hospital_2,121150
2026-03-18T19:55:06Z,36,Hospital_1,138250
2026-03-18T19:55:06Z,36,Hospital_4,121150
2026-03-18T19:55:09Z,37,Hospital_5,121150
2026-03-18T19:55:09Z,37,Hospital_3,121150
2026-03-18T19:55:09Z,37,Hospital_2,121150
2026-03-18T19:55:09Z,37,Hospital_4,138250
2026-03-18T19:55:09Z,37,Hospital_1,121150
2026-03-18T19:55:11Z,38,Hospital_3,121150
2026-03-18T19:55:11Z,38,Hospital_2,121150
2026-03-18T19:55:11Z,38,Hospital_5,121150
2026-03-18T19:55:11Z,38,Hospital_1,138250
2026-03-18T19:55:11Z,38,Hospital_4,121138
2026-03-18T19:55:13Z,39,Hospital_4,121150
2026-03-18T19:55:13Z,39,Hospital_2,121150
2026-03-18T19:55:13Z,39,Hospital_3,121150
2026-03-18T19:55:13Z,39,Hospital_5,138250
2026-03-18T19:55:13Z,39,Hospital_1,121150
2026-03-18T19:55:45Z,40,Hospital_1,138250
2026-03-18T19:55:45Z,40,Hospital_4,121150
2026-03-18T19:55:45Z,40,Hospital_2,121150
2026-03-18T19:55:45Z,40,Hospital_3,121150
2026-03-18T19:55:45Z,40,Hospital_5,121150
2026-03-18T19:55:47Z,41,Hospital_1,121150
2026-03-18T19:55:47Z,41,Hospital_3,121138
2026-03-18T19:55:47Z,41,Hospital_4,138250
2026-03-18T19:55:47Z,41,Hospital_5,121150
2026-03-18T19:55:47Z,41,Hospital_2,121138
2026-03-18T19:55:49Z,42,Hospital_2,121150
2026-03-18T19:55:49Z,42,Hospital_4,138250
2026-03-18T19:55:49Z,42,Hospital_3,121150
2026-03-18T19:55:49Z,42,Hospital_5,121150
2026-03-18T19:55:49Z,42,Hospital_1,121150
2026-03-18T19:55:53Z,43,Hospital_2,121150
2026-03-18T19:55:53Z,43,Hospital_4,138250
2026-03-18T19:55:53Z,43,Hospital_3,121150
2026-03-18T19:55:53Z,43,Hospital_1,121150
2026-03-18T19:55:53Z,43,Hospital_5,121150
2026-03-18T19:55:55Z,44,Hospital_4,121126
2026-03-18T19:55:55Z,44,Hospital_5,121150
2026-03-18T19:55:55Z,44,Hospital_2,121150
2026-03-18T19:55:55Z,44,Hospital_1,121150
2026-03-18T19:55:55Z,44,Hospital_3,138238
2026-03-18T19:55:58Z,45,Hospital_5,121150
2026-03-18T19:55:58Z,45,Hospital_3,121138
2026-03-18T19:55:58Z,45,Hospital_4,138238
2026-03-18T19:55:58Z,45,Hospital_1,121150
2026-03-18T19:55:58Z,45,Hospital_2,121138
2026-03-18T19:56:00Z,46,Hospital_4,138250
2026-03-18T19:56:00Z,46,Hospital_2,121150
2026-03-18T19:56:00Z,46,Hospital_5,121150
2026-03-18T19:56:00Z,46,Hospital_1,121150
2026-03-18T19:56:00Z,46,Hospital_3,121150
2026-03-18T19:56:03Z,47,Hospital_1,121150
2026-03-18T19:56:03Z,47,Hospital_3,121150
2026-03-18T19:56:03Z,47,Hospital_4,121150
2026-03-18T19:56:03Z,47,Hospital_5,121138
2026-03-18T19:56:03Z,47,Hospital_2,138238
2026-03-18T19:56:05Z,48,Hospital_4,138250
2026-03-18T19:56:05Z,48,Hospital_5,121150
2026-03-18T19:56:05Z,48,Hospital_2,121150
2026-03-18T19:56:05Z,48,Hospital_1,121150
2026-03-18T19:56:05Z,48,Hospital_3,121150
2026-03-18T19:56:10Z,49,Hospital_4,138250
2026-03-18T19:56:10Z,49,Hospital_3,121150
2026-03-18T19:56:10Z,49,Hospital_5,121150
2026-03-18T19:56:10Z,49,Hospital_2,121150
2026-03-18T19:56:10Z,49,Hospital_1,121150
2026-03-18T19:56:12Z,50,Hospital_3,121150
2026-03-18T19:56:12Z,50,Hospital_2,121150
2026-03-18T19:56:12Z,50,Hospital_5,121150
2026-03-18T19:56:12Z,50,Hospital_4,138250
2026-03-18T19:56:12Z,50,Hospital_1,121138
2026-03-18T19:56:15Z,51,Hospital_3,121150
2026-03-18T19:56:15Z,51,Hospital_4,138250
2026-03-18T19:56:15Z,51,Hospital_5,121150
2026-03-18T19:56:15Z,51,Hospital_1,121150
2026-03-18T19:56:15Z,51,Hospital_2,121150
2026-03-18T19:56:17Z,52,Hospital_2,121150
2026-03-18T19:56:17Z,52,Hospital_1,121150
2026-03-18T19:56:17Z,52,Hospital_5,121150
2026-03-18T19:56:17Z,52,Hospital_3,121150
2026-03-18T19:56:17Z,52,Hospital_4,138250
2026-03-18T19:56:20Z,53,Hospital_4,138250
2026-03-18T19:56:20Z,53,Hospital_1,121150
2026-03-18T19:56:20Z,53,Hospital_5,121150
2026-03-18T19:56:20Z,53,Hospital_3,121150
2026-03-18T19:56:20Z,53,Hospital_2,121138
2026-03-18T19:56:22Z,54,Hospital_3,121138
2026-03-18T19:56:22Z,54,Hospital_4,138250
2026-03-18T19:56:22Z,54,Hospital_2,121150
2026-03-18T19:56:22Z,54,Hospital_1,121138
2026-03-18T19:56:22Z,54,Hospital_5,121150
2026-03-18T19:56:26Z,55,Hospital_5,121138
2026-03-18T19:56:26Z,55,Hospital_2,121150
2026-03-18T19:56:26Z,55,Hospital_3,121150
2026-03-18T19:56:26Z,55,Hospital_4,121150
2026-03-18T19:56:26Z,55,Hospital_1,138250
2026-03-18T19:56:29Z,56,Hospital_1,121138
2026-03-18T19:56:29Z,56,Hospital_4,121150
2026-03-18T19:56:29Z,56,Hospital_5,138250
2026-03-18T19:56:29Z,56,Hospital_2,121150
2026-03-18T19:56:29Z,56,Hospital_3,121150
2026-03-18T19:56:31Z,57,Hospital_3,121150
2026-03-18T19:56:31Z,57,Hospital_2,121150
2026-03-18T19:56:31Z,57,Hospital_1,121138
2026-03-18T19:56:31Z,57,Hospital_5,121150
2026-03-18T19:56:31Z,57,Hospital_4,138250
2026-03-18T19:56:33Z,58,Hospital_4,138250
2026-03-18T19:56:33Z,58,Hospital_3,121150
2026-03-18T19:56:33Z,58,Hospital_5,121150
2026-03-18T19:56:33Z,58,Hospital_1,121150
2026-03-18T19:56:33Z,58,Hospital_2,121150
2026-03-18T19:56:36Z,59,Hospital_4,138250
2026-03-18T19:56:36Z,59,Hospital_3,121150
2026-03-18T19:56:36Z,59,Hospital_1,121150
2026-03-18T19:56:36Z,59,Hospital_2,121150
2026-03-18T19:56:36Z,59,Hospital_5,121150
2026-03-18T19:56:38Z,60,Hospital_5,121150
2026-03-18T19:56:38Z,60,Hospital_4,138250
2026-03-18T19:56:38Z,60,Hospital_3,121150
2026-03-18T19:56:38Z,60,Hospital_2,121150
2026-03-18T19:56:38Z,60,Hospital_1,121150
2026-03-18T19:56:41Z,61,Hospital_3,121150
2026-03-18T19:56:41Z,61,Hospital_2,121150
2026-03-18T19:56:41Z,61,Hospital_5,121150
2026-03-18T19:56:41Z,61,Hospital_1,121150
2026-03-18T19:56:41Z,61,Hospital_4,138250
2026-03-18T19:56:44Z,62,Hospital_5,121150
2026-03-18T19:56:44Z,62,Hospital_4,138250
2026-03-18T19:56:44Z,62,Hospital_3,121150
2026-03-18T19:56:44Z,62,Hospital_1,121150
2026-03-18T19:56:44Z,62,Hospital_2,121150
2026-03-18T19:56:47Z,63,Hospital_3,121138
2026-03-18T19:56:47Z,63,Hospital_2,121150
2026-03-18T19:56:47Z,63,Hospital_1,121150
2026-03-18T19:56:47Z,63,Hospital_4,138250
2026-03-18T19:56:47Z,63,Hospital_5,121150
2026-03-18T19:56:49Z,64,Hospital_4,138250
2026-03-18T19:56:49Z,64,Hospital_3,121150
2026-03-18T19:56:49Z,64,Hospital_1,121150
2026-03-18T19:56:49Z,64,Hospital_5,121150
2026-03-18T19:56:49Z,64,Hospital_2,121150
2026-03-18T19:56:51Z,65,Hospital_1,121150
2026-03-18T19:56:51Z,65,Hospital_5,121150
2026-03-18T19:56:51Z,65,Hospital_2,121150
2026-03-18T19:56:51Z,65,Hospital_4,138238
2026-03-18T19:56:51Z,65,Hospital_3,121150
2026-03-18T19:57:24Z,66,Hospital_5,121150
2026-03-18T19:57:24Z,66,Hospital_2,121150
2026-03-18T19:57:24Z,66,Hospital_1,121150
2026-03-18T19:57:24Z,66,Hospital_4,138250
2026-03-18T19:57:24Z,66,Hospital_3,121150
2026-03-18T19:57:27Z,67,Hospital_4,138250
2026-03-18T19:57:27Z,67,Hospital_2,121150
2026-03-18T19:57:27Z,67,Hospital_3,121150
2026-03-18T19:57:27Z,67,Hospital_5,121150
2026-03-18T19:57:27Z,67,Hospital_1,121150
2026-03-18T19:57:29Z,68,Hospital_1,121150
2026-03-18T19:57:29Z,68,Hospital_2,121150
2026-03-18T19:57:29Z,68,Hospital_3,121150
2026-03-18T19:57:29Z,68,Hospital_5,121150
2026-03-18T19:57:29Z,68,Hospital_4,138250
2026-03-18T19:57:32Z,69,Hospital_4,138250
2026-03-18T19:57:32Z,69,Hospital_1,121126
2026-03-18T19:57:32Z,69,Hospital_2,121138
2026-03-18T19:57:32Z,69,Hospital_3,121150
2026-03-18T19:57:32Z,69,Hospital_5,121150
2026-03-18T19:57:33Z,70,Hospital_1,138238
2026-03-18T19:57:33Z,70,Hospital_5,121138
2026-03-18T19:57:33Z,70,Hospital_2,121138
2026-03-18T19:57:33Z,70,Hospital_3,121150
2026-03-18T19:57:33Z,70,Hospital_4,121150
2026-03-18T19:57:36Z,71,Hospital_2,121150
2026-03-18T19:57:36Z,71,Hospital_5,121150
2026-03-18T19:57:36Z,71,Hospital_4,138250
2026-03-18T19:57:36Z,71,Hospital_3,121150
2026-03-18T19:57:36Z,71,Hospital_1,121150
2026-03-18T19:58:08Z,72,Hospital_3,121150
2026-03-18T19:58:08Z,72,Hospital_1,121150
2026-03-18T19:58:08Z,72,Hospital_4,138250
2026-03-18T19:58:08Z,72,Hospital_2,121150
2026-03-18T19:58:08Z,72,Hospital_5,121150
2026-03-18T19:58:10Z,73,Hospital_2,138250
2026-03-18T19:58:10Z,73,Hospital_3,121150
2026-03-18T19:58:10Z,73,Hospital_5,121150
2026-03-18T19:58:10Z,73,Hospital_1,121150
2026-03-18T19:58:10Z,73,Hospital_4,121150
2026-03-18T19:58:43Z,74,Hospital_4,138250
2026-03-18T19:58:43Z,74,Hospital_3,121150
2026-03-18T19:58:43Z,74,Hospital_5,121150
2026-03-18T19:58:43Z,74,Hospital_2,121138
2026-03-18T19:58:43Z,74,Hospital_1,121150
2026-03-18T19:58:46Z,75,Hospital_5,121138
2026-03-18T19:58:46Z,75,Hospital_2,121150
2026-03-18T19:58:46Z,75,Hospital_3,121150
2026-03-18T19:58:46Z,75,Hospital_1,121150
2026-03-18T19:58:46Z,75,Hospital_4,138250
2026-03-18T19:58:50Z,76,Hospital_2,121150
2026-03-18T19:58:50Z,76,Hospital_5,121150
2026-03-18T19:58:50Z,76,Hospital_3,121150
2026-03-18T19:58:50Z,76,Hospital_1,121150
2026-03-18T19:58:50Z,76,Hospital_4,138250
2026-03-18T19:58:53Z,77,Hospital_3,121150
2026-03-18T19:58:53Z,77,Hospital_1,121150
2026-03-18T19:58:53Z,77,Hospital_5,121150
2026-03-18T19:58:53Z,77,Hospital_4,138250
2026-03-18T19:58:53Z,77,Hospital_2,121150
2026-03-18T19:58:55Z,78,Hospital_3,121126
2026-03-18T19:58:55Z,78,Hospital_1,121150
2026-03-18T19:58:55Z,78,Hospital_5,121150
2026-03-18T19:58:55Z,78,Hospital_2,121150
2026-03-18T19:58:55Z,78,Hospital_4,138250
2026-03-18T19:58:57Z,79,Hospital_1,121150
2026-03-18T19:58:57Z,79,Hospital_2,121150
2026-03-18T19:58:57Z,79,Hospital_4,138250
2026-03-18T19:58:57Z,79,Hospital_5,121150
2026-03-18T19:58:57Z,79,Hospital_3,121150
2026-03-18T19:58:59Z,80,Hospital_1,121150
2026-03-18T19:58:59Z,80,Hospital_5,121150
2026-03-18T19:58:59Z,80,Hospital_2,121150
2026-03-18T19:58:59Z,80,Hospital_4,138250
2026-03-18T19:58:59Z,80,Hospital_3,121150
2026-03-18T19:59:01Z,81,Hospital_3,121150
2026-03-18T19:59:01Z,81,Hospital_1,121150
2026-03-18T19:59:01Z,81,Hospital_4,138250
2026-03-18T19:59:01Z,81,Hospital_5,121150
2026-03-18T19:59:01Z,81,Hospital_2,121150
2026-03-18T19:59:05Z,82,Hospital_4,138250
2026-03-18T19:59:05Z,82,Hospital_1,121150
2026-03-18T19:59:05Z,82,Hospital_2,121150
2026-03-18T19:59:05Z,82,Hospital_3,121150
2026-03-18T19:59:05Z,82,Hospital_5,121150
2026-03-18T19:59:08Z,83,Hospital_5,121150
2026-03-18T19:59:08Z,83,Hospital_2,121150
2026-03-18T19:59:08Z,83,Hospital_4,138250
2026-03-18T19:59:08Z,83,Hospital_3,121150
2026-03-18T19:59:08Z,83,Hospital_1,121150
2026-03-18T19:59:10Z,84,Hospital_3,121150
2026-03-18T19:59:10Z,84,Hospital_2,121150
2026-03-18T19:59:10Z,84,Hospital_4,138250
2026-03-18T19:59:10Z,84,Hospital_1,121150
2026-03-18T19:59:10Z,84,Hospital_5,121150
2026-03-18T19:59:12Z,85,Hospital_1,121150
2026-03-18T19:59:12Z,85,Hospital_5,121150
2026-03-18T19:59:12Z,85,Hospital_3,121150
2026-03-18T19:59:12Z,85,Hospital_2,138238
2026-03-18T19:59:12Z,85,Hospital_4,121138
2026-03-18T19:59:14Z,86,Hospital_3,121150
2026-03-18T19:59:14Z,86,Hospital_2,121150
2026-03-18T19:59:14Z,86,Hospital_1,121150
2026-03-18T19:59:14Z,86,Hospital_4,138250
2026-03-18T19:59:14Z,86,Hospital_5,121150
2026-03-18T19:59:16Z,87,Hospital_1,121150
2026-03-18T19:59:16Z,87,Hospital_4,138250
2026-03-18T19:59:16Z,87,Hospital_5,121150
2026-03-18T19:59:16Z,87,Hospital_3,121150
2026-03-18T19:59:16Z,87,Hospital_2,121150
2026-03-18T19:59:19Z,88,Hospital_4,138250
2026-03-18T19:59:19Z,88,Hospital_2,121150
2026-03-18T19:59:19Z,88,Hospital_3,121150
2026-03-18T19:59:19Z,88,Hospital_5,121150
2026-03-18T19:59:19Z,88,Hospital_1,121150
2026-03-18T19:59:22Z,89,Hospital_2,121150
2026-03-18T19:59:22Z,89,Hospital_3,121150
2026-03-18T19:59:22Z,89,Hospital_5,121150
2026-03-18T19:59:22Z,89,Hospital_4,138250
2026-03-18T19:59:22Z,89,Hospital_1,121150
2026-03-18T19:59:25Z,90,Hospital_3,121138
2026-03-18T19:59:25Z,90,Hospital_5,138250
2026-03-18T19:59:25Z,90,Hospital_1,121150
2026-03-18T19:59:25Z,90,Hospital_4,121150
2026-03-18T19:59:25Z,90,Hospital_2,121150
2026-03-18T19:59:27Z,91,Hospital_4,138250
2026-03-18T19:59:27Z,91,Hospital_1,121150
2026-03-18T19:59:27Z,91,Hospital_2,121150
2026-03-18T19:59:27Z,91,Hospital_3,121150
2026-03-18T19:59:27Z,91,Hospital_5,121150
2026-03-18T19:59:29Z,92,Hospital_4,138250
2026-03-18T19:59:29Z,92,Hospital_3,121150
2026-03-18T19:59:29Z,92,Hospital_5,121150
2026-03-18T19:59:29Z,92,Hospital_1,121150
2026-03-18T19:59:29Z,92,Hospital_2,121150
2026-03-18T19:59:31Z,93,Hospital_2,121150
2026-03-18T19:59:31Z,93,Hospital_1,121150
2026-03-18T19:59:31Z,93,Hospital_5,121150
2026-03-18T19:59:31Z,93,Hospital_3,121138
2026-03-18T19:59:31Z,93,Hospital_4,138250
2026-03-18T19:59:34Z,94,Hospital_3,121150
2026-03-18T19:59:34Z,94,Hospital_2,121138
2026-03-18T19:59:34Z,94,Hospital_5,121150
2026-03-18T19:59:34Z,94,Hospital_4,138250
2026-03-18T19:59:34Z,94,Hospital_1,121150
2026-03-18T19:59:38Z,95,Hospital_5,121150
2026-03-18T19:59:38Z,95,Hospital_1,121150
2026-03-18T19:59:38Z,95,Hospital_2,121150
2026-03-18T19:59:38Z,95,Hospital_4,121150
2026-03-18T19:59:38Z,95,Hospital_3,138250
2026-03-18T19:59:41Z,96,Hospital_3,121150
2026-03-18T19:59:41Z,96,Hospital_2,121138
2026-03-18T19:59:41Z,96,Hospital_4,138250
2026-03-18T19:59:41Z,96,Hospital_1,121150
2026-03-18T19:59:41Z,96,Hospital_5,121150
2026-03-18T19:59:44Z,97,Hospital_1,121150
2026-03-18T19:59:44Z,97,Hospital_3,121150
2026-03-18T19:59:44Z,97,Hospital_4,138238
2026-03-18T19:59:44Z,97,Hospital_2,121150
2026-03-18T19:59:44Z,97,Hospital_5,121150
2026-03-18T19:59:46Z,98,Hospital_3,121150
2026-03-18T19:59:46Z,98,Hospital_1,121150
2026-03-18T19:59:46Z,98,Hospital_4,138250
2026-03-18T19:59:46Z,98,Hospital_2,121150
2026-03-18T19:59:46Z,98,Hospital_5,121150
2026-03-18T19:59:49Z,99,Hospital_4,138250
2026-03-18T19:59:49Z,99,Hospital_5,121150
2026-03-18T19:59:49Z,99,Hospital_3,121138
2026-03-18T19:59:49Z,99,Hospital_2,121150
2026-03-18T19:59:49Z,99,Hospital_1,121150
2026-03-18T19:59:52Z,100,Hospital_4,138238
2026-03-18T19:59:52Z,100,Hospital_1,121150
2026-03-18T19:59:52Z,100,Hospital_3,121150
2026-03-18T19:59:52Z,100,Hospital_2,121150
2026-03-18T19:59:52Z,100,Hospital_5,121150
2026-03-18T20:01:14Z,1,Hospital_5,138250
2026-03-18T20:01:14Z,1,Hospital_1,121150
2026-03-18T20:01:31Z,2,Hospital_4,138250
2026-03-18T20:01:31Z,2,Hospital_1,121138
2026-03-18T20:01:31Z,2,Hospital_5,121150
2026-03-18T20:01:31Z,2,Hospital_2,121150
2026-03-18T20:01:31Z,2,Hospital_3,121150
2026-03-18T20:01:34Z,3,Hospital_4,138250
2026-03-18T20:01:34Z,3,Hospital_1,121150
2026-03-18T20:01:34Z,3,Hospital_5,121150
2026-03-18T20:01:34Z,3,Hospital_2,121150
2026-03-18T20:01:34Z,3,Hospital_3,121150
2026-03-18T20:01:37Z,4,Hospital_4,138250
2026-03-18T20:01:37Z,4,Hospital_1,121150
2026-03-18T20:01:37Z,4,Hospital_3,121150
2026-03-18T20:01:37Z,4,Hospital_2,121138
2026-03-18T20:01:37Z,4,Hospital_5,121150
2026-03-18T20:01:40Z,5,Hospital_2,121150
2026-03-18T20:01:40Z,5,Hospital_1,121138
2026-03-18T20:01:40Z,5,Hospital_3,121150
2026-03-18T20:01:40Z,5,Hospital_5,121150
2026-03-18T20:01:40Z,5,Hospital_4,138250
2026-03-18T20:01:42Z,6,Hospital_4,138250
2026-03-18T20:01:42Z,6,Hospital_5,121150
2026-03-18T20:01:42Z,6,Hospital_2,121150
2026-03-18T20:01:42Z,6,Hospital_3,121150
2026-03-18T20:01:42Z,6,Hospital_1,121150
2026-03-18T20:01:45Z,7,Hospital_2,121138
2026-03-18T20:01:45Z,7,Hospital_5,121150
2026-03-18T20:01:45Z,7,Hospital_3,121150
2026-03-18T20:01:45Z,7,Hospital_4,138238
2026-03-18T20:01:45Z,7,Hospital_1,121150
2026-03-18T20:01:49Z,8,Hospital_1,121138
2026-03-18T20:01:49Z,8,Hospital_3,121150
2026-03-18T20:01:49Z,8,Hospital_5,121150
2026-03-18T20:01:49Z,8,Hospital_4,138250
2026-03-18T20:01:49Z,8,Hospital_2,121150
2026-03-18T20:01:52Z,9,Hospital_3,121150
2026-03-18T20:01:52Z,9,Hospital_1,121150
2026-03-18T20:01:52Z,9,Hospital_4,138250
2026-03-18T20:01:52Z,9,Hospital_2,121150
2026-03-18T20:01:52Z,9,Hospital_5,121150
2026-03-18T20:01:54Z,10,Hospital_5,121150
2026-03-18T20:01:54Z,10,Hospital_1,121150
2026-03-18T20:01:54Z,10,Hospital_2,121150
2026-03-18T20:01:54Z,10,Hospital_4,138250
2026-03-18T20:01:54Z,10,Hospital_3,121150
2026-03-18T20:02:27Z,11,Hospital_1,121150
2026-03-18T20:02:27Z,11,Hospital_2,121150
2026-03-18T20:02:27Z,11,Hospital_3,121150
2026-03-18T20:02:27Z,11,Hospital_5,121150
2026-03-18T20:02:27Z,11,Hospital_4,138250
2026-03-18T20:02:31Z,12,Hospital_1,121150
2026-03-18T20:02:31Z,12,Hospital_4,138250
2026-03-18T20:02:31Z,12,Hospital_3,121150
2026-03-18T20:02:31Z,12,Hospital_5,121150
2026-03-18T20:02:31Z,12,Hospital_2,121150
2026-03-18T20:02:35Z,13,Hospital_5,121150
2026-03-18T20:02:35Z,13,Hospital_2,121150
2026-03-18T20:02:35Z,13,Hospital_4,138250
2026-03-18T20:02:35Z,13,Hospital_3,121150
2026-03-18T20:02:35Z,13,Hospital_1,121150
2026-03-18T20:02:38Z,14,Hospital_2,121150
2026-03-18T20:02:38Z,14,Hospital_5,121138
2026-03-18T20:02:38Z,14,Hospital_4,138250
2026-03-18T20:02:38Z,14,Hospital_1,121150
2026-03-18T20:02:38Z,14,Hospital_3,121150
2026-03-18T20:02:40Z,15,Hospital_5,121150
2026-03-18T20:02:40Z,15,Hospital_2,121150
2026-03-18T20:02:40Z,15,Hospital_3,121150
2026-03-18T20:02:40Z,15,Hospital_1,121150
2026-03-18T20:02:40Z,15,Hospital_4,138250
2026-03-18T20:02:43Z,16,Hospital_4,138250
2026-03-18T20:02:43Z,16,Hospital_5,121138
2026-03-18T20:02:43Z,16,Hospital_3,121150
2026-03-18T20:02:43Z,16,Hospital_2,121150
2026-03-18T20:02:43Z,16,Hospital_1,121150
2026-03-18T20:02:46Z,17,Hospital_2,121150
2026-03-18T20:02:46Z,17,Hospital_4,138250
2026-03-18T20:02:46Z,17,Hospital_5,121150
2026-03-18T20:02:46Z,17,Hospital_1,121150
2026-03-18T20:02:46Z,17,Hospital_3,121150
2026-03-18T20:02:50Z,18,Hospital_4,138250
2026-03-18T20:02:50Z,18,Hospital_5,121150
2026-03-18T20:02:50Z,18,Hospital_2,121150
2026-03-18T20:02:50Z,18,Hospital_3,121150
2026-03-18T20:02:50Z,18,Hospital_1,121150
2026-03-18T20:02:52Z,19,Hospital_3,121150
2026-03-18T20:02:52Z,19,Hospital_5,121150
2026-03-18T20:02:52Z,19,Hospital_1,121150
2026-03-18T20:02:52Z,19,Hospital_4,138238
2026-03-18T20:02:52Z,19,Hospital_2,121150
2026-03-18T20:02:55Z,20,Hospital_3,121150
2026-03-18T20:02:55Z,20,Hospital_2,121138
2026-03-18T20:02:55Z,20,Hospital_5,121150
2026-03-18T20:02:55Z,20,Hospital_1,121150
2026-03-18T20:02:55Z,20,Hospital_4,138250
2026-03-18T20:02:57Z,21,Hospital_4,138238
2026-03-18T20:02:57Z,21,Hospital_1,121150
2026-03-18T20:02:57Z,21,Hospital_2,121150
2026-03-18T20:02:57Z,21,Hospital_5,121150
2026-03-18T20:02:57Z,21,Hospital_3,121150
2026-03-18T20:02:59Z,22,Hospital_2,121150
2026-03-18T20:02:59Z,22,Hospital_1,121150
2026-03-18T20:02:59Z,22,Hospital_5,121150
2026-03-18T20:02:59Z,22,Hospital_3,121150
2026-03-18T20:02:59Z,22,Hospital_4,138250
2026-03-18T20:03:03Z,23,Hospital_1,121150
2026-03-18T20:03:03Z,23,Hospital_5,121150
2026-03-18T20:03:03Z,23,Hospital_2,121150
2026-03-18T20:03:03Z,23,Hospital_4,138250
2026-03-18T20:03:03Z,23,Hospital_3,121150
2026-03-18T20:03:06Z,24,Hospital_3,121150
2026-03-18T20:03:06Z,24,Hospital_4,138250
2026-03-18T20:03:06Z,24,Hospital_5,121150
2026-03-18T20:03:06Z,24,Hospital_2,121150
2026-03-18T20:03:06Z,24,Hospital_1,121150
2026-03-18T20:03:08Z,25,Hospital_1,121150
2026-03-18T20:03:08Z,25,Hospital_3,121150
2026-03-18T20:03:08Z,25,Hospital_2,121150
2026-03-18T20:03:08Z,25,Hospital_4,138250
2026-03-18T20:03:08Z,25,Hospital_5,121150
2026-03-18T20:03:10Z,26,Hospital_2,121150
2026-03-18T20:03:10Z,26,Hospital_5,121150
2026-03-18T20:03:10Z,26,Hospital_4,121150
2026-03-18T20:03:10Z,26,Hospital_3,138250
2026-03-18T20:03:10Z,26,Hospital_1,121150
2026-03-18T20:03:12Z,27,Hospital_5,121150
2026-03-18T20:03:12Z,27,Hospital_4,138250
2026-03-18T20:03:12Z,27,Hospital_1,121150
2026-03-18T20:03:12Z,27,Hospital_3,121150
2026-03-18T20:03:12Z,27,Hospital_2,121150
2026-03-18T20:03:15Z,28,Hospital_5,138250
2026-03-18T20:03:15Z,28,Hospital_3,121150
2026-03-18T20:03:15Z,28,Hospital_2,121150
2026-03-18T20:03:15Z,28,Hospital_1,121150
2026-03-18T20:03:15Z,28,Hospital_4,121150
2026-03-18T20:03:18Z,29,Hospital_3,121150
2026-03-18T20:03:18Z,29,Hospital_4,138250
2026-03-18T20:03:18Z,29,Hospital_2,121150
2026-03-18T20:03:18Z,29,Hospital_5,121138
2026-03-18T20:03:18Z,29,Hospital_1,121150
2026-03-18T20:03:22Z,30,Hospital_2,121150
2026-03-18T20:03:22Z,30,Hospital_4,138250
2026-03-18T20:03:22Z,30,Hospital_1,121150
2026-03-18T20:03:22Z,30,Hospital_3,121150
2026-03-18T20:03:22Z,30,Hospital_5,121150
2026-03-18T20:03:25Z,31,Hospital_3,121150
2026-03-18T20:03:25Z,31,Hospital_2,121150
2026-03-18T20:03:25Z,31,Hospital_1,121150
2026-03-18T20:03:25Z,31,Hospital_4,138250
2026-03-18T20:03:25Z,31,Hospital_5,121150
2026-03-18T20:03:27Z,32,Hospital_3,121150
2026-03-18T20:03:27Z,32,Hospital_2,121150
2026-03-18T20:03:27Z,32,Hospital_4,138250
2026-03-18T20:03:27Z,32,Hospital_5,121150
2026-03-18T20:03:27Z,32,Hospital_1,121150
2026-03-18T20:03:30Z,33,Hospital_4,138250
2026-03-18T20:03:30Z,33,Hospital_1,121138
2026-03-18T20:03:30Z,33,Hospital_5,121138
2026-03-18T20:03:30Z,33,Hospital_2,121150
2026-03-18T20:03:30Z,33,Hospital_3,121150
2026-03-18T20:04:02Z,34,Hospital_3,121150
2026-03-18T20:04:02Z,34,Hospital_2,121150
2026-03-18T20:04:02Z,34,Hospital_1,121150
2026-03-18T20:04:02Z,34,Hospital_5,121150
2026-03-18T20:04:02Z,34,Hospital_4,138250
2026-03-18T20:04:35Z,35,Hospital_5,121150
2026-03-18T20:04:35Z,35,Hospital_3,121150
2026-03-18T20:04:35Z,35,Hospital_4,138250
2026-03-18T20:04:35Z,35,Hospital_2,121150
2026-03-18T20:04:35Z,35,Hospital_1,121150
2026-03-18T20:04:38Z,36,Hospital_1,121150
2026-03-18T20:04:38Z,36,Hospital_5,121138
2026-03-18T20:04:38Z,36,Hospital_4,138250
2026-03-18T20:04:38Z,36,Hospital_3,121150
2026-03-18T20:04:38Z,36,Hospital_2,121150
2026-03-18T20:04:40Z,37,Hospital_5,121150
2026-03-18T20:04:40Z,37,Hospital_3,121138
2026-03-18T20:04:40Z,37,Hospital_4,138250
2026-03-18T20:04:40Z,37,Hospital_1,121138
2026-03-18T20:04:40Z,37,Hospital_2,121150
2026-03-18T20:04:44Z,38,Hospital_5,121150
2026-03-18T20:04:44Z,38,Hospital_4,138250
2026-03-18T20:04:44Z,38,Hospital_1,121150
2026-03-18T20:04:44Z,38,Hospital_2,121150
2026-03-18T20:04:44Z,38,Hospital_3,121150
2026-03-18T20:04:47Z,39,Hospital_2,121138
2026-03-18T20:04:47Z,39,Hospital_3,121150
2026-03-18T20:04:47Z,39,Hospital_4,138250
2026-03-18T20:04:47Z,39,Hospital_5,121150
2026-03-18T20:04:47Z,39,Hospital_1,121150
2026-03-18T20:05:19Z,40,Hospital_3,121150
2026-03-18T20:05:19Z,40,Hospital_2,121150
2026-03-18T20:05:19Z,40,Hospital_4,138250
2026-03-18T20:05:19Z,40,Hospital_5,121150
2026-03-18T20:05:19Z,40,Hospital_1,121150
2026-03-18T20:05:21Z,41,Hospital_1,121150
2026-03-18T20:05:21Z,41,Hospital_3,121150
2026-03-18T20:05:21Z,41,Hospital_2,121150
2026-03-18T20:05:21Z,41,Hospital_5,121150
2026-03-18T20:05:21Z,41,Hospital_4,138250
2026-03-18T20:05:23Z,42,Hospital_2,138250
2026-03-18T20:05:23Z,42,Hospital_5,121150
2026-03-18T20:05:23Z,42,Hospital_3,121150
2026-03-18T20:05:23Z,42,Hospital_4,121150
2026-03-18T20:05:23Z,42,Hospital_1,121150
2026-03-18T20:05:27Z,43,Hospital_1,121150
2026-03-18T20:05:27Z,43,Hospital_5,121150
2026-03-18T20:05:27Z,43,Hospital_3,121150
2026-03-18T20:05:27Z,43,Hospital_4,138250
2026-03-18T20:05:27Z,43,Hospital_2,121150
2026-03-18T20:05:31Z,44,Hospital_2,121150
2026-03-18T20:05:31Z,44,Hospital_1,138250
2026-03-18T20:05:31Z,44,Hospital_4,121150
2026-03-18T20:05:31Z,44,Hospital_5,121150
2026-03-18T20:05:31Z,44,Hospital_3,121150
2026-03-18T20:05:33Z,45,Hospital_1,121150
2026-03-18T20:05:33Z,45,Hospital_4,138250
2026-03-18T20:05:33Z,45,Hospital_5,121150
2026-03-18T20:05:33Z,45,Hospital_3,121150
2026-03-18T20:05:33Z,45,Hospital_2,121150
2026-03-18T20:05:36Z,46,Hospital_5,121150
2026-03-18T20:05:36Z,46,Hospital_1,121150
2026-03-18T20:05:36Z,46,Hospital_2,121150
2026-03-18T20:05:36Z,46,Hospital_3,121150
2026-03-18T20:05:36Z,46,Hospital_4,138238
2026-03-18T20:05:39Z,47,Hospital_5,121150
2026-03-18T20:05:39Z,47,Hospital_2,121150
2026-03-18T20:05:39Z,47,Hospital_3,121150
2026-03-18T20:05:39Z,47,Hospital_4,138250
2026-03-18T20:05:39Z,47,Hospital_1,121150
2026-03-18T20:05:41Z,48,Hospital_2,121150
2026-03-18T20:05:41Z,48,Hospital_3,121150
2026-03-18T20:05:41Z,48,Hospital_4,138250
2026-03-18T20:05:41Z,48,Hospital_1,121150
2026-03-18T20:05:41Z,48,Hospital_5,121150
2026-03-18T20:05:45Z,49,Hospital_1,121150
2026-03-18T20:05:45Z,49,Hospital_4,138250
2026-03-18T20:05:45Z,49,Hospital_2,121150
2026-03-18T20:05:45Z,49,Hospital_5,121138
2026-03-18T20:05:45Z,49,Hospital_3,121150
2026-03-18T20:05:48Z,50,Hospital_4,138238
2026-03-18T20:05:48Z,50,Hospital_2,121150
2026-03-18T20:05:48Z,50,Hospital_3,121150
2026-03-18T20:05:48Z,50,Hospital_1,121150
2026-03-18T20:05:48Z,50,Hospital_5,121150
2026-03-18T20:05:51Z,51,Hospital_1,121150
2026-03-18T20:05:51Z,51,Hospital_4,138250
2026-03-18T20:05:51Z,51,Hospital_5,121150
2026-03-18T20:05:51Z,51,Hospital_2,121150
2026-03-18T20:05:51Z,51,Hospital_3,121150
2026-03-18T20:05:53Z,52,Hospital_2,121150
2026-03-18T20:05:53Z,52,Hospital_3,121150
2026-03-18T20:05:53Z,52,Hospital_1,121138
2026-03-18T20:05:53Z,52,Hospital_4,138250
2026-03-18T20:05:53Z,52,Hospital_5,121150
2026-03-18T20:05:56Z,53,Hospital_3,121150
2026-03-18T20:05:56Z,53,Hospital_4,138250
2026-03-18T20:05:56Z,53,Hospital_5,121150
2026-03-18T20:05:56Z,53,Hospital_1,121150
2026-03-18T20:05:56Z,53,Hospital_2,121126
2026-03-18T20:06:29Z,54,Hospital_4,138250
2026-03-18T20:06:29Z,54,Hospital_1,121138
2026-03-18T20:06:29Z,54,Hospital_3,121150
2026-03-18T20:06:29Z,54,Hospital_5,121150
2026-03-18T20:06:29Z,54,Hospital_2,121150
2026-03-18T20:06:31Z,55,Hospital_3,121150
2026-03-18T20:06:31Z,55,Hospital_5,121150
2026-03-18T20:06:31Z,55,Hospital_1,121150
2026-03-18T20:06:31Z,55,Hospital_2,121150
2026-03-18T20:06:31Z,55,Hospital_4,138250
2026-03-18T20:06:33Z,56,Hospital_5,121150
2026-03-18T20:06:33Z,56,Hospital_1,138250
2026-03-18T20:06:33Z,56,Hospital_3,121150
2026-03-18T20:06:33Z,56,Hospital_2,121138
2026-03-18T20:06:33Z,56,Hospital_4,121138
2026-03-18T20:06:36Z,57,Hospital_5,121138
2026-03-18T20:06:36Z,57,Hospital_3,121150
2026-03-18T20:06:36Z,57,Hospital_2,121150
2026-03-18T20:06:36Z,57,Hospital_1,121150
2026-03-18T20:06:36Z,57,Hospital_4,138250
2026-03-18T20:06:38Z,58,Hospital_4,138250
2026-03-18T20:06:38Z,58,Hospital_2,121150
2026-03-18T20:06:38Z,58,Hospital_1,121150
2026-03-18T20:06:38Z,58,Hospital_3,121150
2026-03-18T20:06:38Z,58,Hospital_5,121150
2026-03-18T20:06:42Z,59,Hospital_2,121150
2026-03-18T20:06:42Z,59,Hospital_3,121150
2026-03-18T20:06:42Z,59,Hospital_5,121150
2026-03-18T20:06:42Z,59,Hospital_4,138250
2026-03-18T20:06:42Z,59,Hospital_1,121150
2026-03-18T20:06:46Z,60,Hospital_4,138250
2026-03-18T20:06:46Z,60,Hospital_5,121150
2026-03-18T20:06:46Z,60,Hospital_3,121150
2026-03-18T20:06:46Z,60,Hospital_1,121150
2026-03-18T20:06:46Z,60,Hospital_2,121150
2026-03-18T20:06:48Z,61,Hospital_2,121150
2026-03-18T20:06:48Z,61,Hospital_4,138250
2026-03-18T20:06:48Z,61,Hospital_5,121150
2026-03-18T20:06:48Z,61,Hospital_1,121150
2026-03-18T20:06:48Z,61,Hospital_3,121150
2026-03-18T20:06:51Z,62,Hospital_1,121150
2026-03-18T20:06:51Z,62,Hospital_5,121150
2026-03-18T20:06:51Z,62,Hospital_2,121138
2026-03-18T20:06:51Z,62,Hospital_4,138250
2026-03-18T20:06:51Z,62,Hospital_3,121150
2026-03-18T20:06:53Z,63,Hospital_4,138250
2026-03-18T20:06:53Z,63,Hospital_5,121150
2026-03-18T20:06:53Z,63,Hospital_2,121150
2026-03-18T20:06:53Z,63,Hospital_1,121150
2026-03-18T20:06:53Z,63,Hospital_3,121150
2026-03-18T20:06:56Z,64,Hospital_1,121138
2026-03-18T20:06:56Z,64,Hospital_3,121150
2026-03-18T20:06:56Z,64,Hospital_2,121150
2026-03-18T20:06:56Z,64,Hospital_4,138250
2026-03-18T20:06:56Z,64,Hospital_5,121150
2026-03-18T20:07:00Z,65,Hospital_2,121150
2026-03-18T20:07:00Z,65,Hospital_1,121150
2026-03-18T20:07:00Z,65,Hospital_5,121150
2026-03-18T20:07:00Z,65,Hospital_4,138250
2026-03-18T20:07:00Z,65,Hospital_3,121150
2026-03-18T20:07:03Z,66,Hospital_4,138250
2026-03-18T20:07:03Z,66,Hospital_2,121150
2026-03-18T20:07:03Z,66,Hospital_5,121138
2026-03-18T20:07:03Z,66,Hospital_3,121138
2026-03-18T20:07:03Z,66,Hospital_1,121150
2026-03-18T20:07:05Z,67,Hospital_4,138250
2026-03-18T20:07:05Z,67,Hospital_1,121150
2026-03-18T20:07:05Z,67,Hospital_3,121150
2026-03-18T20:07:05Z,67,Hospital_2,121150
2026-03-18T20:07:05Z,67,Hospital_5,121150
2026-03-18T20:07:08Z,68,Hospital_4,138250
2026-03-18T20:07:08Z,68,Hospital_5,121150
2026-03-18T20:07:08Z,68,Hospital_3,121150
2026-03-18T20:07:08Z,68,Hospital_1,121150
2026-03-18T20:07:08Z,68,Hospital_2,121150
2026-03-18T20:07:10Z,69,Hospital_3,121138
2026-03-18T20:07:10Z,69,Hospital_2,121150
2026-03-18T20:07:10Z,69,Hospital_1,121150
2026-03-18T20:07:10Z,69,Hospital_5,121150
2026-03-18T20:07:10Z,69,Hospital_4,138250
2026-03-18T20:07:12Z,70,Hospital_5,121150
2026-03-18T20:07:12Z,70,Hospital_1,121150
2026-03-18T20:07:12Z,70,Hospital_4,138250
2026-03-18T20:07:12Z,70,Hospital_2,121150
2026-03-18T20:07:12Z,70,Hospital_3,121138
2026-03-18T20:07:15Z,71,Hospital_3,121150
2026-03-18T20:07:15Z,71,Hospital_2,121150
2026-03-18T20:07:15Z,71,Hospital_4,138250
2026-03-18T20:07:15Z,71,Hospital_1,121150
2026-03-18T20:07:15Z,71,Hospital_5,121150
2026-03-18T20:07:18Z,72,Hospital_2,121150
2026-03-18T20:07:18Z,72,Hospital_5,121150
2026-03-18T20:07:18Z,72,Hospital_3,121150
2026-03-18T20:07:18Z,72,Hospital_1,121150
2026-03-18T20:07:18Z,72,Hospital_4,138250
2026-03-18T20:07:20Z,73,Hospital_2,121150
2026-03-18T20:07:20Z,73,Hospital_1,121150
2026-03-18T20:07:20Z,73,Hospital_4,121150
2026-03-18T20:07:20Z,73,Hospital_5,121150
2026-03-18T20:07:20Z,73,Hospital_3,138250
2026-03-18T20:07:22Z,74,Hospital_3,121150
2026-03-18T20:07:22Z,74,Hospital_5,121150
2026-03-18T20:07:22Z,74,Hospital_4,121150
2026-03-18T20:07:22Z,74,Hospital_2,138250
2026-03-18T20:07:22Z,74,Hospital_1,121150
2026-03-18T20:07:25Z,75,Hospital_1,121150
2026-03-18T20:07:25Z,75,Hospital_3,121150
2026-03-18T20:07:25Z,75,Hospital_2,138250
2026-03-18T20:07:25Z,75,Hospital_4,121150
2026-03-18T20:07:25Z,75,Hospital_5,121150
2026-03-18T20:07:27Z,76,Hospital_5,121150
2026-03-18T20:07:27Z,76,Hospital_3,121150
2026-03-18T20:07:27Z,76,Hospital_1,121150
2026-03-18T20:07:27Z,76,Hospital_4,138250
2026-03-18T20:07:27Z,76,Hospital_2,121138
2026-03-18T20:07:31Z,77,Hospital_3,121150
2026-03-18T20:07:31Z,77,Hospital_2,121150
2026-03-18T20:07:31Z,77,Hospital_5,121150
2026-03-18T20:07:31Z,77,Hospital_4,138250
2026-03-18T20:07:31Z,77,Hospital_1,121150
2026-03-18T20:07:35Z,78,Hospital_1,121150
2026-03-18T20:07:35Z,78,Hospital_2,121150
2026-03-18T20:07:35Z,78,Hospital_4,138250
2026-03-18T20:07:35Z,78,Hospital_3,121150
2026-03-18T20:07:35Z,78,Hospital_5,121150
2026-03-18T20:07:37Z,79,Hospital_5,121150
2026-03-18T20:07:37Z,79,Hospital_1,121150
2026-03-18T20:07:37Z,79,Hospital_2,121150
2026-03-18T20:07:37Z,79,Hospital_3,121150
2026-03-18T20:07:37Z,79,Hospital_4,138250
2026-03-18T20:08:10Z,80,Hospital_2,121150
2026-03-18T20:08:10Z,80,Hospital_1,121150
2026-03-18T20:08:10Z,80,Hospital_5,121150
2026-03-18T20:08:10Z,80,Hospital_4,138238
2026-03-18T20:08:10Z,80,Hospital_3,121150
2026-03-18T20:08:13Z,81,Hospital_2,121150
2026-03-18T20:08:13Z,81,Hospital_3,121150
2026-03-18T20:08:13Z,81,Hospital_5,121138
2026-03-18T20:08:13Z,81,Hospital_4,138250
2026-03-18T20:08:13Z,81,Hospital_1,121138
2026-03-18T20:08:17Z,82,Hospital_2,121150
2026-03-18T20:08:17Z,82,Hospital_1,121150
2026-03-18T20:08:17Z,82,Hospital_5,121150
2026-03-18T20:08:17Z,82,Hospital_4,138250
2026-03-18T20:08:17Z,82,Hospital_3,121150
2026-03-18T20:08:50Z,83,Hospital_2,121150
2026-03-18T20:08:50Z,83,Hospital_5,121150
2026-03-18T20:08:50Z,83,Hospital_4,138226
2026-03-18T20:08:50Z,83,Hospital_1,121150
2026-03-18T20:08:50Z,83,Hospital_3,121150
2026-03-18T20:08:52Z,84,Hospital_3,121150
2026-03-18T20:08:52Z,84,Hospital_4,138250
2026-03-18T20:08:52Z,84,Hospital_1,121150
2026-03-18T20:08:52Z,84,Hospital_2,121150
2026-03-18T20:08:52Z,84,Hospital_5,121150
2026-03-18T20:08:55Z,85,Hospital_2,121138
2026-03-18T20:08:55Z,85,Hospital_5,121150
2026-03-18T20:08:55Z,85,Hospital_3,121150
2026-03-18T20:08:55Z,85,Hospital_4,138250
2026-03-18T20:08:55Z,85,Hospital_1,121150
2026-03-18T20:08:58Z,86,Hospital_2,121138
2026-03-18T20:08:58Z,86,Hospital_3,121138
2026-03-18T20:08:58Z,86,Hospital_4,138238
2026-03-18T20:08:58Z,86,Hospital_1,121150
2026-03-18T20:08:58Z,86,Hospital_5,121150
2026-03-18T20:09:01Z,87,Hospital_3,121138
2026-03-18T20:09:01Z,87,Hospital_5,121138
2026-03-18T20:09:01Z,87,Hospital_1,121150
2026-03-18T20:09:01Z,87,Hospital_4,138238
2026-03-18T20:09:01Z,87,Hospital_2,121138
2026-03-18T20:09:03Z,88,Hospital_3,121150
2026-03-18T20:09:03Z,88,Hospital_2,121150
2026-03-18T20:09:03Z,88,Hospital_5,121150
2026-03-18T20:09:03Z,88,Hospital_1,121150
2026-03-18T20:09:03Z,88,Hospital_4,138250
2026-03-18T20:09:05Z,89,Hospital_5,121150
2026-03-18T20:09:05Z,89,Hospital_1,121150
2026-03-18T20:09:05Z,89,Hospital_3,121150
2026-03-18T20:09:05Z,89,Hospital_4,138250
2026-03-18T20:09:05Z,89,Hospital_2,121150
2026-03-18T20:09:07Z,90,Hospital_1,121150
2026-03-18T20:09:07Z,90,Hospital_2,121150
2026-03-18T20:09:07Z,90,Hospital_4,138250
2026-03-18T20:09:07Z,90,Hospital_3,121150
2026-03-18T20:09:07Z,90,Hospital_5,121138
2026-03-18T20:09:09Z,91,Hospital_3,138250
2026-03-18T20:09:09Z,91,Hospital_2,121150
2026-03-18T20:09:09Z,91,Hospital_5,121150
2026-03-18T20:09:09Z,91,Hospital_4,121150
2026-03-18T20:09:09Z,91,Hospital_1,121150
2026-03-18T20:09:12Z,92,Hospital_4,138250
2026-03-18T20:09:12Z,92,Hospital_5,121150
2026-03-18T20:09:12Z,92,Hospital_1,121150
2026-03-18T20:09:12Z,92,Hospital_3,121150
2026-03-18T20:09:12Z,92,Hospital_2,121150
2026-03-18T20:09:16Z,93,Hospital_3,121138
2026-03-18T20:09:16Z,93,Hospital_2,121150
2026-03-18T20:09:16Z,93,Hospital_4,138250
2026-03-18T20:09:16Z,93,Hospital_1,121150
2026-03-18T20:09:16Z,93,Hospital_5,121150
2026-03-18T20:09:19Z,94,Hospital_3,121150
2026-03-18T20:09:19Z,94,Hospital_4,138250
2026-03-18T20:09:19Z,94,Hospital_1,121150
2026-03-18T20:09:19Z,94,Hospital_2,121150
2026-03-18T20:09:19Z,94,Hospital_5,121150
2026-03-18T20:09:52Z,95,Hospital_3,121150
2026-03-18T20:09:52Z,95,Hospital_1,121150
2026-03-18T20:09:52Z,95,Hospital_5,121150
2026-03-18T20:09:52Z,95,Hospital_4,138250
2026-03-18T20:09:52Z,95,Hospital_2,121150
2026-03-18T20:09:55Z,96,Hospital_5,121150
2026-03-18T20:09:55Z,96,Hospital_3,121150
2026-03-18T20:09:55Z,96,Hospital_2,121150
2026-03-18T20:09:55Z,96,Hospital_1,121150
2026-03-18T20:09:55Z,96,Hospital_4,138250
2026-03-18T20:09:59Z,97,Hospital_2,121150
2026-03-18T20:09:59Z,97,Hospital_3,121150
2026-03-18T20:09:59Z,97,Hospital_1,121150
2026-03-18T20:09:59Z,97,Hospital_4,138238
2026-03-18T20:09:59Z,97,Hospital_5,121150
2026-03-18T20:10:02Z,98,Hospital_1,121150
2026-03-18T20:10:02Z,98,Hospital_2,121150
2026-03-18T20:10:02Z,98,Hospital_4,138238
2026-03-18T20:10:02Z,98,Hospital_5,121150
2026-03-18T20:10:02Z,98,Hospital_3,121150
2026-03-18T20:10:04Z,99,Hospital_2,121150
2026-03-18T20:10:04Z,99,Hospital_1,121138
2026-03-18T20:10:04Z,99,Hospital_4,138250
2026-03-18T20:10:04Z,99,Hospital_5,121138
2026-03-18T20:10:04Z,99,Hospital_3,121150
2026-03-18T20:10:07Z,100,Hospital_1,121150
2026-03-18T20:10:07Z,100,Hospital_2,121150
2026-03-18T20:10:07Z,100,Hospital_5,121150
2026-03-18T20:10:07Z,100,Hospital_3,121150
2026-03-18T20:10:07Z,100,Hospital_4,138250
2026-03-18T20:11:29Z,1,Hospital_3,121150
2026-03-18T20:11:29Z,1,Hospital_2,138250
2026-03-18T20:11:46Z,2,Hospital_1,121150
2026-03-18T20:11:46Z,2,Hospital_3,121138
2026-03-18T20:11:46Z,2,Hospital_4,138250
2026-03-18T20:11:46Z,2,Hospital_5,121150
2026-03-18T20:11:46Z,2,Hospital_2,121150
2026-03-18T20:11:49Z,3,Hospital_2,121150
2026-03-18T20:11:49Z,3,Hospital_3,121138
2026-03-18T20:11:49Z,3,Hospital_1,121150
2026-03-18T20:11:49Z,3,Hospital_4,138250
2026-03-18T20:11:49Z,3,Hospital_5,121138
2026-03-18T20:11:53Z,4,Hospital_4,138250
2026-03-18T20:11:53Z,4,Hospital_2,121150
2026-03-18T20:11:53Z,4,Hospital_3,121150
2026-03-18T20:11:53Z,4,Hospital_5,121150
2026-03-18T20:11:53Z,4,Hospital_1,121150
2026-03-18T20:11:57Z,5,Hospital_1,121150
2026-03-18T20:11:57Z,5,Hospital_2,121150
2026-03-18T20:11:57Z,5,Hospital_4,138238
2026-03-18T20:11:57Z,5,Hospital_3,121138
2026-03-18T20:11:57Z,5,Hospital_5,121150
2026-03-18T20:11:59Z,6,Hospital_5,121150
2026-03-18T20:11:59Z,6,Hospital_1,121150
2026-03-18T20:11:59Z,6,Hospital_4,138250
2026-03-18T20:11:59Z,6,Hospital_2,121138
2026-03-18T20:11:59Z,6,Hospital_3,121138
2026-03-18T20:12:02Z,7,Hospital_5,121150
2026-03-18T20:12:02Z,7,Hospital_1,121150
2026-03-18T20:12:02Z,7,Hospital_3,121150
2026-03-18T20:12:02Z,7,Hospital_2,121150
2026-03-18T20:12:02Z,7,Hospital_4,138250
2026-03-18T20:12:05Z,8,Hospital_3,121150
2026-03-18T20:12:05Z,8,Hospital_1,121150
2026-03-18T20:12:05Z,8,Hospital_4,138250
2026-03-18T20:12:05Z,8,Hospital_2,121138
2026-03-18T20:12:05Z,8,Hospital_5,121150
2026-03-18T20:12:08Z,9,Hospital_2,121150
2026-03-18T20:12:08Z,9,Hospital_4,138250
2026-03-18T20:12:08Z,9,Hospital_1,121150
2026-03-18T20:12:08Z,9,Hospital_3,121150
2026-03-18T20:12:08Z,9,Hospital_5,121150
2026-03-18T20:12:42Z,10,Hospital_4,138238
2026-03-18T20:12:42Z,10,Hospital_5,121150
2026-03-18T20:12:42Z,10,Hospital_1,121150
2026-03-18T20:12:42Z,10,Hospital_2,121150
2026-03-18T20:12:42Z,10,Hospital_3,121150
2026-03-18T20:12:45Z,11,Hospital_2,121138
2026-03-18T20:12:45Z,11,Hospital_4,138250
2026-03-18T20:12:45Z,11,Hospital_1,121150
2026-03-18T20:12:45Z,11,Hospital_5,121150
2026-03-18T20:12:45Z,11,Hospital_3,121150
2026-03-18T20:12:49Z,12,Hospital_4,138250
2026-03-18T20:12:49Z,12,Hospital_3,121138
2026-03-18T20:12:49Z,12,Hospital_1,121150
2026-03-18T20:12:49Z,12,Hospital_2,121150
2026-03-18T20:12:49Z,12,Hospital_5,121150
2026-03-18T20:12:53Z,13,Hospital_5,121126
2026-03-18T20:12:53Z,13,Hospital_3,121138
2026-03-18T20:12:53Z,13,Hospital_4,138250
2026-03-18T20:12:53Z,13,Hospital_1,121150
2026-03-18T20:12:53Z,13,Hospital_2,121150
2026-03-18T20:12:56Z,14,Hospital_2,121150
2026-03-18T20:12:56Z,14,Hospital_5,121150
2026-03-18T20:12:56Z,14,Hospital_4,138238
2026-03-18T20:12:56Z,14,Hospital_1,121150
2026-03-18T20:12:56Z,14,Hospital_3,121150
2026-03-18T20:12:59Z,15,Hospital_2,121150
2026-03-18T20:12:59Z,15,Hospital_4,138250
2026-03-18T20:12:59Z,15,Hospital_3,121150
2026-03-18T20:12:59Z,15,Hospital_5,121150
2026-03-18T20:12:59Z,15,Hospital_1,121150
2026-03-18T20:13:01Z,16,Hospital_5,121138
2026-03-18T20:13:01Z,16,Hospital_3,121150
2026-03-18T20:13:01Z,16,Hospital_2,121150
2026-03-18T20:13:01Z,16,Hospital_4,138250
2026-03-18T20:13:01Z,16,Hospital_1,121150
2026-03-18T20:13:04Z,17,Hospital_3,121150
2026-03-18T20:13:04Z,17,Hospital_4,138238
2026-03-18T20:13:04Z,17,Hospital_2,121150
2026-03-18T20:13:04Z,17,Hospital_5,121150
2026-03-18T20:13:04Z,17,Hospital_1,121150
2026-03-18T20:13:07Z,18,Hospital_1,121150
2026-03-18T20:13:07Z,18,Hospital_4,138250
2026-03-18T20:13:07Z,18,Hospital_5,121150
2026-03-18T20:13:07Z,18,Hospital_3,121150
2026-03-18T20:13:07Z,18,Hospital_2,121150
2026-03-18T20:13:11Z,19,Hospital_2,121150
2026-03-18T20:13:11Z,19,Hospital_5,121150
2026-03-18T20:13:11Z,19,Hospital_4,138238
2026-03-18T20:13:11Z,19,Hospital_3,121150
2026-03-18T20:13:11Z,19,Hospital_1,121150
2026-03-18T20:13:14Z,20,Hospital_3,121150
2026-03-18T20:13:14Z,20,Hospital_1,121150
2026-03-18T20:13:14Z,20,Hospital_5,121150
2026-03-18T20:13:14Z,20,Hospital_4,138250
2026-03-18T20:13:14Z,20,Hospital_2,121150
2026-03-18T20:13:17Z,21,Hospital_2,121150
2026-03-18T20:13:17Z,21,Hospital_1,121150
2026-03-18T20:13:17Z,21,Hospital_5,121150
2026-03-18T20:13:17Z,21,Hospital_4,138250
2026-03-18T20:13:17Z,21,Hospital_3,121150
2026-03-18T20:13:19Z,22,Hospital_2,121150
2026-03-18T20:13:19Z,22,Hospital_4,138250
2026-03-18T20:13:19Z,22,Hospital_3,121150
2026-03-18T20:13:19Z,22,Hospital_5,121150
2026-03-18T20:13:19Z,22,Hospital_1,121150
2026-03-18T20:13:21Z,23,Hospital_4,138250
2026-03-18T20:13:21Z,23,Hospital_3,121150
2026-03-18T20:13:21Z,23,Hospital_5,121150
2026-03-18T20:13:21Z,23,Hospital_1,121150
2026-03-18T20:13:21Z,23,Hospital_2,121150
2026-03-18T20:13:25Z,24,Hospital_3,121150
2026-03-18T20:13:25Z,24,Hospital_5,138238
2026-03-18T20:13:25Z,24,Hospital_1,121150
2026-03-18T20:13:25Z,24,Hospital_4,121150
2026-03-18T20:13:25Z,24,Hospital_2,121150
2026-03-18T20:13:28Z,25,Hospital_4,138250
2026-03-18T20:13:28Z,25,Hospital_5,121150
2026-03-18T20:13:28Z,25,Hospital_2,121150
2026-03-18T20:13:28Z,25,Hospital_1,121150
2026-03-18T20:13:28Z,25,Hospital_3,121150
2026-03-18T20:13:30Z,26,Hospital_2,121150
2026-03-18T20:13:30Z,26,Hospital_4,121150
2026-03-18T20:13:30Z,26,Hospital_5,138250
2026-03-18T20:13:30Z,26,Hospital_1,121150
2026-03-18T20:13:30Z,26,Hospital_3,121150
2026-03-18T20:13:33Z,27,Hospital_4,138250
2026-03-18T20:13:33Z,27,Hospital_1,121138
2026-03-18T20:13:33Z,27,Hospital_5,121150
2026-03-18T20:13:33Z,27,Hospital_3,121150
2026-03-18T20:13:33Z,27,Hospital_2,121150
2026-03-18T20:13:35Z,28,Hospital_3,121150
2026-03-18T20:13:35Z,28,Hospital_4,138250
2026-03-18T20:13:35Z,28,Hospital_2,121150
2026-03-18T20:13:35Z,28,Hospital_1,121150
2026-03-18T20:13:35Z,28,Hospital_5,121138
2026-03-18T20:13:38Z,29,Hospital_5,121150
2026-03-18T20:13:38Z,29,Hospital_4,138250
2026-03-18T20:13:38Z,29,Hospital_3,121150
2026-03-18T20:13:38Z,29,Hospital_2,121150
2026-03-18T20:13:38Z,29,Hospital_1,121150
2026-03-18T20:13:42Z,30,Hospital_3,121150
2026-03-18T20:13:42Z,30,Hospital_1,121150
2026-03-18T20:13:42Z,30,Hospital_2,121138
2026-03-18T20:13:42Z,30,Hospital_4,138250
2026-03-18T20:13:42Z,30,Hospital_5,121150
2026-03-18T20:13:45Z,31,Hospital_4,138250
2026-03-18T20:13:45Z,31,Hospital_3,121150
2026-03-18T20:13:45Z,31,Hospital_5,121138
2026-03-18T20:13:45Z,31,Hospital_1,121150
2026-03-18T20:13:45Z,31,Hospital_2,121150
2026-03-18T20:13:48Z,32,Hospital_3,121150
2026-03-18T20:13:48Z,32,Hospital_2,121150
2026-03-18T20:13:48Z,32,Hospital_5,121150
2026-03-18T20:13:48Z,32,Hospital_1,121150
2026-03-18T20:13:48Z,32,Hospital_4,138238
2026-03-18T20:13:50Z,33,Hospital_1,121150
2026-03-18T20:13:50Z,33,Hospital_3,121150
2026-03-18T20:13:50Z,33,Hospital_4,138250
2026-03-18T20:13:50Z,33,Hospital_5,121150
2026-03-18T20:13:50Z,33,Hospital_2,121150
2026-03-18T20:13:53Z,34,Hospital_4,138250
2026-03-18T20:13:53Z,34,Hospital_5,121150
2026-03-18T20:13:53Z,34,Hospital_2,121150
2026-03-18T20:13:53Z,34,Hospital_1,121150
2026-03-18T20:13:53Z,34,Hospital_3,121150
2026-03-18T20:13:56Z,35,Hospital_4,138250
2026-03-18T20:13:56Z,35,Hospital_2,121150
2026-03-18T20:13:56Z,35,Hospital_3,121150
2026-03-18T20:13:56Z,35,Hospital_1,121150
2026-03-18T20:13:56Z,35,Hospital_5,121126
2026-03-18T20:14:01Z,36,Hospital_2,121150
2026-03-18T20:14:01Z,36,Hospital_4,138250
2026-03-18T20:14:01Z,36,Hospital_3,121138
2026-03-18T20:14:01Z,36,Hospital_1,121150
2026-03-18T20:14:01Z,36,Hospital_5,121150
2026-03-18T20:14:03Z,37,Hospital_3,121138
2026-03-18T20:14:03Z,37,Hospital_1,121150
2026-03-18T20:14:03Z,37,Hospital_4,138238
2026-03-18T20:14:03Z,37,Hospital_5,121150
2026-03-18T20:14:03Z,37,Hospital_2,121150
2026-03-18T20:14:05Z,38,Hospital_2,121150
2026-03-18T20:14:05Z,38,Hospital_3,121138
2026-03-18T20:14:05Z,38,Hospital_4,138250
2026-03-18T20:14:05Z,38,Hospital_5,121138
2026-03-18T20:14:05Z,38,Hospital_1,121150
2026-03-18T20:14:07Z,39,Hospital_5,121150
2026-03-18T20:14:07Z,39,Hospital_3,121150
2026-03-18T20:14:07Z,39,Hospital_2,121150
2026-03-18T20:14:07Z,39,Hospital_1,121150
2026-03-18T20:14:07Z,39,Hospital_4,138250
2026-03-18T20:14:09Z,40,Hospital_1,121150
2026-03-18T20:14:09Z,40,Hospital_3,121150
2026-03-18T20:14:09Z,40,Hospital_2,121150
2026-03-18T20:14:09Z,40,Hospital_4,138250
2026-03-18T20:14:09Z,40,Hospital_5,121150
2026-03-18T20:14:11Z,41,Hospital_2,121150
2026-03-18T20:14:11Z,41,Hospital_5,121150
2026-03-18T20:14:11Z,41,Hospital_1,121150
2026-03-18T20:14:11Z,41,Hospital_3,121150
2026-03-18T20:14:11Z,41,Hospital_4,138250
2026-03-18T20:14:15Z,42,Hospital_5,121150
2026-03-18T20:14:15Z,42,Hospital_1,121138
2026-03-18T20:14:15Z,42,Hospital_4,138238
2026-03-18T20:14:15Z,42,Hospital_3,121138
2026-03-18T20:14:15Z,42,Hospital_2,121138
2026-03-18T20:14:18Z,43,Hospital_3,138250
2026-03-18T20:14:18Z,43,Hospital_4,121150
2026-03-18T20:14:18Z,43,Hospital_1,121150
2026-03-18T20:14:18Z,43,Hospital_2,121150
2026-03-18T20:14:18Z,43,Hospital_5,121150
2026-03-18T20:14:50Z,44,Hospital_5,121150
2026-03-18T20:14:50Z,44,Hospital_4,138250
2026-03-18T20:14:50Z,44,Hospital_1,121150
2026-03-18T20:14:50Z,44,Hospital_2,121150
2026-03-18T20:14:50Z,44,Hospital_3,121150
2026-03-18T20:14:53Z,45,Hospital_5,121150
2026-03-18T20:14:53Z,45,Hospital_4,121150
2026-03-18T20:14:53Z,45,Hospital_1,121138
2026-03-18T20:14:53Z,45,Hospital_3,138250
2026-03-18T20:14:53Z,45,Hospital_2,121150
2026-03-18T20:14:56Z,46,Hospital_2,121150
2026-03-18T20:14:56Z,46,Hospital_3,121150
2026-03-18T20:14:56Z,46,Hospital_5,121150
2026-03-18T20:14:56Z,46,Hospital_1,121150
2026-03-18T20:14:56Z,46,Hospital_4,138238
2026-03-18T20:15:00Z,47,Hospital_5,121150
2026-03-18T20:15:00Z,47,Hospital_3,121150
2026-03-18T20:15:00Z,47,Hospital_2,121150
2026-03-18T20:15:00Z,47,Hospital_4,138250
2026-03-18T20:15:00Z,47,Hospital_1,121150
2026-03-18T20:15:03Z,48,Hospital_2,121138
2026-03-18T20:15:03Z,48,Hospital_4,138250
2026-03-18T20:15:03Z,48,Hospital_5,121150
2026-03-18T20:15:03Z,48,Hospital_3,121150
2026-03-18T20:15:03Z,48,Hospital_1,121150
2026-03-18T20:15:06Z,49,Hospital_4,138238
2026-03-18T20:15:06Z,49,Hospital_3,121150
2026-03-18T20:15:06Z,49,Hospital_1,121150
2026-03-18T20:15:06Z,49,Hospital_2,121150
2026-03-18T20:15:06Z,49,Hospital_5,121150
2026-03-18T20:15:08Z,50,Hospital_1,121150
2026-03-18T20:15:08Z,50,Hospital_4,138250
2026-03-18T20:15:08Z,50,Hospital_3,121150
2026-03-18T20:15:08Z,50,Hospital_5,121150
2026-03-18T20:15:08Z,50,Hospital_2,121150
2026-03-18T20:15:11Z,51,Hospital_5,121150
2026-03-18T20:15:11Z,51,Hospital_4,138250
2026-03-18T20:15:11Z,51,Hospital_1,121150
2026-03-18T20:15:11Z,51,Hospital_3,121150
2026-03-18T20:15:11Z,51,Hospital_2,121150
2026-03-18T20:15:16Z,52,Hospital_4,138238
2026-03-18T20:15:16Z,52,Hospital_5,121150
2026-03-18T20:15:16Z,52,Hospital_2,121150
2026-03-18T20:15:16Z,52,Hospital_1,121150
2026-03-18T20:15:16Z,52,Hospital_3,121150
2026-03-18T20:15:19Z,53,Hospital_2,121150
2026-03-18T20:15:19Z,53,Hospital_5,121150
2026-03-18T20:15:19Z,53,Hospital_4,138238
2026-03-18T20:15:19Z,53,Hospital_1,121150
2026-03-18T20:15:19Z,53,Hospital_3,121150
2026-03-18T20:15:21Z,54,Hospital_2,121150
2026-03-18T20:15:21Z,54,Hospital_4,138250
2026-03-18T20:15:21Z,54,Hospital_5,121150
2026-03-18T20:15:21Z,54,Hospital_1,121150
2026-03-18T20:15:21Z,54,Hospital_3,121150
2026-03-18T20:15:23Z,55,Hospital_4,121150
2026-03-18T20:15:23Z,55,Hospital_3,121150
2026-03-18T20:15:23Z,55,Hospital_2,138250
2026-03-18T20:15:23Z,55,Hospital_5,121150
2026-03-18T20:15:23Z,55,Hospital_1,121150
2026-03-18T20:15:25Z,56,Hospital_5,121150
2026-03-18T20:15:25Z,56,Hospital_4,138250
2026-03-18T20:15:25Z,56,Hospital_2,121150
2026-03-18T20:15:25Z,56,Hospital_3,121150
2026-03-18T20:15:25Z,56,Hospital_1,121150
2026-03-18T20:15:28Z,57,Hospital_3,121150
2026-03-18T20:15:28Z,57,Hospital_1,121150
2026-03-18T20:15:28Z,57,Hospital_4,121150
2026-03-18T20:15:28Z,57,Hospital_5,121150
2026-03-18T20:15:28Z,57,Hospital_2,138250
2026-03-18T20:15:31Z,58,Hospital_4,138250
2026-03-18T20:15:31Z,58,Hospital_5,121150
2026-03-18T20:15:31Z,58,Hospital_2,121150
2026-03-18T20:15:31Z,58,Hospital_3,121150
2026-03-18T20:15:31Z,58,Hospital_1,121150
2026-03-18T20:15:34Z,59,Hospital_1,121150
2026-03-18T20:15:34Z,59,Hospital_2,121150
2026-03-18T20:15:34Z,59,Hospital_3,121150
2026-03-18T20:15:34Z,59,Hospital_5,138250
2026-03-18T20:15:34Z,59,Hospital_4,121150
2026-03-18T20:15:37Z,60,Hospital_5,121150
2026-03-18T20:15:37Z,60,Hospital_3,121150
2026-03-18T20:15:37Z,60,Hospital_1,121150
2026-03-18T20:15:37Z,60,Hospital_4,138250
2026-03-18T20:15:37Z,60,Hospital_2,121150
2026-03-18T20:15:39Z,61,Hospital_1,121150
2026-03-18T20:15:39Z,61,Hospital_3,121150
2026-03-18T20:15:39Z,61,Hospital_4,138250
2026-03-18T20:15:39Z,61,Hospital_2,121138
2026-03-18T20:15:39Z,61,Hospital_5,121138
2026-03-18T20:15:42Z,62,Hospital_2,121150
2026-03-18T20:15:42Z,62,Hospital_4,121150
2026-03-18T20:15:42Z,62,Hospital_3,138250
2026-03-18T20:15:42Z,62,Hospital_5,121150
2026-03-18T20:15:42Z,62,Hospital_1,121150
2026-03-18T20:15:45Z,63,Hospital_5,121150
2026-03-18T20:15:45Z,63,Hospital_4,138250
2026-03-18T20:15:45Z,63,Hospital_2,121138
2026-03-18T20:15:45Z,63,Hospital_3,121150
2026-03-18T20:15:45Z,63,Hospital_1,121150
2026-03-18T20:15:49Z,64,Hospital_5,121150
2026-03-18T20:15:49Z,64,Hospital_3,121150
2026-03-18T20:15:49Z,64,Hospital_2,121150
2026-03-18T20:15:49Z,64,Hospital_1,121150
2026-03-18T20:15:49Z,64,Hospital_4,138250
2026-03-18T20:15:52Z,65,Hospital_3,121150
2026-03-18T20:15:52Z,65,Hospital_1,121150
2026-03-18T20:15:52Z,65,Hospital_4,138250
2026-03-18T20:15:52Z,65,Hospital_5,121150
2026-03-18T20:15:52Z,65,Hospital_2,121138
2026-03-18T20:15:54Z,66,Hospital_4,138250
2026-03-18T20:15:54Z,66,Hospital_5,121150
2026-03-18T20:15:54Z,66,Hospital_3,121138
2026-03-18T20:15:54Z,66,Hospital_1,121150
2026-03-18T20:15:54Z,66,Hospital_2,121138
2026-03-18T20:15:57Z,67,Hospital_3,121138
2026-03-18T20:15:57Z,67,Hospital_1,121150
2026-03-18T20:15:57Z,67,Hospital_2,121150
2026-03-18T20:15:57Z,67,Hospital_4,138238
2026-03-18T20:15:57Z,67,Hospital_5,121138
2026-03-18T20:16:00Z,68,Hospital_5,121150
2026-03-18T20:16:00Z,68,Hospital_2,121150
2026-03-18T20:16:00Z,68,Hospital_1,121150
2026-03-18T20:16:00Z,68,Hospital_3,121150
2026-03-18T20:16:00Z,68,Hospital_4,138250
2026-03-18T20:16:04Z,69,Hospital_1,121150
2026-03-18T20:16:04Z,69,Hospital_3,121150
2026-03-18T20:16:04Z,69,Hospital_2,121150
2026-03-18T20:16:04Z,69,Hospital_4,138250
2026-03-18T20:16:04Z,69,Hospital_5,121150
2026-03-18T20:16:07Z,70,Hospital_3,121150
2026-03-18T20:16:07Z,70,Hospital_5,121150
2026-03-18T20:16:07Z,70,Hospital_1,121150
2026-03-18T20:16:07Z,70,Hospital_4,138250
2026-03-18T20:16:07Z,70,Hospital_2,121150
2026-03-18T20:16:10Z,71,Hospital_5,121150
2026-03-18T20:16:10Z,71,Hospital_2,121150
2026-03-18T20:16:10Z,71,Hospital_1,121150
2026-03-18T20:16:10Z,71,Hospital_4,138250
2026-03-18T20:16:10Z,71,Hospital_3,121150
2026-03-18T20:16:12Z,72,Hospital_1,121150
2026-03-18T20:16:12Z,72,Hospital_4,138250
2026-03-18T20:16:12Z,72,Hospital_2,121150
2026-03-18T20:16:12Z,72,Hospital_5,121150
2026-03-18T20:16:12Z,72,Hospital_3,121150
2026-03-18T20:16:44Z,73,Hospital_3,121150
2026-03-18T20:16:44Z,73,Hospital_4,138250
2026-03-18T20:16:44Z,73,Hospital_5,121150
2026-03-18T20:16:44Z,73,Hospital_1,121150
2026-03-18T20:16:44Z,73,Hospital_2,121150
2026-03-18T20:16:47Z,74,Hospital_4,138250
2026-03-18T20:16:47Z,74,Hospital_1,121150
2026-03-18T20:16:47Z,74,Hospital_2,121150
2026-03-18T20:16:47Z,74,Hospital_3,121150
2026-03-18T20:16:47Z,74,Hospital_5,121150
2026-03-18T20:16:50Z,75,Hospital_4,138250
2026-03-18T20:16:50Z,75,Hospital_1,121126
2026-03-18T20:16:50Z,75,Hospital_3,121150
2026-03-18T20:16:50Z,75,Hospital_5,121150
2026-03-18T20:16:50Z,75,Hospital_2,121150
2026-03-18T20:16:52Z,76,Hospital_4,138250
2026-03-18T20:16:52Z,76,Hospital_3,121150
2026-03-18T20:16:52Z,76,Hospital_5,121150
2026-03-18T20:16:52Z,76,Hospital_2,121150
2026-03-18T20:16:52Z,76,Hospital_1,121150
2026-03-18T20:16:55Z,77,Hospital_3,121150
2026-03-18T20:16:55Z,77,Hospital_2,121150
2026-03-18T20:16:55Z,77,Hospital_1,121150
2026-03-18T20:16:55Z,77,Hospital_4,138250
2026-03-18T20:16:55Z,77,Hospital_5,121150
2026-03-18T20:16:57Z,78,Hospital_3,121150
2026-03-18T20:16:57Z,78,Hospital_1,121150
2026-03-18T20:16:57Z,78,Hospital_4,121150
2026-03-18T20:16:57Z,78,Hospital_2,121150
2026-03-18T20:16:57Z,78,Hospital_5,138250
2026-03-18T20:17:00Z,79,Hospital_4,138250
2026-03-18T20:17:00Z,79,Hospital_1,121150
2026-03-18T20:17:00Z,79,Hospital_3,121150
2026-03-18T20:17:00Z,79,Hospital_5,121150
2026-03-18T20:17:00Z,79,Hospital_2,121138
2026-03-18T20:17:04Z,80,Hospital_1,121150
2026-03-18T20:17:04Z,80,Hospital_4,138250
2026-03-18T20:17:04Z,80,Hospital_2,121138
2026-03-18T20:17:04Z,80,Hospital_3,121150
2026-03-18T20:17:04Z,80,Hospital_5,121150
2026-03-18T20:17:07Z,81,Hospital_3,121150
2026-03-18T20:17:07Z,81,Hospital_4,138250
2026-03-18T20:17:07Z,81,Hospital_1,121150
2026-03-18T20:17:07Z,81,Hospital_5,121150
2026-03-18T20:17:07Z,81,Hospital_2,121150
2026-03-18T20:17:10Z,82,Hospital_3,121150
2026-03-18T20:17:10Z,82,Hospital_1,121150
2026-03-18T20:17:10Z,82,Hospital_4,138250
2026-03-18T20:17:10Z,82,Hospital_5,121150
2026-03-18T20:17:10Z,82,Hospital_2,121150
2026-03-18T20:17:13Z,83,Hospital_1,121150
2026-03-18T20:17:13Z,83,Hospital_5,121150
2026-03-18T20:17:13Z,83,Hospital_2,121150
2026-03-18T20:17:13Z,83,Hospital_3,121150
2026-03-18T20:17:13Z,83,Hospital_4,138250
2026-03-18T20:17:15Z,84,Hospital_3,121150
2026-03-18T20:17:15Z,84,Hospital_2,121150
2026-03-18T20:17:15Z,84,Hospital_4,138250
2026-03-18T20:17:15Z,84,Hospital_5,121150
2026-03-18T20:17:15Z,84,Hospital_1,121150
2026-03-18T20:17:18Z,85,Hospital_3,121150
2026-03-18T20:17:18Z,85,Hospital_2,121150
2026-03-18T20:17:18Z,85,Hospital_5,121150
2026-03-18T20:17:18Z,85,Hospital_4,138250
2026-03-18T20:17:18Z,85,Hospital_1,121138
2026-03-18T20:17:21Z,86,Hospital_1,121150
2026-03-18T20:17:21Z,86,Hospital_2,121150
2026-03-18T20:17:21Z,86,Hospital_4,138250
2026-03-18T20:17:21Z,86,Hospital_3,121150
2026-03-18T20:17:21Z,86,Hospital_5,121150
2026-03-18T20:17:24Z,87,Hospital_1,138250
2026-03-18T20:17:24Z,87,Hospital_2,121150
2026-03-18T20:17:24Z,87,Hospital_5,121150
2026-03-18T20:17:24Z,87,Hospital_3,121150
2026-03-18T20:17:24Z,87,Hospital_4,121150
2026-03-18T20:17:26Z,88,Hospital_5,121150
2026-03-18T20:17:26Z,88,Hospital_1,121150
2026-03-18T20:17:26Z,88,Hospital_2,121150
2026-03-18T20:17:26Z,88,Hospital_4,121150
2026-03-18T20:17:26Z,88,Hospital_3,138250
2026-03-18T20:17:28Z,89,Hospital_1,121150
2026-03-18T20:17:28Z,89,Hospital_4,121150
2026-03-18T20:17:28Z,89,Hospital_5,138250
2026-03-18T20:17:28Z,89,Hospital_3,121150
2026-03-18T20:17:28Z,89,Hospital_2,121150
2026-03-18T20:17:30Z,90,Hospital_5,121150
2026-03-18T20:17:30Z,90,Hospital_4,138250
2026-03-18T20:17:30Z,90,Hospital_3,121150
2026-03-18T20:17:30Z,90,Hospital_1,121138
2026-03-18T20:17:30Z,90,Hospital_2,121138
2026-03-18T20:17:32Z,91,Hospital_3,121138
2026-03-18T20:17:32Z,91,Hospital_4,138250
2026-03-18T20:17:32Z,91,Hospital_5,121150
2026-03-18T20:17:32Z,91,Hospital_1,121150
2026-03-18T20:17:32Z,91,Hospital_2,121150
2026-03-18T20:17:35Z,92,Hospital_2,121150
2026-03-18T20:17:35Z,92,Hospital_3,121150
2026-03-18T20:17:35Z,92,Hospital_4,138250
2026-03-18T20:17:35Z,92,Hospital_1,121150
2026-03-18T20:17:35Z,92,Hospital_5,121150
2026-03-18T20:17:38Z,93,Hospital_2,121150
2026-03-18T20:17:38Z,93,Hospital_5,121150
2026-03-18T20:17:38Z,93,Hospital_4,138250
2026-03-18T20:17:38Z,93,Hospital_1,121150
2026-03-18T20:17:38Z,93,Hospital_3,121150
2026-03-18T20:17:41Z,94,Hospital_1,121150
2026-03-18T20:17:41Z,94,Hospital_2,121150
2026-03-18T20:17:41Z,94,Hospital_3,121150
2026-03-18T20:17:41Z,94,Hospital_5,121150
2026-03-18T20:17:41Z,94,Hospital_4,138250
2026-03-18T20:17:43Z,95,Hospital_1,121150
2026-03-18T20:17:43Z,95,Hospital_3,121150
2026-03-18T20:17:43Z,95,Hospital_5,121150
2026-03-18T20:17:43Z,95,Hospital_2,121150
2026-03-18T20:17:43Z,95,Hospital_4,138250
2026-03-18T20:17:45Z,96,Hospital_1,121150
2026-03-18T20:17:45Z,96,Hospital_5,121150
2026-03-18T20:17:45Z,96,Hospital_3,121150
2026-03-18T20:17:45Z,96,Hospital_2,121150
2026-03-18T20:17:45Z,96,Hospital_4,138250
2026-03-18T20:17:47Z,97,Hospital_2,121150
2026-03-18T20:17:47Z,97,Hospital_5,121150
2026-03-18T20:17:47Z,97,Hospital_3,121150
2026-03-18T20:17:47Z,97,Hospital_1,121150
2026-03-18T20:17:47Z,97,Hospital_4,138250
2026-03-18T20:17:50Z,98,Hospital_2,121150
2026-03-18T20:17:50Z,98,Hospital_3,121150
2026-03-18T20:17:50Z,98,Hospital_4,138250
2026-03-18T20:17:50Z,98,Hospital_5,121150
2026-03-18T20:17:50Z,98,Hospital_1,121150
2026-03-18T20:17:54Z,99,Hospital_1,121150
2026-03-18T20:17:54Z,99,Hospital_3,121150
2026-03-18T20:17:54Z,99,Hospital_2,121150
2026-03-18T20:17:54Z,99,Hospital_5,121150
2026-03-18T20:17:54Z,99,Hospital_4,138250
2026-03-18T20:17:57Z,100,Hospital_5,121150
2026-03-18T20:17:57Z,100,Hospital_2,138250
2026-03-18T20:17:57Z,100,Hospital_4,121150
2026-03-18T20:17:57Z,100,Hospital_1,121150
2026-03-18T20:17:57Z,100,Hospital_3,121150
2026-03-18T20:19:56Z,1,Hospital_5,121138
2026-03-18T20:19:56Z,1,Hospital_2,121138
2026-03-18T20:19:56Z,1,Hospital_1,121150
2026-03-18T20:19:56Z,1,Hospital_4,121150
2026-03-18T20:19:56Z,1,Hospital_3,138250
2026-03-18T20:19:58Z,2,Hospital_3,138250
2026-03-18T20:19:58Z,2,Hospital_2,121150
2026-03-18T20:19:58Z,2,Hospital_5,121138
2026-03-18T20:19:58Z,2,Hospital_4,121150
2026-03-18T20:19:58Z,2,Hospital_1,121150
2026-03-18T20:20:00Z,3,Hospital_5,121150
2026-03-18T20:20:00Z,3,Hospital_2,121150
2026-03-18T20:20:00Z,3,Hospital_3,121150
2026-03-18T20:20:00Z,3,Hospital_4,121150
2026-03-18T20:20:00Z,3,Hospital_1,138250
2026-03-18T20:20:02Z,4,Hospital_1,121150
2026-03-18T20:20:02Z,4,Hospital_2,121150
2026-03-18T20:20:02Z,4,Hospital_3,121150
2026-03-18T20:20:02Z,4,Hospital_4,121150
2026-03-18T20:20:02Z,4,Hospital_5,138250
2026-03-18T20:20:03Z,5,Hospital_1,138250
2026-03-18T20:20:03Z,5,Hospital_3,121150
2026-03-18T20:20:03Z,5,Hospital_5,121150
2026-03-18T20:20:03Z,5,Hospital_2,121150
2026-03-18T20:20:03Z,5,Hospital_4,121138
2026-03-18T20:20:05Z,6,Hospital_3,121150
2026-03-18T20:20:05Z,6,Hospital_2,138250
2026-03-18T20:20:05Z,6,Hospital_4,121150
2026-03-18T20:20:05Z,6,Hospital_1,121150
2026-03-18T20:20:05Z,6,Hospital_5,121150
2026-03-18T20:20:06Z,7,Hospital_4,121150
2026-03-18T20:20:06Z,7,Hospital_5,138250
2026-03-18T20:20:06Z,7,Hospital_2,121150
2026-03-18T20:20:06Z,7,Hospital_3,121150
2026-03-18T20:20:06Z,7,Hospital_1,121150
2026-03-18T20:20:08Z,8,Hospital_3,121150
2026-03-18T20:20:08Z,8,Hospital_5,121150
2026-03-18T20:20:08Z,8,Hospital_4,121150
2026-03-18T20:20:08Z,8,Hospital_1,138250
2026-03-18T20:20:08Z,8,Hospital_2,121150
2026-03-18T20:20:10Z,9,Hospital_3,121138
2026-03-18T20:20:10Z,9,Hospital_4,121150
2026-03-18T20:20:10Z,9,Hospital_1,121150
2026-03-18T20:20:10Z,9,Hospital_2,121138
2026-03-18T20:20:10Z,9,Hospital_5,138250
2026-03-18T20:20:41Z,10,Hospital_3,121150
2026-03-18T20:20:41Z,10,Hospital_2,121138
2026-03-18T20:20:41Z,10,Hospital_4,121150
2026-03-18T20:20:41Z,10,Hospital_1,138250
2026-03-18T20:20:41Z,10,Hospital_5,121150
2026-03-18T20:21:13Z,11,Hospital_2,121150
2026-03-18T20:21:13Z,11,Hospital_5,138250
2026-03-18T20:21:13Z,11,Hospital_4,121150
2026-03-18T20:21:13Z,11,Hospital_3,121150
2026-03-18T20:21:13Z,11,Hospital_1,121150
2026-03-18T20:21:14Z,12,Hospital_5,121150
2026-03-18T20:21:14Z,12,Hospital_2,121150
2026-03-18T20:21:14Z,12,Hospital_3,121150
2026-03-18T20:21:14Z,12,Hospital_4,121150
2026-03-18T20:21:14Z,12,Hospital_1,138250
2026-03-18T20:21:16Z,13,Hospital_5,138250
2026-03-18T20:21:16Z,13,Hospital_3,121150
2026-03-18T20:21:16Z,13,Hospital_4,121150
2026-03-18T20:21:16Z,13,Hospital_2,121150
2026-03-18T20:21:16Z,13,Hospital_1,121126
2026-03-18T20:21:17Z,14,Hospital_4,121138
2026-03-18T20:21:17Z,14,Hospital_5,121150
2026-03-18T20:21:17Z,14,Hospital_2,138250
2026-03-18T20:21:17Z,14,Hospital_1,121150
2026-03-18T20:21:17Z,14,Hospital_3,121150
2026-03-18T20:21:19Z,15,Hospital_2,138250
2026-03-18T20:21:19Z,15,Hospital_5,121150
2026-03-18T20:21:19Z,15,Hospital_4,121150
2026-03-18T20:21:19Z,15,Hospital_3,121150
2026-03-18T20:21:19Z,15,Hospital_1,121150
2026-03-18T20:22:55Z,1,Hospital_3,121150
2026-03-18T20:22:55Z,1,Hospital_2,138250
2026-03-18T20:22:55Z,1,Hospital_5,121150
2026-03-18T20:22:55Z,1,Hospital_4,121150
2026-03-18T20:22:55Z,1,Hospital_1,121150
2026-03-18T20:22:56Z,2,Hospital_1,121150
2026-03-18T20:22:56Z,2,Hospital_3,138250
2026-03-18T20:22:56Z,2,Hospital_5,121150
2026-03-18T20:22:56Z,2,Hospital_4,121150
2026-03-18T20:22:56Z,2,Hospital_2,121150
2026-03-18T20:22:59Z,3,Hospital_2,121150
2026-03-18T20:22:59Z,3,Hospital_5,138250
2026-03-18T20:22:59Z,3,Hospital_4,121150
2026-03-18T20:22:59Z,3,Hospital_1,121150
2026-03-18T20:22:59Z,3,Hospital_3,121150
2026-03-18T20:23:02Z,4,Hospital_2,121150
2026-03-18T20:23:02Z,4,Hospital_4,121138
2026-03-18T20:23:02Z,4,Hospital_3,138250
2026-03-18T20:23:02Z,4,Hospital_1,121150
2026-03-18T20:23:02Z,4,Hospital_5,121150
2026-03-18T20:23:03Z,5,Hospital_1,121150
2026-03-18T20:23:03Z,5,Hospital_5,138250
2026-03-18T20:23:03Z,5,Hospital_3,121150
2026-03-18T20:23:03Z,5,Hospital_2,121150
2026-03-18T20:23:03Z,5,Hospital_4,121150
2026-03-18T20:23:05Z,6,Hospital_1,121150
2026-03-18T20:23:05Z,6,Hospital_3,121150
2026-03-18T20:23:05Z,6,Hospital_4,138250
2026-03-18T20:23:05Z,6,Hospital_5,121150
2026-03-18T20:23:05Z,6,Hospital_2,121150
2026-03-18T20:23:07Z,7,Hospital_1,121150
2026-03-18T20:23:07Z,7,Hospital_4,121150
2026-03-18T20:23:07Z,7,Hospital_2,138250
2026-03-18T20:23:07Z,7,Hospital_3,121150
2026-03-18T20:23:07Z,7,Hospital_5,121150
2026-03-18T20:23:09Z,8,Hospital_3,121150
2026-03-18T20:23:09Z,8,Hospital_2,121150
2026-03-18T20:23:09Z,8,Hospital_4,138250
2026-03-18T20:23:09Z,8,Hospital_5,121150
2026-03-18T20:23:09Z,8,Hospital_1,121138
2026-03-18T20:23:11Z,9,Hospital_3,121150
2026-03-18T20:23:11Z,9,Hospital_2,138250
2026-03-18T20:23:11Z,9,Hospital_1,121138
2026-03-18T20:23:11Z,9,Hospital_5,121150
2026-03-18T20:23:11Z,9,Hospital_4,121150
2026-03-18T20:23:15Z,10,Hospital_2,138250
2026-03-18T20:23:15Z,10,Hospital_1,121150
2026-03-18T20:23:15Z,10,Hospital_4,121150
2026-03-18T20:23:15Z,10,Hospital_5,121150
2026-03-18T20:23:15Z,10,Hospital_3,121150
2026-03-18T20:23:17Z,11,Hospital_4,121150
2026-03-18T20:23:17Z,11,Hospital_3,121150
2026-03-18T20:23:17Z,11,Hospital_1,121138
2026-03-18T20:23:17Z,11,Hospital_2,121150
2026-03-18T20:23:17Z,11,Hospital_5,138250
2026-03-18T20:23:49Z,12,Hospital_5,121150
2026-03-18T20:23:49Z,12,Hospital_1,121138
2026-03-18T20:23:49Z,12,Hospital_4,121150
2026-03-18T20:23:49Z,12,Hospital_3,138250
2026-03-18T20:23:49Z,12,Hospital_2,121150
2026-03-18T20:23:51Z,13,Hospital_5,121150
2026-03-18T20:23:51Z,13,Hospital_1,121150
2026-03-18T20:23:51Z,13,Hospital_2,138250
2026-03-18T20:23:51Z,13,Hospital_3,121150
2026-03-18T20:23:51Z,13,Hospital_4,121150
2026-03-18T20:23:53Z,14,Hospital_5,138250
2026-03-18T20:23:53Z,14,Hospital_4,121150
2026-03-18T20:23:53Z,14,Hospital_2,121150
2026-03-18T20:23:53Z,14,Hospital_1,121150
2026-03-18T20:23:53Z,14,Hospital_3,121150
2026-03-18T20:23:54Z,15,Hospital_5,121138
2026-03-18T20:23:54Z,15,Hospital_1,121150
2026-03-18T20:23:54Z,15,Hospital_2,121150
2026-03-18T20:23:54Z,15,Hospital_3,121150
2026-03-18T20:23:54Z,15,Hospital_4,138250
2026-03-18T20:25:26Z,1,Hospital_3,138250
2026-03-18T20:25:26Z,1,Hospital_5,121150
2026-03-18T20:25:26Z,1,Hospital_1,121150
2026-03-18T20:25:26Z,1,Hospital_4,121150
2026-03-18T20:25:32Z,2,Hospital_1,121150
2026-03-18T20:25:32Z,2,Hospital_3,121150
2026-03-18T20:25:32Z,2,Hospital_2,138250
2026-03-18T20:25:32Z,2,Hospital_4,121138
2026-03-18T20:25:32Z,2,Hospital_5,121138
2026-03-18T20:25:34Z,3,Hospital_3,121150
2026-03-18T20:25:34Z,3,Hospital_4,138250
2026-03-18T20:25:34Z,3,Hospital_2,121150
2026-03-18T20:25:34Z,3,Hospital_5,121150
2026-03-18T20:25:34Z,3,Hospital_1,121150
2026-03-18T20:25:36Z,4,Hospital_2,121150
2026-03-18T20:25:36Z,4,Hospital_3,121150
2026-03-18T20:25:36Z,4,Hospital_1,121150
2026-03-18T20:25:36Z,4,Hospital_4,138250
2026-03-18T20:25:36Z,4,Hospital_5,121150
2026-03-18T20:25:38Z,5,Hospital_4,121150
2026-03-18T20:25:38Z,5,Hospital_5,121150
2026-03-18T20:25:38Z,5,Hospital_1,138250
2026-03-18T20:25:38Z,5,Hospital_2,121150
2026-03-18T20:25:38Z,5,Hospital_3,121150
2026-03-18T20:25:40Z,6,Hospital_2,121150
2026-03-18T20:25:40Z,6,Hospital_5,121150
2026-03-18T20:25:40Z,6,Hospital_3,121150
2026-03-18T20:25:40Z,6,Hospital_4,138250
2026-03-18T20:25:40Z,6,Hospital_1,121150
2026-03-18T20:25:41Z,7,Hospital_2,121138
2026-03-18T20:25:41Z,7,Hospital_1,121150
2026-03-18T20:25:41Z,7,Hospital_5,121126
2026-03-18T20:25:41Z,7,Hospital_4,138250
2026-03-18T20:25:41Z,7,Hospital_3,121150
2026-03-18T20:25:43Z,8,Hospital_4,138250
2026-03-18T20:25:43Z,8,Hospital_3,121150
2026-03-18T20:25:43Z,8,Hospital_5,121138
2026-03-18T20:25:43Z,8,Hospital_1,121150
2026-03-18T20:25:43Z,8,Hospital_2,121150
2026-03-18T20:25:44Z,9,Hospital_4,121150
2026-03-18T20:25:44Z,9,Hospital_1,121150
2026-03-18T20:25:44Z,9,Hospital_3,138250
2026-03-18T20:25:44Z,9,Hospital_5,121150
2026-03-18T20:25:44Z,9,Hospital_2,121150
2026-03-18T20:25:46Z,10,Hospital_4,138238
2026-03-18T20:25:46Z,10,Hospital_2,121138
2026-03-18T20:25:46Z,10,Hospital_1,121138
2026-03-18T20:25:46Z,10,Hospital_3,121150
2026-03-18T20:25:46Z,10,Hospital_5,121150
2026-03-18T20:25:48Z,11,Hospital_5,121150
2026-03-18T20:25:48Z,11,Hospital_2,121150
2026-03-18T20:25:48Z,11,Hospital_3,121150
2026-03-18T20:25:48Z,11,Hospital_4,138250
2026-03-18T20:25:48Z,11,Hospital_1,121150
2026-03-18T20:25:51Z,12,Hospital_1,121150
2026-03-18T20:25:51Z,12,Hospital_3,121138
2026-03-18T20:25:51Z,12,Hospital_5,121150
2026-03-18T20:25:51Z,12,Hospital_4,138250
2026-03-18T20:25:51Z,12,Hospital_2,121150
2026-03-18T20:25:53Z,13,Hospital_4,138238
2026-03-18T20:25:53Z,13,Hospital_1,121150
2026-03-18T20:25:53Z,13,Hospital_2,121150
2026-03-18T20:25:53Z,13,Hospital_5,121150
2026-03-18T20:25:53Z,13,Hospital_3,121150
2026-03-18T20:25:55Z,14,Hospital_5,121138
2026-03-18T20:25:55Z,14,Hospital_3,121150
2026-03-18T20:25:55Z,14,Hospital_4,138238
2026-03-18T20:25:55Z,14,Hospital_1,121138
2026-03-18T20:25:55Z,14,Hospital_2,121150
2026-03-18T20:25:57Z,15,Hospital_1,121150
2026-03-18T20:25:57Z,15,Hospital_3,121150
2026-03-18T20:25:57Z,15,Hospital_2,121150
2026-03-18T20:25:57Z,15,Hospital_5,121150
2026-03-18T20:25:57Z,15,Hospital_4,138250
2026-03-18T20:27:33Z,1,Hospital_1,121150
2026-03-18T20:27:33Z,1,Hospital_2,138250
2026-03-18T20:27:33Z,1,Hospital_4,121150
2026-03-18T20:27:33Z,1,Hospital_3,121150
2026-03-18T20:27:33Z,1,Hospital_5,121150
2026-03-18T20:28:05Z,2,Hospital_5,121150
2026-03-18T20:28:05Z,2,Hospital_1,121138
2026-03-18T20:28:05Z,2,Hospital_3,121150
2026-03-18T20:28:05Z,2,Hospital_2,121150
2026-03-18T20:28:05Z,2,Hospital_4,138250
2026-03-18T20:28:06Z,3,Hospital_4,121150
2026-03-18T20:28:06Z,3,Hospital_1,121138
2026-03-18T20:28:06Z,3,Hospital_2,138250
2026-03-18T20:28:06Z,3,Hospital_3,121150
2026-03-18T20:28:06Z,3,Hospital_5,121150
2026-03-18T20:28:08Z,4,Hospital_2,121150
2026-03-18T20:28:08Z,4,Hospital_1,138250
2026-03-18T20:28:08Z,4,Hospital_4,121150
2026-03-18T20:28:08Z,4,Hospital_5,121150
2026-03-18T20:28:08Z,4,Hospital_3,121150
2026-03-18T20:28:10Z,5,Hospital_1,121150
2026-03-18T20:28:10Z,5,Hospital_2,121150
2026-03-18T20:28:10Z,5,Hospital_3,121138
2026-03-18T20:28:10Z,5,Hospital_4,138250
2026-03-18T20:28:10Z,5,Hospital_5,121150
2026-03-18T20:28:43Z,6,Hospital_2,121150
2026-03-18T20:28:43Z,6,Hospital_3,121150
2026-03-18T20:28:43Z,6,Hospital_5,138250
2026-03-18T20:28:43Z,6,Hospital_1,121150
2026-03-18T20:28:43Z,6,Hospital_4,121150
2026-03-18T20:28:44Z,7,Hospital_1,121150
2026-03-18T20:28:44Z,7,Hospital_2,121138
2026-03-18T20:28:44Z,7,Hospital_4,138250
2026-03-18T20:28:44Z,7,Hospital_3,121150
2026-03-18T20:28:44Z,7,Hospital_5,121150
2026-03-18T20:28:46Z,8,Hospital_3,121150
2026-03-18T20:28:46Z,8,Hospital_2,121150
2026-03-18T20:28:46Z,8,Hospital_4,138250
2026-03-18T20:28:46Z,8,Hospital_1,121150
2026-03-18T20:28:46Z,8,Hospital_5,121150
2026-03-18T20:28:48Z,9,Hospital_4,121138
2026-03-18T20:28:48Z,9,Hospital_5,121150
2026-03-18T20:28:48Z,9,Hospital_2,121138
2026-03-18T20:28:48Z,9,Hospital_3,138250
2026-03-18T20:28:48Z,9,Hospital_1,121150
2026-03-18T20:28:51Z,10,Hospital_3,121138
2026-03-18T20:28:51Z,10,Hospital_2,121150
2026-03-18T20:28:51Z,10,Hospital_4,138250
2026-03-18T20:28:51Z,10,Hospital_1,121150
2026-03-18T20:28:51Z,10,Hospital_5,121150
2026-03-18T20:29:23Z,11,Hospital_2,121150
2026-03-18T20:29:23Z,11,Hospital_4,138250
2026-03-18T20:29:23Z,11,Hospital_1,121150
2026-03-18T20:29:23Z,11,Hospital_5,121150
2026-03-18T20:29:23Z,11,Hospital_3,121150
2026-03-18T20:29:25Z,12,Hospital_2,121150
2026-03-18T20:29:25Z,12,Hospital_5,121138
2026-03-18T20:29:25Z,12,Hospital_4,138250
2026-03-18T20:29:25Z,12,Hospital_1,121150
2026-03-18T20:29:25Z,12,Hospital_3,121150
2026-03-18T20:29:27Z,13,Hospital_2,121150
2026-03-18T20:29:27Z,13,Hospital_3,121150
2026-03-18T20:29:27Z,13,Hospital_4,121150
2026-03-18T20:29:27Z,13,Hospital_1,121150
2026-03-18T20:29:27Z,13,Hospital_5,138250
2026-03-18T20:29:29Z,14,Hospital_1,138250
2026-03-18T20:29:29Z,14,Hospital_4,121150
2026-03-18T20:29:29Z,14,Hospital_3,121150
2026-03-18T20:29:29Z,14,Hospital_5,121150
2026-03-18T20:29:29Z,14,Hospital_2,121150
2026-03-18T20:29:30Z,15,Hospital_1,121150
2026-03-18T20:29:30Z,15,Hospital_3,121150
2026-03-18T20:29:30Z,15,Hospital_2,121126
2026-03-18T20:29:30Z,15,Hospital_4,138250
2026-03-18T20:29:30Z,15,Hospital_5,121150
2026-03-18T20:31:07Z,1,Hospital_5,121150
2026-03-18T20:31:07Z,1,Hospital_4,121150
2026-03-18T20:31:07Z,1,Hospital_1,121150
2026-03-18T20:31:07Z,1,Hospital_3,138250
2026-03-18T20:31:07Z,1,Hospital_2,121150
2026-03-18T20:31:08Z,2,Hospital_5,121150
2026-03-18T20:31:08Z,2,Hospital_4,121150
2026-03-18T20:31:08Z,2,Hospital_2,138250
2026-03-18T20:31:08Z,2,Hospital_3,121150
2026-03-18T20:31:08Z,2,Hospital_1,121150
2026-03-18T20:31:10Z,3,Hospital_2,121138
2026-03-18T20:31:10Z,3,Hospital_5,121138
2026-03-18T20:31:10Z,3,Hospital_3,121138
2026-03-18T20:31:10Z,3,Hospital_1,121138
2026-03-18T20:31:10Z,3,Hospital_4,138238
2026-03-18T20:31:11Z,4,Hospital_1,121150
2026-03-18T20:31:11Z,4,Hospital_5,121150
2026-03-18T20:31:11Z,4,Hospital_3,121150
2026-03-18T20:31:11Z,4,Hospital_2,121150
2026-03-18T20:31:11Z,4,Hospital_4,138250
2026-03-18T20:31:13Z,5,Hospital_5,121150
2026-03-18T20:31:13Z,5,Hospital_4,121150
2026-03-18T20:31:13Z,5,Hospital_1,121150
2026-03-18T20:31:13Z,5,Hospital_3,121150
2026-03-18T20:31:13Z,5,Hospital_2,138250
2026-03-18T20:31:15Z,6,Hospital_4,121150
2026-03-18T20:31:15Z,6,Hospital_2,121150
2026-03-18T20:31:15Z,6,Hospital_1,121150
2026-03-18T20:31:15Z,6,Hospital_3,121150
2026-03-18T20:31:15Z,6,Hospital_5,138250
2026-03-18T20:31:17Z,7,Hospital_4,121126
2026-03-18T20:31:17Z,7,Hospital_3,121126
2026-03-18T20:31:17Z,7,Hospital_2,138226
2026-03-18T20:31:17Z,7,Hospital_5,121126
2026-03-18T20:31:17Z,7,Hospital_1,121126
2026-03-18T20:31:19Z,8,Hospital_3,138238
2026-03-18T20:31:19Z,8,Hospital_4,121138
2026-03-18T20:31:19Z,8,Hospital_5,121138
2026-03-18T20:31:19Z,8,Hospital_1,121138
2026-03-18T20:31:19Z,8,Hospital_2,121138
2026-03-18T20:31:21Z,9,Hospital_1,121150
2026-03-18T20:31:21Z,9,Hospital_2,121150
2026-03-18T20:31:21Z,9,Hospital_3,121150
2026-03-18T20:31:21Z,9,Hospital_5,138250
2026-03-18T20:31:21Z,9,Hospital_4,121150
2026-03-18T20:31:23Z,10,Hospital_1,138250
2026-03-18T20:31:23Z,10,Hospital_3,121150
2026-03-18T20:31:23Z,10,Hospital_2,121150
2026-03-18T20:31:23Z,10,Hospital_5,121150
2026-03-18T20:31:23Z,10,Hospital_4,121150
2026-03-18T20:31:24Z,11,Hospital_3,121150
2026-03-18T20:31:24Z,11,Hospital_5,138250
2026-03-18T20:31:24Z,11,Hospital_4,121150
2026-03-18T20:31:24Z,11,Hospital_2,121150
2026-03-18T20:31:24Z,11,Hospital_1,121150
2026-03-18T20:33:02Z,1,Hospital_1,121150
2026-03-18T20:33:02Z,1,Hospital_4,121138
2026-03-18T20:33:02Z,1,Hospital_5,121150
2026-03-18T20:33:02Z,1,Hospital_2,121150
2026-03-18T20:33:02Z,1,Hospital_3,138250
2026-03-18T20:33:04Z,2,Hospital_3,121150
2026-03-18T20:33:04Z,2,Hospital_5,121150
2026-03-18T20:33:04Z,2,Hospital_4,121150
2026-03-18T20:33:04Z,2,Hospital_2,121138
2026-03-18T20:33:04Z,2,Hospital_1,138250
2026-03-18T20:33:06Z,3,Hospital_5,121150
2026-03-18T20:33:06Z,3,Hospital_3,121150
2026-03-18T20:33:06Z,3,Hospital_2,138250
2026-03-18T20:33:06Z,3,Hospital_1,121150
2026-03-18T20:33:06Z,3,Hospital_4,121150
2026-03-18T20:33:09Z,4,Hospital_1,138250
2026-03-18T20:33:09Z,4,Hospital_3,121150
2026-03-18T20:33:09Z,4,Hospital_2,121150
2026-03-18T20:33:09Z,4,Hospital_4,121150
2026-03-18T20:33:09Z,4,Hospital_5,121150
2026-03-18T20:33:11Z,5,Hospital_3,121150
2026-03-18T20:33:11Z,5,Hospital_2,121150
2026-03-18T20:33:11Z,5,Hospital_1,121150
2026-03-18T20:33:11Z,5,Hospital_5,138250
2026-03-18T20:33:11Z,5,Hospital_4,121150
2026-03-18T20:33:43Z,6,Hospital_3,121150
2026-03-18T20:33:43Z,6,Hospital_4,121150
2026-03-18T20:33:43Z,6,Hospital_5,121150
2026-03-18T20:33:43Z,6,Hospital_1,121150
2026-03-18T20:33:43Z,6,Hospital_2,138250
2026-03-18T20:33:45Z,7,Hospital_5,121150
2026-03-18T20:33:45Z,7,Hospital_3,121150
2026-03-18T20:33:45Z,7,Hospital_2,121150
2026-03-18T20:33:45Z,7,Hospital_1,138250
2026-03-18T20:33:45Z,7,Hospital_4,121150
2026-03-18T20:33:47Z,8,Hospital_5,121150
2026-03-18T20:33:47Z,8,Hospital_4,121150
2026-03-18T20:33:47Z,8,Hospital_1,138250
2026-03-18T20:33:47Z,8,Hospital_2,121150
2026-03-18T20:33:47Z,8,Hospital_3,121150
2026-03-18T20:33:49Z,9,Hospital_5,138238
2026-03-18T20:33:49Z,9,Hospital_4,121150
2026-03-18T20:33:49Z,9,Hospital_3,121150
2026-03-18T20:33:49Z,9,Hospital_2,121150
2026-03-18T20:33:49Z,9,Hospital_1,121150
2026-03-18T20:33:52Z,10,Hospital_2,138250
2026-03-18T20:33:52Z,10,Hospital_1,121150
2026-03-18T20:33:52Z,10,Hospital_5,121138
2026-03-18T20:33:52Z,10,Hospital_3,121150
2026-03-18T20:33:52Z,10,Hospital_4,121150
2026-03-18T20:33:55Z,11,Hospital_3,121150
2026-03-18T20:33:55Z,11,Hospital_4,121114
2026-03-18T20:33:55Z,11,Hospital_2,121150
2026-03-18T20:33:55Z,11,Hospital_5,138250
2026-03-18T20:33:55Z,11,Hospital_1,121138
2026-03-18T20:33:57Z,12,Hospital_4,121150
2026-03-18T20:33:57Z,12,Hospital_3,138250
2026-03-18T20:33:57Z,12,Hospital_1,121138
2026-03-18T20:33:57Z,12,Hospital_2,121150
2026-03-18T20:33:57Z,12,Hospital_5,121150
2026-03-18T20:33:59Z,13,Hospital_2,121150
2026-03-18T20:33:59Z,13,Hospital_1,121150
2026-03-18T20:33:59Z,13,Hospital_4,138250
2026-03-18T20:33:59Z,13,Hospital_3,121150
2026-03-18T20:33:59Z,13,Hospital_5,121150
2026-03-18T20:34:00Z,14,Hospital_5,138250
2026-03-18T20:34:00Z,14,Hospital_1,121150
2026-03-18T20:34:00Z,14,Hospital_4,121150
2026-03-18T20:34:00Z,14,Hospital_2,121138
2026-03-18T20:34:00Z,14,Hospital_3,121150
2026-03-18T20:34:02Z,15,Hospital_4,121150
2026-03-18T20:34:02Z,15,Hospital_1,138250
2026-03-18T20:34:02Z,15,Hospital_2,121150
2026-03-18T20:34:02Z,15,Hospital_5,121150
2026-03-18T20:34:02Z,15,Hospital_3,121150
2026-03-18T21:16:17Z,1,Hospital_5,121138
2026-03-18T21:16:17Z,1,Hospital_1,121138
2026-03-18T21:16:17Z,1,Hospital_4,138238
2026-03-18T21:16:17Z,1,Hospital_3,121138
2026-03-18T21:16:17Z,1,Hospital_2,121138
2026-03-18T21:16:20Z,2,Hospital_3,121138
2026-03-18T21:16:20Z,2,Hospital_1,121138
2026-03-18T21:16:20Z,2,Hospital_5,121138
2026-03-18T21:16:20Z,2,Hospital_4,138238
2026-03-18T21:16:20Z,2,Hospital_2,121126
2026-03-18T21:16:23Z,3,Hospital_4,138226
2026-03-18T21:16:23Z,3,Hospital_5,121138
2026-03-18T21:16:23Z,3,Hospital_3,121138
2026-03-18T21:16:23Z,3,Hospital_2,121138
2026-03-18T21:16:23Z,3,Hospital_1,121138
2026-03-18T21:16:26Z,4,Hospital_1,121138
2026-03-18T21:16:26Z,4,Hospital_4,138226
2026-03-18T21:16:26Z,4,Hospital_2,121138
2026-03-18T21:16:26Z,4,Hospital_3,121138
2026-03-18T21:16:26Z,4,Hospital_5,121138
2026-03-18T21:16:29Z,5,Hospital_3,121138
2026-03-18T21:16:29Z,5,Hospital_1,121138
2026-03-18T21:16:29Z,5,Hospital_2,121138
2026-03-18T21:16:29Z,5,Hospital_5,121138
2026-03-18T21:16:29Z,5,Hospital_4,138214
2026-03-18T21:16:31Z,6,Hospital_3,121138
2026-03-18T21:16:31Z,6,Hospital_5,121138
2026-03-18T21:16:31Z,6,Hospital_1,121138
2026-03-18T21:16:31Z,6,Hospital_2,121138
2026-03-18T21:16:31Z,6,Hospital_4,138238
2026-03-18T21:16:33Z,7,Hospital_4,138238
2026-03-18T21:16:33Z,7,Hospital_3,121138
2026-03-18T21:16:33Z,7,Hospital_1,121138
2026-03-18T21:16:33Z,7,Hospital_2,121138
2026-03-18T21:16:33Z,7,Hospital_5,121138
2026-03-18T21:16:35Z,8,Hospital_1,121138
2026-03-18T21:16:35Z,8,Hospital_4,138238
2026-03-18T21:16:35Z,8,Hospital_5,121138
2026-03-18T21:16:35Z,8,Hospital_2,121138
2026-03-18T21:16:35Z,8,Hospital_3,121138
2026-03-18T21:16:37Z,9,Hospital_4,138238
2026-03-18T21:16:37Z,9,Hospital_5,121138
2026-03-18T21:16:37Z,9,Hospital_3,121138
2026-03-18T21:16:37Z,9,Hospital_1,121138
2026-03-18T21:16:37Z,9,Hospital_2,121138
2026-03-18T21:16:40Z,10,Hospital_5,121138
2026-03-18T21:16:40Z,10,Hospital_1,121138
2026-03-18T21:16:40Z,10,Hospital_2,121126
2026-03-18T21:16:40Z,10,Hospital_4,138238
2026-03-18T21:16:40Z,10,Hospital_3,121138
2026-03-18T21:16:42Z,11,Hospital_2,121138
2026-03-18T21:16:42Z,11,Hospital_1,121138
2026-03-18T21:16:42Z,11,Hospital_4,138238
2026-03-18T21:16:42Z,11,Hospital_5,121138
2026-03-18T21:16:42Z,11,Hospital_3,121138
2026-03-18T21:16:44Z,12,Hospital_4,138238
2026-03-18T21:16:44Z,12,Hospital_2,121138
2026-03-18T21:16:44Z,12,Hospital_5,121126
2026-03-18T21:16:44Z,12,Hospital_3,121138
2026-03-18T21:16:44Z,12,Hospital_1,121138
2026-03-18T21:16:46Z,13,Hospital_4,138226
2026-03-18T21:16:46Z,13,Hospital_3,121138
2026-03-18T21:16:46Z,13,Hospital_5,121126
2026-03-18T21:16:46Z,13,Hospital_1,121138
2026-03-18T21:16:46Z,13,Hospital_2,121138
2026-03-18T21:16:48Z,14,Hospital_2,121138
2026-03-18T21:16:48Z,14,Hospital_3,138238
2026-03-18T21:16:48Z,14,Hospital_4,121126
2026-03-18T21:16:48Z,14,Hospital_1,121138
2026-03-18T21:16:48Z,14,Hospital_5,121138
2026-03-18T21:16:51Z,15,Hospital_3,121126
2026-03-18T21:16:51Z,15,Hospital_4,138238
2026-03-18T21:16:51Z,15,Hospital_2,121126
2026-03-18T21:16:51Z,15,Hospital_1,121138
2026-03-18T21:16:51Z,15,Hospital_5,121138
